Warīsān,25.16744,55.40708,108759
Umm Al Quwain City,25.56473,55.55517,59098
Ţarīf Kalbā,25.0695,56.33115,51000
Ras Al Khaimah,25.78953,55.9432,351943
Zayed City,23.65416,53.70522,63482
Dubai,25.07725,55.30927,3790000
Dayrah,25.27143,55.30207,400000
Sharjah,25.3342,55.41221,1800000
Fujairah,25.11641,56.34141,118933
Al Ain City,24.19167,55.76056,846747
Ajman,25.40177,55.47878,490035
Abu Dhabi,24.45118,54.39696,1807000
Al Karama,25.24004,55.30106,75560
Khalifah A City,24.42588,54.605,85374
Mirdif,25.22443,55.41412,60288
Hawr al ‘Anz,25.27744,55.33675,84661
Nāyf,25.27139,55.30323,53075
Al Warqaa,25.19272,55.42013,59111
International City,25.16383,55.40987,120000
Dubai Marina,25.08525,55.14646,120000
Ar Rumaylah,25.40338,55.4334,86000
Al Majaz,25.32354,55.38774,116503
Dubai Festival City,25.22177,55.35733,77000
Dubai Investments Park,25.00827,55.15682,160000
Jebel Ali,25.00255,55.10811,210000
Bani Yas City,24.30978,54.62944,80498
Musaffah,24.35893,54.48267,243341
Al Shamkhah City,24.39268,54.70779,61710
Reef Al Fujairah City,25.14479,56.24764,82310
Dubai Silicon Oasis,25.11985,55.38718,90000
Business Bay,25.18544,55.26969,191000
Al Sajaah,25.31532,55.63211,53079
Lahbab,25.03763,55.59135,53079
Mohammed Bin Zayed City,24.34794,54.55368,85000
Bāzār-e Yakāwlang,34.73525,66.97379,65000
Taloqan,36.73605,69.53451,64256
Shibirghān,36.66757,65.7529,55641
Sar-e Pul,36.21544,65.93249,52121
Pul-e Khumrī,35.94458,68.71512,56369
Maymana,35.92139,64.78361,75900
Mazār-e Sharīf,36.70904,67.11087,523300
Kunduz,36.72895,68.857,161902
Khōst,33.33951,69.92041,96123
Khulm,36.69736,67.69826,64933
Khanabad,36.68304,69.11279,71531
Kandahār,31.61332,65.71013,523300
Kabul,34.52813,69.17233,4434550
Jalālābād,34.42647,70.45153,271900
Herāt,34.34817,62.19967,574300
Ghazni,33.55391,68.42096,141000
Gardez,33.59744,69.22592,103601
Charikar,35.01361,69.17139,53676
Bāmyān,34.82156,67.82734,61863
Balkh,36.75635,66.8972,114883
Bagrām,34.96694,69.265,113173
Baghlān,36.13068,68.70829,108449
Bāzārak,35.31292,69.51519,65000
Saint John’s,17.12096,-61.84329,51737
Korçë,40.61861,20.78083,58259
Elbasan,41.11138,20.08224,100903
Vlorë,40.4696,19.48379,115261
Tirana,41.32744,19.81866,418495
Shkodër,42.06828,19.51258,95553
Lushnjë,40.94194,19.705,63135
Krujë,41.50917,19.79278,51191
Fier-Çifçi,40.71667,19.56667,60995
Fier,40.7251,19.55823,56297
Durrës,41.32355,19.45469,195920
Berat,40.70583,19.95222,62232
Yerevan,40.17765,44.5126,1144700
Vanadzor,40.8074,44.49704,78100
Gyumri,40.79305,43.84635,114667
Davtashen,40.21642,44.48088,52100
Avan,40.21436,44.57846,58800
Abovyan,40.2717,44.63342,50556
Erebuni,40.13309,44.53009,129700
Nor Nork,40.19661,44.5669,137300
Ajapnyak,40.19917,44.47056,122800
Kanaker-Zeytun,40.22,44.53833,75500
Malatia-Sebastia,40.17396,44.4457,150500
Kentron,40.17806,44.51303,133000
Shengavit,40.1557,44.4779,140600
Arabkir,40.20624,44.50365,119300
Saurimo,-9.66078,20.39155,393000
Lucapa,-8.41915,20.74466,110000
Dundo,-7.36643,20.81557,177604
Chitato,-7.3,20.73333,246880
Luau,-10.70727,22.22466,55432
Nzagi,-8.38549,15.30126,60000
Viana,-8.90553,13.37499,865863
Uíge,-7.60874,15.06131,322531
Soyo,-6.1349,12.36894,221555
Negage,-7.75938,15.2722,92950
N'dalatando,-9.29782,14.91162,161584
Mbanza Kongo,-6.26667,14.23833,148000
Malanje,-9.54015,16.34096,455000
Maianga,-8.84693,13.23698,727681
Luanda,-8.83682,13.23432,2776168
Benfica,-8.94432,13.16431,191828
Dondo,-9.68456,14.42788,64643
Dondo,-9.05,15.31667,64643
Cuango-Luzamba,-9.14583,18.04453,55000
Caxito,-8.57848,13.66425,55000
Cangandala,-9.78333,16.43333,52220
Calumbo,-9.14692,13.41936,652270
Cacuaco,-8.7798,13.37478,146867
Cabinda,-5.56198,12.19476,550000
Barra do Dande,-8.47175,13.37011,75000
Bailundo,-9.57499,15.99442,70481
Gama,-8.5675,13.47639,66202
Cazenga,-8.83796,13.28399,394170
Golfe,-8.86639,13.26173,655796
Camama,-8.93611,13.26518,667094
Talatona,-8.91783,13.18562,500000
Sumbe,-11.20605,13.84371,205832
Porto Amboim,-10.73251,13.76844,91605
Ondjiva,-17.06667,15.73333,121537
Mossamedes,-15.19611,12.15222,255000
Menongue,-14.6585,17.69099,251178
Matala,-14.73272,15.03479,78000
Luquembo,-10.73912,17.71766,69420
Luena,-11.78333,19.91667,273675
Lubango,-14.91717,13.4925,600751
Longonjo,-12.90795,15.24845,92103
Lobito,-12.3644,13.53601,393079
Cuíto,-12.38333,16.93333,355423
Catchiungo,-12.56598,16.22589,120677
Huambo,-12.77611,15.73917,595304
Ganda,-13.01592,14.63502,65000
Gabela,-10.85147,14.37993,116903
Ecunna,-12.67889,15.50556,82541
Cubal,-13.03865,14.2455,90367
Cela,-11.42173,15.12345,90000
Catumbela,-12.43002,13.54677,95034
Camucuio,-14.11382,13.24061,66112
Camacupa,-12.01667,17.48333,59000
Cahama,-16.28556,14.30962,70061
Caála,-12.8525,15.56056,130000
Bocoio,-12.47017,14.13688,164685
Benguela,-12.57674,13.40268,555124
Balombo,-12.35426,14.77232,108965
Baía Farta,-12.60417,13.19667,107841
Andulo,-11.48676,16.69663,50000
Kikolo,-8.7815,13.33384,728205
Cafunfo,-8.7672,17.99572,90000
Quissecula,-11.39223,15.09201,90000
Mulenvos,-8.86695,13.3344,882014
Kilamba,-8.84861,13.275,237528
Ingombota,-8.81806,13.22889,144911
Nova Vida,-8.90552,13.22213,464985
Zango,-9.01212,13.38437,198538
Vila Flor,-8.98007,13.30781,256066
Rangel,-8.82644,13.26285,190569
Samba,-8.88001,13.19617,364986
Sambizanga,-8.78883,13.27506,177808
Navegantes,-12.58997,13.39123,240075
Kima Kieza,-8.83411,13.29517,428855
Panguíla,-8.69335,13.44914,158068
Ramiros,-9.06259,13.0456,323576
Hoji ya Henda,-8.80523,13.2897,642050
Zárate,-34.09584,-59.02423,99061
Villa Lugano,-34.67907,-58.47263,114000
Tandil,-37.3287,-59.1369,115877
Sarandí,-34.68161,-58.34639,60752
San Vicente,-35.0249,-58.42409,90021
San Justo,-34.68107,-58.56379,105274
Resistencia,-27.46363,-58.98665,290793
Remedios de Escalada de San Martín,-34.72589,-58.39663,81465
Reconquista,-29.15,-59.65,90184
Quilmes,-34.72065,-58.25454,262379
Posadas,-27.39184,-55.92379,305874
Pilar,-34.45867,-58.91398,81120
Palermo,-34.58856,-58.43053,249016
Oberá,-27.48683,-55.11994,56528
Necochea,-38.5545,-58.73961,73557
Morón,-34.65118,-58.62205,99066
Monte Chingolo,-34.7296,-58.35421,85060
Merlo,-34.66536,-58.72744,268961
Mercedes,-34.65072,-59.43143,63284
Mar del Tuyú,-36.57429,-56.6939,83016
Mar del Plata,-38.00042,-57.5562,593337
Luján,-34.5664,-59.11478,97363
Los Polvorines,-34.50316,-58.70596,53354
Lomas de Zamora,-34.7574,-58.40279,111897
La Plata,-34.92126,-57.95442,195443
Lanús,-34.70757,-58.39132,212252
Laferrere,-34.75049,-58.58464,248362
Ituzaingó,-27.58504,-56.68707,168419
Isidro Casanova,-34.7,-58.58745,131981
Hurlingham,-34.5904,-58.62904,60000
Gualeguaychú,-33.00777,-58.51836,78676
Goya,-29.13995,-59.26343,70245
Formosa,-26.18489,-58.17313,222226
Ezeiza,-34.8544,-58.52474,115021
Ensenada,-34.86074,-57.91238,63978
El Palomar,-34.61771,-58.60153,59031
Eldorado,-26.40453,-54.61847,54189
Don Torcuato,-34.49459,-58.62729,71356
Corrientes,-27.46784,-58.8344,346334
Concordia,-31.39195,-58.01706,145210
Concepción del Uruguay,-32.48463,-58.23217,67895
Colón,-32.22312,-58.14426,58219
Colegiales,-34.57365,-58.44924,57000
Castelar,-34.65142,-58.64074,107786
Campana,-34.16327,-58.95919,86860
Burzaco,-34.82584,-58.39502,98859
Buenos Aires,-34.61315,-58.37723,2891082
Berisso,-34.8715,-57.88328,88470
Berazategui,-34.76531,-58.21278,180523
Bella Vista,-34.5651,-58.69034,79737
Belgrano,-34.5627,-58.45829,138942
Barranqueras,-27.48132,-58.93925,50823
Barracas,-34.64966,-58.38341,77474
Banfield,-34.74563,-58.39365,61072
Azul,-36.77803,-59.85848,64884
Yerba Buena,-26.81298,-65.29543,50783
Villa María,-32.40751,-63.24016,92453
Villa Carlos Paz,-31.4183,-64.49008,69451
Venado Tuerto,-33.74585,-61.96711,72340
Ushuaia,-54.81084,-68.31591,56825
Tres Arroyos,-38.37694,-60.27563,52199
Trelew,-43.24895,-65.30505,97915
Tartagal,-22.51682,-63.8056,60819
Santo Tomé,-31.66274,-60.7653,59072
Santiago del Estero,-27.80047,-64.26285,252192
Santa Rosa,-36.61617,-64.28991,102860
Santa Lucía,-31.54055,-68.49794,62697
Santa Fe,-31.64881,-60.70868,391164
San Salvador de Jujuy,-24.1928,-65.29342,257970
San Ramón de la Nueva Orán,-23.13705,-64.32426,86867
San Rafael,-34.61531,-68.33238,118009
San Pedro de Jujuy,-24.23127,-64.86614,58430
San Nicolás de los Arroyos,-33.33425,-60.2108,134217
San Miguel de Tucumán,-26.81601,-65.21051,548866
San Martín,-33.08338,-68.47312,82549
San Luis,-33.2914,-66.32467,169947
San Juan,-31.53726,-68.52568,109123
San Francisco,-31.42497,-62.08404,59062
Catamarca,-28.46957,-65.78524,159139
Salta,-24.80645,-65.41999,520683
Rosario,-32.94682,-60.63932,948312
Río Tercero,-32.17675,-64.11295,53389
Río Grande,-53.78773,-67.70975,52681
Río Gallegos,-51.6253,-69.25229,95796
Río Cuarto,-33.13044,-64.35272,157010
Rafaela,-31.25285,-61.49078,88713
Punta Alta,-38.8805,-62.07503,64244
Puerto Madryn,-42.76848,-65.03827,64555
Presidencia Roque Sáenz Peña,-26.79095,-60.44132,81879
Plottier,-38.96667,-68.23333,52291
Pergamino,-33.89101,-60.57462,91399
Paraná,-31.73271,-60.52897,247139
Olavarría,-36.89384,-60.32319,89721
Neuquén,-38.95078,-68.0592,231198
Mendoza,-32.88946,-68.84582,114893
La Rioja,-29.41328,-66.85637,178872
Junín,-34.59391,-60.94644,87509
Gobernador Gálvez,-33.03016,-60.64045,74650
General Roca,-39.03333,-67.58333,73212
General Pico,-35.6593,-63.75787,66805
Córdoba,-31.40648,-64.18853,2106734
Comodoro Rivadavia,-45.86256,-67.494,140850
Cipolletti,-38.93392,-67.99032,95524
Chivilcoy,-34.8969,-60.01909,65575
Chimbas,-31.49313,-68.53263,73829
Caleta Olivia,-46.44785,-67.52274,56310
Bahía Blanca,-38.7176,-62.26545,299101
Balvanera,-34.61032,-58.39766,152198
Villa Mercedes,-33.67571,-65.45783,96781
Avellaneda,-34.66018,-58.36744,367554
San Miguel,-34.54335,-58.71229,168762
San Carlos de Bariloche,-41.14557,-71.30822,95394
Moreno,-34.63401,-58.79138,148290
José C. Paz,-34.51541,-58.76813,230208
Ciudad de Las Heras,-32.85094,-68.83602,189067
Rawson,-31.58189,-68.54211,130258
Döbling,48.25,16.33333,75418
Vienna,48.20849,16.37208,1691468
Villach,46.61028,13.85583,58882
Simmering,48.18333,16.43333,101420
Salzburg,47.79941,13.04399,157245
Ottakring,48.21667,16.3,104627
Meidling,48.16667,16.33333,97624
Linz,48.30639,14.28611,204846
Klagenfurt am Wörthersee,46.62472,14.30528,100316
Innsbruck,47.26266,11.39454,132493
Penzing,48.2,16.26667,98176
Hietzing,48.18623,16.2965,54265
Hernals,48.22544,16.30871,57546
Graz,47.06733,15.44197,303270
Fünfhaus,48.19596,16.3183,76396
Floridsdorf,48.25,16.4,162779
Eisenzicken,47.27603,16.25908,54353
Aspern,48.21806,16.48306,50687
Favoriten,48.16116,16.38233,201882
Donaustadt,48.2333,16.46002,187007
Währing,48.22611,16.34484,51402
Landstraße,48.2019,16.38792,98389
Margareten,48.1855,16.35373,54412
Brigittenau,48.24275,16.37551,86967
Perth,-31.95224,115.8614,2384371
Mandurah,-32.5269,115.7217,107643
Darwin,-12.46113,130.84185,139902
Bunbury,-33.32711,115.64137,76452
Adelaide,-34.92866,138.59863,1469163
Werribee,-37.9,144.66667,50027
Tuggeranong,-35.41647,149.06954,89461
Townsville,-19.26639,146.80569,201313
Toowoomba,-27.56056,151.95386,142163
Tarneit,-37.83634,144.65952,56370
Sydney,-33.86785,151.20732,5638830
Rockhampton,-23.38032,150.50595,81021
Reservoir,-37.71667,145,51096
Port Macquarie,-31.43084,152.90894,51965
Point Cook,-37.91482,144.75088,66781
Pakenham,-38.07018,145.47411,54118
Newcastle,-32.92953,151.7801,508437
Melbourne,-37.814,144.96332,5435590
Maitland,-32.73308,151.5574,89597
Mackay,-21.15345,149.16554,84333
Launceston,-41.43876,147.13467,90953
Hobart,-42.87936,147.32941,254930
Gold Coast,-28.00029,153.43088,640778
Geelong,-38.14711,144.36069,282809
Craigieburn,-37.6,144.95,65178
Coffs Harbour,-30.29626,153.11351,78759
Wollongong,-34.424,150.89345,280153
Canberra,-35.28346,149.12807,367752
Caloundra,-26.80346,153.12195,96305
Cairns,-16.92366,145.76613,153075
Bundaberg,-24.86621,152.3479,73747
Brisbane,-27.46794,153.02809,2780063
Berwick,-38.03333,145.35,50298
Bendigo,-36.75818,144.28024,103034
Ballarat,-37.56622,143.84957,111973
Hervey Bay,-25.28762,152.76936,52230
Blue Mountains,-33.71331,150.33065,78121
Pittwater,-33.66623,151.30171,63482
Logan City,-27.63917,153.10944,345098
Adelaide Hills,-34.91119,138.70735,72260
Central Coast,-33.42979,151.37144,346596
City of Port Phillip,-37.83382,144.93834,112669
Sunshine Coast,-26.65682,153.07955,398840
Melbourne City Centre,-37.81501,144.96657,60057
Naxçıvan,39.20889,45.41222,97200
Lerik,38.77388,48.41497,87000
Lankaran,38.75428,48.85062,89300
Şirvan,39.93778,48.929,70220
Yevlakh,40.61832,47.15014,127400
Xaçmaz,41.46426,48.80565,67600
Sumgayit,40.58972,49.66861,427000
Qaraçuxur,40.39667,49.97361,87349
Sheki,41.19194,47.17056,68400
Mingachevir,40.76422,47.06227,106048
Khirdalan,40.44808,49.75502,196200
Ganja,40.68157,46.36134,330663
Baku,40.37767,49.89201,2351300
Bakıxanov,40.41894,49.96693,66686
Zenica,44.20169,17.90397,164423
Tuzla,44.53842,18.66709,142486
Sarajevo,43.84864,18.35644,696731
Mostar,43.34333,17.80806,104518
Ilidža,43.83148,18.30697,71277
Bihać,44.81694,15.87083,75641
Banja Luka,44.77879,17.20629,221106
Bridgetown,13.10732,-59.62021,98511
Thākurgaon,26.03097,88.46989,71096
Tungi,23.89154,90.40232,337579
Sylhet,24.89904,91.87198,237000
Sunāmganj,25.06889,91.40243,74570
Jamālpur,24.91965,89.94812,167900
Shibganj,25.00146,89.32266,378701
Sātkhira,22.70817,89.07185,128918
Sirajganj,24.45771,89.70802,127481
Netrakona,24.88352,90.72898,79016
Narsingdi,23.92298,90.71768,281080
Sandwīp,22.51409,91.45491,52152
Shāhzādpur,24.17687,89.5988,102420
Rāmganj,23.1006,90.84989,55241
Rajshahi,24.374,88.60114,763580
Pirojpur,22.57965,89.97521,54418
Patiya,22.29543,91.979,51360
Narayanganj,23.61352,90.50298,223622
Nāgarpur,24.05783,89.87696,238422
Mymensingh,24.75636,90.40646,225126
Maulavi Bāzār,24.48888,91.77075,57441
Lalmonirhat,25.91719,89.44595,65127
Lākshām,23.24018,91.12143,82290
Comilla,23.46186,91.18503,634654
Rangpur,25.74664,89.25166,1031388
Kushtia,23.9028,89.11943,135724
Joypur Hāt,25.10147,89.02734,73068
Ishwardi,24.12858,89.06573,81995
Habiganj,24.38044,91.41299,88760
Feni,23.0144,91.3966,84028
Rāipur,23.0391,90.76808,64652
Ramna Maidan,23.73333,90.4,143677
Dhaka,23.7104,90.40744,10356500
Khagrachhari,23.10787,91.97007,50364
Bhairab Bāzār,24.0524,90.9764,105457
Bāndarban,22.19534,92.21946,495272
Bagerhat,22.65657,89.79123,266388
Narail,23.15509,89.49515,55112
Tungipara,22.89983,89.90326,114482
Sonārgaon,23.65,90.61667,130000
Sarishābāri,24.75127,89.83126,81325
Pālang,23.21824,90.35076,67652
Pār Naogaon,24.80418,88.94875,192464
Nagar Naluākot,24.15608,90.7728,273000
Mohammadpur,24.89843,88.52844,527571
Maijdi,22.86667,91.1,132185
Lakshmīpur,22.9443,90.83005,61703
Kafrul,23.78822,90.37359,339734
Gazipur,23.99844,90.42234,2674697
Gopālganj,23.22348,90.06041,51346
Farīdpur,23.60612,89.84064,112187
Dinajpur,25.62745,88.63779,206234
Chattogram,22.3384,91.83168,3920222
Chāndpur,23.22714,90.65433,203000
Bhatara,23.8,90.45,324300
Ashuganj City,24.04016,91.0117,210356
Sātkania,22.07639,92.04955,52005
Cox’s Bāzār,21.43973,92.00955,253788
Khulna,22.80979,89.56439,1500689
Bhola,22.68759,90.64403,99079
Barishal,22.70497,90.37013,202242
Rangamati,22.64317,92.19186,106069
Jessore,23.16971,89.21371,243987
Brāhmanbāria,23.97464,91.11228,264326
Pābna,24.00644,89.2372,186781
Tangail,24.24984,89.91655,180144
Bogra,24.85098,89.37108,210000
Nawābganj,24.59025,88.27444,142361
Madaripur,23.17097,90.20935,84789
Sherpur,25.01881,90.01751,107419
Kishorganj,24.43944,90.78291,90690
Mānikganj,23.85768,90.00957,71698
Savar,23.84858,90.25002,286008
Hāthazāri,22.50515,91.81339,498179
Bibir Hat,22.68347,91.79058,89030
Saidpur,25.77769,88.89169,199422
Puthia,24.36537,88.83431,159406
Natore,24.41112,88.98673,369138
Patuakhali,22.36833,90.3458,65000
Dhanmondi,23.74,90.385,54210
Pallabi,23.825,90.37,597574
Azimpur,23.7298,90.3854,96641
Karnaphuli,22.69056,92.23472,203697
Paltan,23.73625,90.41426,184492
Mirpur Model Thana,23.80931,90.36093,546503
Motijheel,23.72772,90.41919,202308
Woluwe-Saint-Lambert,50.84389,4.42912,56584
Verviers,50.58907,5.86241,52824
Uccle,50.80225,4.33943,82929
Tournai,50.60715,3.38932,69554
Sint-Niklaas,51.16509,4.1437,69010
Seraing,50.58362,5.50115,60737
Schaerbeek,50.86935,4.37737,132761
Saint-Gilles,50.82763,4.34389,50221
Roeselare,50.94653,3.12269,56016
Ostend,51.21551,2.927,69011
Namur,50.4669,4.86746,110939
Mouscron,50.74497,3.20639,52069
Mons,50.45413,3.95229,95299
Molenbeek-Saint-Jean,50.8499,4.31248,97037
Mechelen,51.02574,4.47762,77530
Liège,50.63373,5.56749,195278
Leuven,50.87959,4.70093,101032
La Louvière,50.48657,4.18785,76668
Kortrijk,50.82803,3.26487,73879
Jette,50.87309,4.33419,52490
Ixelles,50.83333,4.36667,86671
Hasselt,50.93106,5.33781,77651
Gent,51.05,3.71667,265086
Genk,50.965,5.50082,63666
Forest,50.81678,4.32775,56254
Deurne,51.22134,4.46595,78747
Charleroi,50.41136,4.44448,200132
Brussels,50.85045,4.34878,1019022
Brugge,51.20892,3.22424,118509
Antwerp,51.22047,4.40026,529247
Anderlecht,50.83619,4.31454,160553
Aalst,50.93604,4.0355,77534
Tenkodogo,11.78442,-0.37184,61936
Saaba,12.37136,-1.41468,136011
Pouytenga,12.25162,-0.42565,96469
Ouahigouya,13.5769,-2.41786,124587
Ouagadougou,12.36566,-1.53388,2415266
Nioko I,12.39501,-1.43861,65263
Léo,11.10033,-2.10654,51743
Koudougou,12.25188,-2.36694,160239
Kongoussi,13.32583,-1.53472,53627
Kaya,13.0883,-1.08368,121970
Houndé,11.5,-3.51667,87151
Fada N'gourma,12.06157,0.35843,73200
Djibo,14.09864,-1.62665,61462
Dédougou,12.4636,-3.46075,63617
Bobo-Dioulasso,11.18064,-4.29489,904920
Banfora,10.64064,-4.75285,117452
Yambol,42.48243,26.50006,63656
Veliko Tŭrnovo,43.08124,25.62904,59166
Varna,43.21912,27.91024,318737
Dobrich,43.56491,27.83138,69434
Stara Zagora,42.43205,25.64262,121582
Sofia,42.69751,23.32415,1152556
Sliven,42.68607,26.32558,83740
Shumen,43.27064,26.92286,72342
Ruse,43.84872,25.9534,121168
Plovdiv,42.15387,24.75001,329489
Pleven,43.41791,24.61666,90209
Pernik,42.59671,23.03318,82467
Pazardzhik,42.19934,24.33318,55220
Haskovo,41.93415,25.55557,64564
Burgas,42.50651,27.46886,210646
Blagoevgrad,42.01457,23.09804,67810
Asenovgrad,42.01667,24.86667,54778
Sitrah,26.15472,50.62056,72601
Jidd Ḩafş,26.21861,50.54778,66588
Madīnat Ḩamad,26.11528,50.50694,133550
Dār Kulayb,26.06861,50.50389,65466
Al Muharraq,26.25722,50.61194,176583
Manama,26.22787,50.58565,147074
Ar Rifā‘,26.13,50.555,115495
Rumonge,-3.9736,29.4386,55599
Bujumbura,-3.38193,29.36142,769317
Gitega,-3.42708,29.92463,64904
Mpanda,-3.1703,29.4026,58913
Ngozi,-2.9075,29.8306,61716
Porto-Novo,6.49646,2.60359,264320
Parakou,9.33716,2.63031,255478
Nikki,9.94009,3.21075,66109
Natitingou,10.30416,1.37962,53284
Malanville,11.86819,3.38327,64639
Kérou,10.82578,2.10479,54276
Kandi,11.13417,2.93861,56043
Godomè,6.38948,2.34581,253262
Ekpé,6.39209,2.53725,75313
Djougou,9.70853,1.66598,94773
Cotonou,6.36536,2.41833,679012
Bohicon,7.17826,2.0667,93744
Abomey-Calavi,6.44852,2.35566,385755
Abomey,7.18286,1.99119,117824
Bandar Seri Begawan,4.89035,114.94006,64409
Yacuiba,-22.01643,-63.67753,82803
Vinto,-17.39141,-66.31681,58739
Viacha,-16.65,-68.3,86218
Trinidad,-14.83223,-64.90335,84259
Tiquipaya,-17.33801,-66.21579,62675
Tarija,-21.53549,-64.72956,159269
Sucre,-19.03332,-65.26274,224838
Santa Cruz de la Sierra,-17.78629,-63.18117,1831434
Sacaba,-17.39799,-66.03825,180726
Riberalta,-11.01026,-66.05257,99070
Quillacollo,-17.39228,-66.27838,172405
Potosí,-19.58361,-65.75306,141251
Oruro,-17.97153,-67.0932,208684
Montero,-17.33874,-63.25093,88616
La Paz,-16.5,-68.15,2004652
Colcapirhua,-17.3857,-66.23814,52732
Cochabamba,-17.38195,-66.15995,841276
Vitória de Santo Antão,-8.11806,-35.29139,134084
Viseu,-1.19667,-46.14,58692
Vigia,-0.85833,-48.14167,50832
Viçosa do Ceará,-3.56222,-41.09222,61410
Viana,-3.22028,-45.00361,51442
Vargem Grande,-3.54306,-43.91583,57168
União dos Palmares,-9.16278,-36.03194,65790
Tutóia,-2.76194,-42.27444,59398
Tucuruí,-3.76585,-49.67923,115144
Trairi,-3.27778,-39.26889,56291
Tomé-Açu,-2.41889,-48.15222,67585
Timon,-5.09417,-42.83667,174465
Tianguá,-3.73222,-40.99167,76537
Teresina,-5.08917,-42.80194,871126
Tauá,-6.00306,-40.29278,59062
Surubim,-7.83306,-35.75472,64120
Sousa,-6.75917,-38.22806,67259
Sobral,-3.68611,-40.34972,216519
Serra Talhada,-7.99194,-38.29833,92228
Sapé,-7.09639,-35.23278,51306
São Miguel dos Campos,-9.78111,-36.09361,61797
São Miguel do Guamá,-1.62667,-47.48333,59632
São Luís,-2.52972,-44.30278,917237
São Lourenço da Mata,-8.00222,-35.01833,118258
São José de Ribamar,-2.55572,-44.05992,259164
São Gonçalo do Amarante,-5.79333,-35.32944,115838
São Félix do Xingu,-6.64472,-51.995,132138
Santa Rita,-7.11389,-34.97806,149910
Santarém,-2.44306,-54.70833,360871
Santa Isabel do Pará,-1.29861,-48.16056,71837
Santa Inês,-3.66667,-45.38,85014
Santa Cruz do Capibaribe,-7.9575,-36.20472,104854
Salgueiro,-8.07417,-39.11917,65946
Russas,-4.94028,-37.97583,78882
Rio Largo,-9.47833,-35.85333,97435
Recife,-8.05389,-34.88111,1653461
Quixeramobim,-5.19917,-39.29278,82177
Quixadá,-4.97139,-39.01528,88321
Santana,-0.03816,-51.17476,118803
Portel,-1.93556,-50.82111,62945
Piripiri,-4.27333,-41.77694,63787
Pinheiro,-2.52139,-45.0825,83777
Picos,-7.07694,-41.46694,83090
Petrolina,-9.39861,-40.50083,418444
Pesqueira,-8.35778,-36.69639,62722
Paulo Afonso,-9.40611,-38.21472,119418
Paulista,-7.94083,-34.87306,342167
Paudalho,-7.89667,-35.17972,56665
Patos,-7.02444,-37.28,92575
Parnamirim,-5.91556,-35.26278,271713
Parnaíba,-2.90472,-41.77667,170491
Parintins,-2.62833,-56.73583,101855
Paragominas,-2.99565,-47.35488,105550
Palmares,-8.68333,-35.59167,56475
Pacatuba,-3.98417,-38.62028,81524
Pacajus,-4.1725,-38.46056,73188
Ouricuri,-7.8825,-40.08167,68489
Oriximiná,-1.76556,-55.86611,74016
Olinda,-8.00889,-34.85528,364717
Óbidos,-1.9175,-55.51806,52306
Natal,-5.795,-35.20944,896708
Moreno,-8.11861,-35.09222,57654
Morada Nova,-5.10667,-38.3725,61738
Monte Alegre,-2.00082,-54.08102,58162
Moju,-1.88389,-48.76889,83182
Mossoró,-5.1875,-37.34417,264577
Maués,-3.38361,-57.71861,65040
Marechal Deodoro,-9.71028,-35.895,62341
Maranguape,-3.89083,-38.68556,108622
Maracanaú,-3.87667,-38.62556,251613
Marabá,-5.38146,-49.13232,283542
Maceió,-9.66583,-35.73528,1031597
Macapá,0.03889,-51.06639,512902
Macaíba,-5.85833,-35.35389,81821
Limoeiro do Norte,-5.14556,-38.09806,59890
Limoeiro,-7.87472,-35.45028,56510
Juruti,-2.15222,-56.09222,58960
Juazeiro do Norte,-7.21306,-39.31528,305531
Juazeiro,-9.41167,-40.49861,256122
João Pessoa,-7.115,-34.86306,817511
Jacundá,-4.44696,-49.11556,59842
Itupiranga,-5.13472,-49.32667,53355
Itacoatiara,-3.14306,-58.44417,113917
Itapipoca,-3.49444,-39.57861,138978
Itapecuru Mirim,-3.3925,-44.35861,68723
Itapagé,-3.68667,-39.58611,53067
Itaituba,-4.27611,-55.98361,135369
Ipojuca,-8.39889,-35.06389,105638
Imperatriz,-5.52639,-47.49167,273110
Iguatu,-6.35944,-39.29861,98064
Igarapé Miri,-1.975,-48.95972,64831
Igarassu,-7.83417,-34.90639,123017
Icó,-6.40111,-38.86222,68303
Horizonte,-4.09802,-38.486,70983
Guarabira,-6.85472,-35.49,57484
Gravatá,-8.20111,-35.56472,92429
Granja,-3.12028,-40.82611,54962
Grajaú,-5.81944,-46.13861,70065
Goiana,-7.56056,-35.0025,85160
Garanhuns,-8.88202,-36.50216,151803
Fortaleza,-3.71722,-38.54306,2400000
Floriano,-6.76694,-43.0225,62036
Eusébio,-3.89,-38.45056,74170
Extremoz,-5.70556,-35.30722,61635
Escada,-8.35917,-35.22361,62174
Delmiro Gouveia,-9.38861,-37.99917,52809
Crato,-7.23417,-39.40944,139027
Crateús,-5.17775,-40.66949,75159
Coroatá,-4.13,-44.12417,65544
Codó,-4.45528,-43.88556,114275
Chapadinha,-3.74167,-43.36028,80195
Ceará-Mirim,-5.63444,-35.42556,79115
Caxias,-4.85889,-43.35611,163546
Caucaia,-3.73611,-38.65306,378406
Castanhal,-1.29389,-47.92639,192256
Cascavel,-4.13306,-38.24194,72232
Casa Nova,-9.17419,-40.97514,72086
Caruaru,-8.28333,-35.97611,402290
Carpina,-7.85083,-35.25472,83205
Capitão Poço,-1.74639,-47.05944,56506
Capanema,-1.19583,-47.18083,70394
Canindé,-4.35889,-39.31167,77244
Campina Grande,-7.23056,-35.88111,443911
Camocim,-2.90222,-40.84111,63907
Cametá,-2.24444,-49.49583,134184
Camaragibe,-8.02167,-34.98111,160318
Cajazeiras,-6.89028,-38.55528,63239
Caicó,-6.45833,-37.09778,61146
Cabo de Santo Agostinho,-8.28773,-35.02925,216969
Cabedelo,-6.98111,-34.83389,68767
Buíque,-8.62306,-37.15583,53489
Breves,-1.68222,-50.48028,116058
Brejo da Madre de Deus,-8.14583,-36.37111,51308
Bragança,-1.05361,-46.76556,132489
Boa Viagem,-5.1275,-39.73222,54577
Bezerros,-8.23333,-35.79694,65007
Benevides,-1.36139,-48.24472,63567
Belo Jardim,-8.33556,-36.42417,84033
Belém,-1.45583,-48.50444,1499641
Beberibe,-4.17972,-38.13056,53949
Bayeux,-7.125,-34.93222,97203
Barreirinhas,-2.75556,-42.82591,65589
Barra do Corda,-5.50556,-45.24333,88492
Barcarena,-1.50583,-48.62583,139076
Barbalha,-7.31111,-39.30417,61228
Balsas,-7.5325,-46.03556,105974
Bacabal,-4.23246,-44.78164,107755
Arcoverde,-8.41889,-37.05389,82487
Araripina,-7.57611,-40.49833,90504
Arapiraca,-9.7525,-36.66111,243906
Araguaína,-7.19111,-48.20722,183024
Aquiraz,-3.90139,-38.39111,65116
Ananindeua,-1.36556,-48.37222,535547
Altamira,-3.20333,-52.20639,138749
Alenquer,-1.94167,-54.73833,57092
Açu,-5.57667,-36.90861,56496
Acopiara,-6.09528,-39.4525,54481
Acaraú,-2.88556,-40.12,63104
Acará,-1.96083,-48.19667,59023
Abreu e Lima,-7.91167,-34.90278,104248
Abaetetuba,-1.71806,-48.8825,158188
Xanxerê,-26.87694,-52.40417,51607
Votuporanga,-20.42278,-49.97278,100568
Votorantim,-23.54667,-47.43778,133510
Volta Redonda,-22.52306,-44.10417,279971
Vitória da Conquista,-14.86611,-40.83944,396613
Vitória,-20.31944,-40.33778,312656
Vinhedo,-23.02972,-46.97528,76540
Vila Velha,-20.32972,-40.2925,394930
Vila Mariana,-23.58833,-46.63464,127286
Vila Maria,-23.51408,-46.58625,108543
Videira,-27.00833,-51.15167,55466
Viçosa,-20.75389,-42.88194,76430
Viana,-20.39028,-40.49611,73423
Viamão,-30.08111,-51.02333,231996
Vespasiano,-19.69194,-43.92333,138583
Venâncio Aires,-29.60639,-52.19194,68763
Várzea Paulista,-23.21139,-46.82833,115771
Várzea Grande,-15.64667,-56.1325,300078
Varginha,-21.55139,-45.43028,136467
Valinhos,-22.97056,-46.99583,132258
Valença,-22.24556,-43.70028,76869
Valença,-13.37028,-39.07306,97873
Vacaria,-28.51222,-50.93389,64197
Uruguaiana,-29.75472,-57.08833,120819
União da Vitória,-26.23,-51.08639,57913
Unaí,-16.3575,-46.90611,84930
Umuarama,-23.76639,-53.325,123059
Uberlândia,-18.91861,-48.27722,754954
Uberaba,-19.74833,-47.93194,356781
Ubatuba,-23.43389,-45.07111,91824
Ubá,-21.12,-42.94278,107423
Tupã,-21.93472,-50.51361,65570
Tucuruvi,-23.47544,-46.60609,99559
Tubarão,-28.46667,-49.00694,116725
Trindade,-16.64944,-49.48889,142431
Três Rios,-22.11667,-43.20917,82142
Três Pontas,-21.36667,-45.5125,56940
Três Lagoas,-20.78765,-51.70338,143523
Três Corações,-21.69694,-45.25333,80032
Tramandaí,-29.98472,-50.13361,52632
Toledo,-24.71361,-53.74306,160701
Tobias Barreto,-11.18389,-37.99833,50905
Timóteo,-19.58106,-42.64953,81579
Tijucas,-27.24139,-48.63361,51592
Teresópolis,-22.4167,-42.97822,176735
Teófilo Otoni,-17.8575,-41.50528,142851
Telêmaco Borba,-24.32389,-50.61556,79792
Taubaté,-23.02639,-45.55528,322397
Tatuí,-23.35556,-47.85694,129130
Taquaritinga,-21.40611,-48.50472,57364
Taquara,-29.65056,-50.78056,57584
Taboão da Serra,-23.62611,-46.79167,273542
Suzano,-23.5425,-46.31083,320261
Sumaré,-22.82194,-47.26694,279545
Sorocaba,-23.50167,-47.45806,762172
Sobradinho,-15.64713,-47.79315,72273
Sete Lagoas,-19.46583,-44.24667,238909
Sertãozinho,-21.13778,-47.99028,126887
Serrinha,-11.66417,-39.0075,80435
Serra,-20.12861,-40.30778,520653
Seropédica,-22.74389,-43.7075,84737
Senhor do Bonfim,-10.46139,-40.18944,79424
Senador Canedo,-16.70806,-49.09306,175042
Sarandi,-23.44361,-51.87389,118455
Saquarema,-22.89889,-42.46985,90583
Sapucaia do Sul,-29.81782,-51.14551,132107
Sapiranga,-29.63806,-51.00694,75613
São Vicente,-23.96306,-46.39194,338326
São Sebastião do Paraíso,-20.91694,-46.99139,71796
São Sebastião,-23.76,-45.40972,81595
São Roque,-23.52917,-47.13528,79484
São Pedro da Aldeia,-22.83917,-42.10278,110677
São Paulo,-23.5475,-46.63611,12400232
São Miguel,-23.49417,-46.43222,81011
São Mateus,-18.72011,-39.85891,134423
São Leopoldo,-29.76028,-51.14722,209229
São José dos Pinhais,-25.5302,-49.20836,349880
São José dos Campos,-23.17944,-45.88694,727078
São José do Rio Preto,-20.81972,-49.37944,480393
São José do Rio Pardo,-21.59556,-46.88861,55124
São José,-28.21344,-49.16383,200000
São José,-27.61528,-48.6275,295658
São João de Meriti,-22.80389,-43.37222,466536
São João del Rei,-21.13556,-44.26167,94468
São João da Boa Vista,-21.96917,-46.79806,91771
São Gonçalo,-22.82694,-43.05389,285439
São Gabriel,-30.33639,-54.32,58487
São Francisco do Sul,-26.24333,-48.63806,52674
São Francisco,-15.94861,-44.86444,56477
São Cristóvão,-11.01472,-37.20639,101213
São Carlos,-22.0175,-47.89083,266427
São Caetano do Sul,-23.62306,-46.55111,172693
São Borja,-28.66056,-56.00444,60019
São Bernardo do Campo,-23.69389,-46.565,840499
São Bento do Sul,-26.25028,-49.37861,83277
Santos,-23.96083,-46.33361,418608
Santo Estêvão,-12.43028,-39.25139,52276
Santo Antônio de Jesus,-12.96889,-39.26139,109791
Santo Ângelo,-28.29917,-54.26306,77568
Santo André,-23.66389,-46.53833,662373
Santo Amaro,-23.64542,-46.70394,85349
Santo Amaro,-12.54667,-38.71194,60131
Santa Rosa,-27.87083,-54.48139,77519
Sant'Ana do Livramento,-30.89083,-55.53278,76321
Santana de Parnaíba,-23.44417,-46.91778,163787
Santa Maria,-29.68417,-53.80694,271735
Santa Luzia,-19.76972,-43.85139,219132
Santa Isabel,-23.31556,-46.22139,53174
Santa Cruz do Sul,-29.7175,-52.42583,138270
Santa Bárbara d'Oeste,-22.75361,-47.41361,189456
Salvador,-12.97563,-38.49096,2711840
Salto,-23.20083,-47.28694,141111
Sabará,-19.88639,-43.80667,129380
Rondonópolis,-16.47083,-54.63556,263708
Rolândia,-23.30972,-51.36917,75818
Rio Verde,-17.79806,-50.92806,241494
Rio Grande,-32.035,-52.09861,198935
Rio do Sul,-27.21417,-49.64306,72006
Rio de Janeiro,-22.90642,-43.18223,6747815
Rio das Ostras,-22.52694,-41.945,168099
Rio Claro,-22.41139,-47.56139,201418
Rio Bonito,-22.70861,-42.60972,59113
Ribeirão Preto,-21.1775,-47.81028,698642
Ribeirão Pires,-23.71056,-46.41333,115559
Ribeirão das Neves,-19.76694,-44.08667,346971
Ribeira do Pombal,-10.83444,-38.53583,53956
Resende,-22.46889,-44.44667,137697
Registro,-24.4875,-47.84361,56393
Queimados,-22.71611,-43.55528,149093
Presidente Prudente,-22.12556,-51.38889,234706
Praia Grande,-24.00583,-46.40278,367400
Pouso Alegre,-22.23,-45.93639,162133
Porto Seguro,-16.44972,-39.06472,182630
Porto Nacional,-10.70806,-48.41722,53316
Porto Ferreira,-21.85389,-47.47917,56504
Porto Feliz,-23.21472,-47.52389,53402
Porto Alegre,-30.03283,-51.23019,1488252
Ponte Nova,-20.41639,-42.90861,57776
Ponta Porã,-22.53611,-55.72556,98598
Ponta Grossa,-25.095,-50.16194,292177
Poços de Caldas,-21.78778,-46.56139,172339
Poá,-23.52806,-46.34472,103765
Planaltina,-15.45278,-47.61417,112304
Piraquara,-25.44227,-49.06795,118730
Pirapora,-17.345,-44.94194,56640
Pirassununga,-21.99611,-47.42583,76877
Piracicaba,-22.72528,-47.64917,440835
Pinheiros,-23.56729,-46.69232,65145
Pindamonhangaba,-22.92389,-45.46167,172681
Piedade,-23.71194,-47.42778,55542
Petrópolis,-22.505,-43.17861,294926
Perus,-23.40472,-46.75472,87823
Peruíbe,-24.32,-46.99833,68352
Penedo,-10.29028,-36.58639,60189
Penápolis,-21.41972,-50.0775,61679
Pelotas,-31.76997,-52.34101,336150
Pedro Leopoldo,-19.61806,-44.04306,62580
Paulínia,-22.76111,-47.15417,110537
Patrocínio,-18.94389,-46.9925,91449
Patos de Minas,-18.57889,-46.51806,159235
Pato Branco,-26.22861,-52.67056,84779
Passos,-20.71889,-46.60972,116951
Passo Fundo,-28.26278,-52.40667,214811
Alvorada,-30.00018,-51.07632,187315
Parobé,-29.62861,-50.83472,52058
Parelheiros,-23.8275,-46.72694,153695
Paranoá,-15.77553,-47.78117,63923
Paranavaí,-23.07306,-52.46528,95525
Paranaguá,-25.51626,-48.52537,150104
Pará de Minas,-19.86028,-44.60833,97139
Paracatu,-17.22222,-46.87472,94023
Palmas,-26.48417,-51.99056,51755
Palhoça,-27.64528,-48.66778,222598
Ouro Preto,-20.39484,-43.50517,77914
Ourinhos,-22.97889,-49.87056,103970
Osasco,-23.5325,-46.79167,728615
Olímpia,-20.73722,-48.91472,55130
Novo Hamburgo,-29.67833,-51.13056,253841
Nova Venécia,-18.71056,-40.40056,50434
Nova Serrana,-19.87611,-44.98361,114791
Nova Odessa,-22.7775,-47.29583,62019
Nova Lima,-19.98556,-43.84667,120959
Nova Iguaçu,-22.75917,-43.45111,843046
Nova Friburgo,-22.28194,-42.53111,189939
Nossa Senhora do Socorro,-10.855,-37.12611,204081
Freguesia do Ó,-23.49877,-46.69983,137240
Niterói,-22.88333,-43.10361,515317
Nilópolis,-22.8075,-43.41389,155500
Naviraí,-23.065,-54.19056,55689
Navegantes,-26.89889,-48.65417,86401
Muriaé,-21.13056,-42.36639,108447
Morrinhos,-17.73111,-49.09944,51351
Montes Claros,-16.735,-43.86167,437601
Montenegro,-29.68861,-51.46111,64322
Monte Mor,-22.94667,-47.31583,60754
Monte Alto,-21.26111,-48.49639,50772
Mongaguá,-24.09306,-46.62083,57648
Mogi Mirim,-22.43194,-46.95778,93650
Mogi Guaçu,-22.3677,-46.94552,160318
Mogi das Cruzes,-23.52278,-46.18833,325746
Mococa,-21.46778,-47.00472,67681
Mirassol,-20.81917,-49.52111,60303
Mineiros,-17.56944,-52.55111,70081
Mauá,-23.66778,-46.46139,418261
Matão,-21.60333,-48.36583,79033
Maringá,-23.42528,-51.93861,409657
Marília,-22.21389,-49.94583,237627
Maricá,-22.91944,-42.81861,211986
Mariana,-20.37778,-43.41611,61387
Marechal Cândido Rondon,-24.55611,-54.05667,53495
Manhuaçu,-20.25806,-42.03361,91886
Mairiporã,-23.31861,-46.58667,101937
Magé,-22.65278,-43.04056,244142
Mafra,-26.11139,-49.80528,56561
Macaúbas,-13.01944,-42.69861,50161
Macaé,-22.38484,-41.78324,264439
Luziânia,-16.2525,-47.95028,221262
Louveira,-23.08639,-46.95056,51847
Lorena,-22.73083,-45.12472,89125
Londrina,-23.31028,-51.16278,581382
Lins,-21.67861,-49.7425,78503
Linhares,-19.39111,-40.07222,183797
Limeira,-22.56472,-47.40167,291869
Liberdade,-23.56338,-46.63228,66056
Leopoldina,-21.53194,-42.64306,51145
Lençóis Paulista,-22.59861,-48.80028,68990
Leme,-22.18556,-47.39028,101537
Lavras,-21.24528,-44.99972,110682
Lapa,-23.52355,-46.70726,75533
Lages,-27.81611,-50.32611,172458
Lajeado,-29.46694,-51.96139,93646
Lagoa Santa,-19.63006,-43.9009,81299
Lagoa da Prata,-20.0225,-45.54361,53927
Lagarto,-10.91722,-37.65,101579
Jundiaí,-23.18639,-46.88417,443221
Juiz de Fora,-21.76417,-43.35028,540756
Joinville,-26.30444,-48.84556,664500
João Monlevade,-19.81,-43.17361,83360
Jequié,-13.85875,-40.08512,127475
Jaú,-22.29639,-48.55778,133497
Jataí,-17.87939,-51.72166,105729
Jaraguá do Sul,-26.48611,-49.06667,199519
Jaraguá,-23.44077,-46.73774,211610
Japeri,-22.64306,-43.65333,102171
Januária,-15.47949,-44.3652,65150
Jandira,-23.5275,-46.9025,118045
Janaúba,-15.8025,-43.30889,70699
Jaguariúna,-22.70556,-46.98583,58722
Jaguaquara,-13.53056,-39.97083,54673
Jacobina,-11.18143,-40.51372,82590
Jacareí,-23.30528,-45.96583,250952
Jaboticabal,-21.25472,-48.32222,77652
Itumbiara,-18.41917,-49.21528,113322
Ituiutaba,-18.97428,-49.46212,106775
Itu,-23.26417,-47.29917,175047
Itaúna,-20.07528,-44.57639,97669
Itatiba,-23.00583,-46.83889,122581
Itaquera,-23.53194,-46.44417,210960
Itaquaquecetuba,-23.48611,-46.34833,369275
Itapira,-22.43611,-46.82167,72022
Itapevi,-23.54889,-46.93417,240961
Itapeva,-23.98222,-48.87556,89728
Itapetininga,-23.59167,-48.05306,164256
Itapetinga,-15.24889,-40.24778,76795
Itaperuna,-21.205,-41.88778,107246
Itapema,-27.09028,-48.61139,75940
Itapecerica da Serra,-23.71694,-46.84917,163003
Itanhaém,-24.18306,-46.78889,112476
Itamaraju,-17.03917,-39.53111,64455
Itajubá,-22.42556,-45.45278,93073
Itajaí,-26.90778,-48.66194,294850
Itaguaí,-22.85222,-43.77528,123980
Itabuna,-14.78556,-39.28028,196344
Itaboraí,-22.74444,-42.85944,240040
Itabirito,-20.25333,-43.80139,53365
Itabira,-19.61917,-43.22694,118053
Itaberaba,-12.5275,-40.30694,64646
Itabaiana,-10.685,-37.42528,103440
Irecê,-11.30417,-41.85583,74507
Irati,-25.46722,-50.65111,59250
Ipiranga,-23.59957,-46.61599,116271
Ipirá,-12.15833,-39.73722,59435
Ipatinga,-19.46833,-42.53667,235311
Inhumas,-16.35778,-49.49611,52204
Indaiatuba,-23.08842,-47.2119,256223
Indaial,-26.89778,-49.23167,70900
Imbituba,-28.24,-48.67028,52579
Ilhéus,-14.79909,-39.03228,189149
Ijuí,-28.38778,-53.91472,84780
Içara,-28.71333,-49.3,57247
Ibiúna,-23.65639,-47.2225,75605
Ibitinga,-21.75778,-48.82889,60600
Ibirité,-20.02194,-44.05889,179582
Ibiporã,-23.26917,-51.04806,51603
Hortolândia,-22.85833,-47.22,236641
Gurupi,-11.72917,-49.06861,87545
Guaxupé,-21.30528,-46.71278,52078
Guarulhos,-23.46278,-46.53333,1345364
Guarujá,-23.99306,-46.25639,294871
Guaratinguetá,-22.81639,-45.1925,118044
Guarapuava,-25.39048,-51.46541,189630
Guarapari,-20.67182,-40.50196,136311
Guará,-15.80976,-47.97202,125703
Guapimirim,-22.53722,-42.98194,54300
Guanambi,-14.22333,-42.78139,84928
Guaianases,-23.54333,-46.41083,109316
Gravataí,-29.94218,-50.99278,265074
Governador Valadares,-18.85111,-41.94944,266561
Goiânia,-16.67861,-49.25389,1536097
Goianésia,-15.3175,-49.1175,73707
Gaspar,-26.93139,-48.95889,73053
Gama,-16.02511,-48.07121,139467
Frutal,-20.02472,-48.94056,58588
Franco da Rocha,-23.32167,-46.72694,144849
Francisco Morato,-23.28167,-46.74528,165139
Lucas do Rio Verde,-13.07127,-55.91479,92256
Francisco Beltrão,-26.08111,-53.055,102312
Franca,-20.53861,-47.40083,365494
Foz do Iguaçu,-25.54778,-54.58806,297352
Formosa,-15.53722,-47.33444,115901
Formiga,-20.46444,-45.42639,68248
Florianópolis,-27.59667,-48.54917,508826
Ferraz de Vasconcelos,-23.54083,-46.36861,179198
Fernandópolis,-20.28389,-50.24639,71186
Feira de Santana,-12.26667,-38.96667,616272
Farroupilha,-29.225,-51.34778,70286
Extrema,-22.85472,-46.31833,53482
Eunápolis,-16.3775,-39.58028,121067
Euclides da Cunha,-10.5075,-39.01583,61456
Esteio,-29.86139,-51.17917,76137
Estância Velha,-29.64833,-51.17389,50672
Estância,-11.26833,-37.43833,65078
Esmeraldas,-19.7625,-44.31389,85598
Erechim,-27.63461,-52.2754,96087
Embu-Guaçu,-23.83222,-46.81139,66970
Embu das Artes,-23.64889,-46.85222,259788
Duque de Caxias,-22.78556,-43.31167,866347
Dourados,-22.22111,-54.80556,264017
Divinópolis,-20.14355,-44.89065,231091
Dias d'Ávila,-12.6125,-38.29694,71485
Diadema,-23.68611,-46.62278,403579
Curvelo,-18.75639,-44.43083,80665
Curitiba,-25.42778,-49.27306,1948626
Cuiabá,-15.59611,-56.09667,618124
Cubatão,-23.895,-46.42528,114870
Cruzeiro,-22.57316,-44.97108,82571
Cruz das Almas,-12.67,-39.10194,60348
Cruz Alta,-28.64397,-53.60633,58913
Cristalina,-16.76769,-47.6153,60210
Criciúma,-28.6775,-49.36972,227438
Cotia,-23.60389,-46.91917,253608
Cosmópolis,-22.64583,-47.19611,73474
Coruripe,-10.12556,-36.17556,57294
Corumbá,-19.00917,-57.65333,98751
Coronel Fabriciano,-19.51861,-42.62889,108708
Contagem,-19.93167,-44.05361,627123
Conselheiro Lafaiete,-20.66028,-43.78611,138946
Congonhas,-20.50525,-43.8588,52890
Concórdia,-27.23417,-52.02778,75167
Conceição do Coité,-11.56389,-39.28278,67825
Colombo,-25.29167,-49.22417,232212
Colatina,-19.53944,-40.63056,129301
Cianorte,-23.66333,-52.605,83816
Chapecó,-27.09639,-52.61833,282648
Ceilândia,-15.8091,-48.13096,287023
Caxias do Sul,-29.16806,-51.17944,479599
Catanduva,-21.13778,-48.97278,119275
Catalão,-18.16583,-47.94639,114427
Cataguases,-21.38917,-42.69667,66261
Castro,-24.78927,-50.01225,71809
Cascavel,-24.95583,-53.45528,368195
Cariacica,-20.26389,-40.42,376200
Carazinho,-28.28389,-52.78639,62265
Caratinga,-19.78972,-42.13917,90687
Carapicuíba,-23.52272,-46.835,386984
Caraguatatuba,-23.62028,-45.41306,123389
Capivari,-22.995,-47.50778,50068
Capão da Canoa,-29.74556,-50.00972,63594
Canoinhas,-26.17722,-50.39,55016
Canoas,-29.91778,-51.18361,328291
Canguçu,-31.395,-52.67556,56370
Candeias,-12.66778,-38.55056,72382
Campos do Jordão,-22.73944,-45.59139,52405
Campos dos Goytacazes,-21.75227,-41.33044,483540
Campo Mourão,-24.04309,-52.37929,104122
Campo Limpo,-23.63634,-46.76565,236162
Campo Limpo Paulista,-23.20554,-46.7838,77632
Campo Largo,-25.45955,-49.53014,144504
Campo Grande,-20.44278,-54.64639,906092
Campo Formoso,-10.5075,-40.32139,71487
Campo Bom,-29.67889,-51.05333,62886
Campo Belo,-20.89722,-45.27722,54186
Campinas,-22.90556,-47.06083,1031554
Camboriú,-27.02528,-48.65444,117324
Cambé,-23.27583,-51.27833,110923
Camaquã,-30.85111,-51.81222,66478
Camaçari,-12.6975,-38.32417,321636
Caldas Novas,-17.74431,-48.62789,98622
Cajamar,-23.35611,-46.87694,92689
Caieiras,-23.36417,-46.74056,102775
Caetité,-14.06944,-42.475,52012
Cachoeiro de Itapemirim,-20.84889,-41.11278,198342
Cachoeirinha,-29.95111,-51.09389,141503
Cachoeiras de Macacu,-22.4625,-42.65306,59303
Cachoeira do Sul,-30.03917,-52.89389,80070
Cáceres,-16.07056,-57.67889,89681
Caçapava,-23.10083,-45.70694,100071
Caçador,-26.77528,-51.015,79313
Cabo Frio,-22.88717,-42.02622,238438
Brusque,-27.09795,-48.91281,155307
Brumado,-14.20361,-41.66528,70268
Brazlândia,-15.67941,-48.19667,55561
Brasília,-15.77972,-47.92972,2207718
Bragança Paulista,-22.9527,-46.54418,176811
Botucatu,-22.88583,-48.445,145155
Bom Jesus da Lapa,-13.255,-43.41806,65550
Bom Despacho,-19.73639,-45.25222,54377
Boituva,-23.28333,-47.67222,62170
Blumenau,-26.91944,-49.06611,361261
Birigui,-21.28861,-50.34,123340
Biguaçu,-27.49417,-48.65556,69486
Betim,-19.96778,-44.19833,384000
Bertioga,-23.85444,-46.13861,64723
Bento Gonçalves,-29.17139,-51.51917,127977
Belo Horizonte,-19.92083,-43.93778,2721564
Belford Roxo,-22.76417,-43.39944,518384
Bebedouro,-20.94944,-48.47917,76373
Bauru,-22.31472,-49.06056,392947
Batatais,-20.89111,-47.585,58402
Barueri,-23.51056,-46.87611,316473
Barretos,-20.55722,-48.56778,126957
Barreiras,-12.15278,-44.99,171634
Barra Mansa,-22.54417,-44.17139,181679
Barra do Piraí,-22.47,-43.82556,100764
Barra do Garças,-15.89,-52.25667,61135
Barra,-11.08944,-43.14167,53910
Barbacena,-21.22583,-43.77361,125317
Balneário Camboriú,-26.99056,-48.63472,139155
Bagé,-31.33139,-54.10694,121335
Avaré,-23.09861,-48.92583,92805
Atibaia,-23.11694,-46.55028,158647
Assis,-22.66167,-50.41222,104858
Arujá,-23.39611,-46.32083,91157
Artur Nogueira,-22.57306,-47.1725,55340
Araxá,-19.59333,-46.94056,118786
Araucária,-25.59306,-49.41028,162247
Araruama,-22.87278,-42.34306,137906
Araras,-22.35694,-47.38417,135744
Araraquara,-21.79444,-48.17556,168468
Araranguá,-28.93575,-49.49538,71922
Arapongas,-23.41944,-51.42444,124838
Araguari,-18.64722,-48.18722,117808
Aracruz,-19.82028,-40.27333,94765
Araçatuba,-21.20889,-50.43278,208415
Aracaju,-10.91111,-37.07167,664908
Apucarana,-23.55083,-51.46083,134910
Angra dos Reis,-23.00667,-44.31806,179120
Andradina,-20.89611,-51.37944,57202
Andradas,-22.06806,-46.56917,57202
Anápolis,-16.32667,-48.95278,319587
Amparo,-22.70111,-46.76444,68008
Americana,-22.73917,-47.33139,246655
Almirante Tamandaré,-25.32472,-49.31,119825
Alfenas,-21.42917,-45.94722,78970
Alegrete,-29.78306,-55.79194,73028
Alagoinhas,-12.13556,-38.41917,161196
Água Rasa,-20.43333,-45.16667,80484
Copacabana,-22.96898,-43.18563,128919
Guaíba,-30.11389,-51.325,98239
Palmas,-10.16745,-48.32766,306296
Paraíso do Tocantins,-10.17611,-48.86667,52360
Tefé,-3.36841,-64.72054,79278
Tabatinga,-4.23116,-69.93858,67182
São Gabriel da Cachoeira,-0.1181,-67.08527,51795
Rio Branco,-9.97472,-67.81,419452
Porto Velho,-8.76194,-63.90389,548952
Manicoré,-5.80917,-61.30028,57405
Manaus,-3.10194,-60.025,2219580
Manacapuru,-3.29972,-60.62056,111751
Humaitá,-7.51651,-63.03105,56144
Cruzeiro do Sul,-7.62759,-72.67756,89072
Coari,-4.085,-63.14139,85910
Boa Vista,2.81972,-60.67333,419652
Ariquemes,-9.91333,-63.04083,96833
Vilhena,-12.74056,-60.14583,109651
Ji Paraná,-10.88528,-61.95167,140101
Jaru,-10.43889,-62.46639,50591
Cacoal,-11.43861,-61.44722,85893
Açailândia,-4.94667,-47.50472,110611
Águas Lindas de Goiás,-15.76194,-48.28167,245352
Aparecida de Goiânia,-16.82333,-49.24389,527796
Breu Branco,-4.00092,-49.5068,67332
Dom Eliseu,-4.285,-47.505,62322
Ermelino Matarazzo,-23.49472,-46.47389,112333
Fazenda Rio Grande,-25.6575,-49.30806,148873
Ipixuna do Pará,-2.55778,-47.495,65625
Itaim Paulista,-23.50308,-46.38566,205295
Jaboatão dos Guararapes,-8.11278,-35.01472,644037
Lauro de Freitas,-12.89444,-38.32722,203331
Marituba,-1.35528,-48.34194,119437
Novo Gama,-16.05917,-48.03944,107663
Novo Repartimento,-4.33056,-49.79639,60438
Paço do Lumiar,-2.53222,-44.1075,155307
Parauapebas,-6.0675,-49.90222,305771
Pinhais,-25.44472,-49.1925,117000
Redenção,-8.02861,-50.03139,85563
Rolim de Moura,-11.80361,-61.80333,56406
Rondon do Pará,-4.77611,-48.06722,52803
Rurópolis,-4.09556,-54.91028,51500
Santa Luzia,-3.96333,-45.65833,57635
Santo Antônio do Descoberto,-15.93972,-48.255,75829
São Mateus,-23.60583,-46.47889,155682
Sapopemba,-23.59556,-46.52472,266715
Simões Filho,-12.78444,-38.40389,114559
Sinop,-11.86417,-55.5025,223780
Sorriso,-12.54528,-55.71139,124665
Tailândia,-2.94722,-48.95306,72493
Tangará da Serra,-14.61944,-57.48583,114603
Teixeira de Freitas,-17.535,-39.74194,145216
Valparaíso de Goiás,-16.06583,-47.97861,218416
Vargem Grande Paulista,-23.60333,-47.02639,50415
Taguatinga,-15.83326,-48.05506,193367
Barra da Tijuca,-22.99835,-43.36545,421438
Tatuapé,-23.53729,-46.5666,98601
Consolação,-23.55242,-46.65735,53249
Pirituba,-23.48982,-46.7322,179724
Limão,-23.49283,-46.66916,82373
Jardim Paulista,-23.56675,-46.66439,83667
Santana,-23.49032,-46.6387,115689
Pôr do Sol,-15.85502,-48.12433,101866
Itaim Bibi,-23.58581,-46.68241,101452
Vicente Pires,-15.81009,-48.03077,96871
Moema,-23.59521,-46.66449,81899
Planaltina,-15.61791,-47.64874,189412
Luis Eduardo Magalhães,-12.09086,-45.78501,107909
Grajaú,-23.76979,-46.67112,384873
Artur Alvim,-23.54015,-46.48581,104864
Anhanguera,-23.43088,-46.79295,75360
Cidade Dutra,-23.72576,-46.7024,182459
Capao Redondo,-23.66877,-46.78051,270767
Casa Verde,-23.50099,-46.65744,80536
Iguatemi,-23.61277,-46.42667,149700
Sao Lucas,-23.59468,-46.54359,138038
Rio Pequeno,-23.57139,-46.75887,131631
Carrao,-23.55108,-46.53829,84397
Agua Rasa,-23.56684,-46.57188,85788
Cidade Lider,-23.56202,-46.4913,136660
Aricanduva,-23.57381,-46.51561,89574
Jaçanã,-23.46013,-46.5749,94609
Lajeado,-23.53361,-46.40866,164391
Jabaquara,-23.65055,-46.64591,214958
Jose Bonifacio,-23.56742,-46.43264,128243
Cidade Ademar,-23.67379,-46.65681,249218
Belem,-23.5376,-46.59482,55785
Brasilandia,-23.44859,-46.68839,243273
Butanta,-23.5702,-46.72628,123748
Campo Grande,-23.67463,-46.68751,115925
Cangaiba,-23.49696,-46.52045,141172
Campo Belo,-23.62808,-46.66791,71058
Cursino,-23.63143,-46.62072,103171
Mooca,-23.56135,-46.59641,80880
Vila Prudente,-23.59255,-46.57278,105590
Morumbi,-23.59632,-46.70802,51715
Pedreira,-23.70675,-46.64982,163586
Mandaqui,-23.45947,-46.64086,103665
Cachoeirinha,-23.45442,-46.66209,143366
Jardim Angela,-23.71636,-46.76872,311432
Vila Formosa,-23.56786,-46.54599,92186
Vila Guilherme,-23.50918,-46.60577,52587
Vila Jacui,-23.50262,-46.46156,134189
Vila Matilde,-23.53936,-46.51788,103558
Vila Medeiros,-23.48874,-46.57762,114839
Santa Cecilia,-23.5318,-46.65288,80972
Parque Do Carmo,-23.57595,-46.46298,74677
Perdizes,-23.53872,-46.68093,102391
Ponte Rasa,-23.51567,-46.49373,89881
Raposo Tavares,-23.59245,-46.78561,117738
Sao Domingos,-23.49337,-46.74761,88884
Jaguare,-23.54382,-46.74871,55382
Cidade Tiradentes,-23.58481,-46.40084,192177
Bela Vista,-23.56086,-46.64758,60024
Jardim Helena,-23.4837,-46.41309,129409
Jardim Sao Luis,-23.68073,-46.7394,259377
Republica,-23.54476,-46.64105,60720
Sacomã,-23.63083,-46.59817,261436
Sao Rafael,-23.62821,-46.45395,148145
Vila Andrade,-23.62623,-46.72828,168669
Vila Curuca,-23.51,-46.41566,140673
Bosque Saúde,-23.60926,-46.62304,128469
Bairro da Penha,-23.3684,-46.31102,117691
Bairro Parque Nossa Senhora do Carmo,-23.40598,-46.31611,69630
Itapoã,-15.74937,-47.7686,65408
Jardim Botânico,-15.86527,-47.81477,77767
Sobradinho II,-15.63361,-47.83478,82785
Santa Maria,-16.03095,-48.02929,116622
Riacho Fundo II,-15.8981,-48.04671,105210
Samambaia,-15.88231,-48.10428,218840
Águas Claras,-15.83969,-48.02675,128486
Buriticupu,-4.32124,-46.45468,55499
Cidade Ocidental,-16.10971,-47.93261,91767
São Sebastião,-15.90287,-47.77613,98612
Recanto das Emas,-15.90864,-48.06447,115550
Plano Piloto,-15.79411,-47.8825,198697
Nassau,25.05823,-77.34306,227940
Thimphu,27.46609,89.64191,98676
Tlokweng,-24.66861,25.97111,55508
Serowe,-22.38754,26.71077,55676
Palapye,-22.54605,27.12507,52636
Molepolole,-24.40659,25.49508,74861
Mogoditshane,-24.62694,25.86556,88004
Mochudi,-24.41667,26.15,50321
Maun,-19.98333,23.41667,85350
Gaborone,-24.65451,25.90859,246325
Francistown,-21.17,27.50778,103417
Horad Zhodzina,54.0985,28.3331,62983
Zhlobin,52.8926,30.024,76304
Vitebsk,55.1904,30.2049,358927
Svetlogorsk,52.6329,29.7389,61812
Slutsk,53.01522,27.54159,58995
Soligorsk,52.78981,27.53583,96418
Rechytsa,52.3617,30.3916,64733
Polotsk,55.4879,28.7856,79285
Pinsk,52.12153,26.06726,123283
Orsha,54.51362,30.40365,101662
Novopolotsk,55.52618,28.59308,95370
Minsk,53.90019,27.56653,1742124
Mazyr,52.04162,29.21631,104517
Maladziečna,54.3167,26.854,87339
Mahilyow,53.90876,30.34044,352896
Lida,53.88333,25.29972,103262
Kobryn,52.21173,24.3563,52235
Hrodna,53.6758,23.82887,363718
Homyel',52.4345,30.9754,501193
Brest,52.10894,23.71749,347138
Barysaw,54.2279,28.505,133700
Baranovichi,53.13255,26.00775,170039
Bobruysk,53.14676,29.20548,205502
Belize City,17.49952,-88.19756,65222
Abbotsford,49.05798,-122.25257,141397
Ahuntsic-Cartierville,45.56667,-73.66667,135336
Airdrie,51.30011,-114.03528,90044
Ajax,43.85012,-79.03288,119677
Aurora,44.00011,-79.46632,55445
Barrie,44.40011,-79.66634,147829
Belleville,44.16682,-77.38277,50716
Brampton,43.68341,-79.76633,656480
Brantford,43.1334,-80.26636,104688
Brighouse-City Centre,49.16667,-123.13333,62855
Brossard,45.45008,-73.46583,69575
Burlington,43.38621,-79.83713,186948
Burnaby,49.26636,-122.95263,249125
Caledon,43.86544,-79.99322,76581
Calgary,51.05011,-114.08529,1306784
Cambridge,43.3601,-80.31269,129920
Chicoutimi,48.41963,-71.06369,69004
Chilliwack,49.16638,-121.95257,101491
Chomedey,45.53333,-73.75,94030
Cloverdale,49.10797,-122.7276,73355
Coquitlam,49.2846,-122.78217,148625
Dartmouth,44.67134,-63.57719,101343
Delta,49.08917,-123.05322,101668
Drummondville,45.88336,-72.48241,59489
Edmonton,53.55014,-113.46871,1010899
Etobicoke,43.64415,-79.56985,365000
Fleetwood,49.16667,-122.8,65565
Fort McMurray,56.72676,-111.38103,66573
Fredericton,45.94541,-66.66558,63116
Gatineau,45.47723,-75.70164,300045
Gloucester,45.35,-75.63333,150012
Granby,45.40008,-72.73243,66222
Grande Prairie,55.16667,-118.80271,70385
Greater Sudbury,46.49,-80.99001,166004
Guelph,43.54594,-80.25599,143740
Guildford,49.19167,-122.8,64985
Halton Hills,43.6403,-79.93146,62951
Hamilton,43.25011,-79.84963,569353
Kamloops,50.66648,-120.3192,104460
Kanata,45.3001,-75.91606,90000
Kelowna,49.88307,-119.48568,144576
Kingston,44.22976,-76.48098,132485
Kitchener,43.42537,-80.5112,256885
Langley,49.10107,-122.65883,132603
Laval,45.56995,-73.692,438366
Lethbridge,49.69999,-112.81856,103197
London,42.98339,-81.23304,422324
Longueuil,45.5152,-73.46818,229330
Maple Ridge,49.21939,-122.60193,82256
Markham,43.86682,-79.2663,338503
Medicine Hat,50.03928,-110.67661,63138
Metrotown,49.225,-123,52355
Milton,43.51681,-79.88294,132979
Mississauga,43.5789,-79.6583,717961
Moncton,46.09454,-64.7965,86106
Montréal,45.50884,-73.58781,1762949
Nanaimo,49.16638,-123.94003,90504
Nepean,45.33619,-75.7225,180000
Newmarket,44.05011,-79.46631,91034
Newton,49.13333,-122.85,159390
New Westminster,49.20678,-122.91092,78916
Niagara Falls,43.10012,-79.06627,99818
Norfolk County,42.8334,-80.38297,60847
North Bay,46.3168,-79.46633,50396
North Delta,49.16667,-122.91667,60769
North Vancouver,49.31636,-123.06934,88168
Notre-Dame-de-Grâce,45.47675,-73.61432,68152
Oakville,43.45011,-79.68292,213759
Oshawa,43.90012,-78.84957,175383
Ottawa,45.41117,-75.69812,1017449
Ottawa South,45.3921,-75.68725,125090
Peterborough,44.30012,-78.31623,85807
Pickering,43.90012,-79.13289,91771
Pierrefonds,45.45989,-73.89284,59093
Port Coquitlam,49.26637,-122.76932,58000
Prince George,53.9166,-122.75301,78943
Red Deer,52.26682,-113.802,100844
Regina,50.45008,-104.6178,226404
Renfrew-Collingwood,49.245,-123.03758,51530
Repentigny,45.74222,-73.45008,84965
Richmond,49.17003,-123.13683,209937
Richmond Hill,43.87111,-79.43725,202022
Saanich,48.54964,-123.36931,117735
Saguenay,48.41675,-71.06573,148886
Saint-Hubert,45.50008,-73.41583,82548
Saint-Hyacinthe,45.63076,-72.95699,50326
Saint-Jean-sur-Richelieu,45.30713,-73.26259,98036
Saint-Jérôme,45.78036,-74.00365,54948
Saint John,45.27076,-66.05616,71808
Saint-Laurent,45.50008,-73.66585,98828
Saint-Léonard,45.58773,-73.59501,79495
Saint-Louis-de-Terrebonne,45.70198,-73.78669,119944
Saint-Michel,45.56758,-73.62168,56420
Sarnia,42.97866,-82.40407,72125
Saskatoon,52.13238,-106.66892,266141
Sault Ste. Marie,46.51677,-84.33325,72051
Sherbrooke,45.40008,-71.89908,129447
Sherwood Park,53.51684,-113.3187,70618
South Surrey,49.05,-122.79167,77170
St. Albert,53.63344,-113.63533,57719
St. Catharines,43.17126,-79.24267,136803
Stoney Creek,43.21681,-79.76633,76382
Surrey,49.10635,-122.82509,568322
Terrebonne,45.70004,-73.64732,111575
Thornhill,43.815,-79.4242,115292
Thunder Bay,48.38202,-89.25018,108843
Toronto,43.70643,-79.39864,2794356
Trois-Rivières,46.34515,-72.5477,144472
Vancouver,49.24966,-123.11934,662248
Vaughan,43.8361,-79.49827,323103
Verdun,45.46005,-73.57058,69229
Victoria,48.4359,-123.35155,289625
Waterloo,43.4668,-80.51639,104986
Welland,42.98342,-79.24958,52293
Whalley,49.17917,-122.86667,102555
Whitby,43.88342,-78.93287,138501
Windsor,42.30008,-83.01654,229660
Winnipeg,49.8844,-97.14704,749607
Woburn,43.76657,-79.22773,53485
Halifax,44.64269,-63.57688,471559
St. John's,47.56494,-52.70931,110525
Beauport,46.85884,-71.19201,81425
Charlesbourg,46.899,-71.305,82870
Sainte-Foy,46.78139,-71.29217,111300
Québec,46.81228,-71.21454,531902
Lévis,46.80326,-71.17793,143414
Sydney,46.1351,-60.1831,105968
Aylmer,45.4002,-75.80644,56542
Hull,45.42761,-75.71056,63702
Jonquière,48.41648,-71.24884,54842
Orléans,45.45732,-75.50433,125937
Willowdale,43.76672,-79.39909,79440
Lower Sackville,44.77599,-63.67865,51749
La Haute-Saint-Charles,46.89028,-71.37222,88460
Downtown Vancouver,49.28277,-123.11935,62030
Waterfront Communities-The Island,43.63388,-79.3772,65913
Willowdale East,43.7706,-79.40148,50434
East Hastings,49.27169,-123.06186,80740
Le Plateau-Mont-Royal,45.52833,-73.58081,105813
Ville-Marie,45.49899,-73.57046,104944
Le Sud-Ouest,45.47187,-73.58986,86347
Mercier–Hochelaga-Maisonneuve,45.57194,-73.54626,142753
Montréal-Nord,45.6016,-73.63063,86857
Pierrefonds-Roxboro,45.5019,-73.8417,73194
Rivière-des-Prairies–Pointe-aux-Trembles,45.64064,-73.58463,113868
Rosemont–La Petite-Patrie,45.53661,-73.60686,146501
Villeray–Saint-Michel–Parc-Extension,45.55869,-73.60535,144814
Le Vieux-Longueuil,45.53721,-73.50773,135218
La Cité-Limoilou,46.82894,-71.22641,108415
Les Rivières,46.81847,-71.272,77000
Nutana Sector,52.09998,-106.63709,72564
Lakewood,52.1085,-106.59027,51237
University Heights,52.14432,-106.57867,51957
Confederation,52.13912,-106.70356,70192
Fort Garry South,49.79225,-97.16359,65420
Yangambi,0.76755,24.43973,62082
Uvira,-3.39534,29.13779,407092
Tshikapa,-6.41621,20.79995,634529
Rutshuru,-1.18666,29.44669,82680
Nyunzu,-5.95609,28.01649,62565
Mwene-Ditu,-7.00906,23.45278,189177
Mweka,-4.85187,21.5595,81267
Mulongo,-7.83486,26.99852,89340
Baudhuinville,-7.08408,29.73681,81181
Miabi,-6.22149,23.39254,79929
Mbuji-Mayi,-6.13603,23.58979,2101332
Manono,-7.29862,27.39894,82465
Luputa,-7.16177,23.70057,54676
Lodja,-3.52105,23.6005,91409
Lisala,2.15127,21.51672,117464
Kongolo,-5.38532,27.00029,86932
Kisangani,0.51528,25.19099,1181788
Kirumba,-1.09056,29.2925,52041
Kindu,-2.94373,25.92237,234651
Kayna,-0.60927,29.17249,51103
Katwa,0.08928,29.30858,89352
Kasongo,-4.42741,26.66656,81629
Kanyama,-7.51668,24.17404,80043
Kananga,-5.89624,22.41659,1247168
Kamina,-8.73508,24.99798,200184
Kalima,-5.4854,28.21601,72327
Kalemie,-5.94749,29.19471,160961
Kabinda,-6.13791,24.48179,219396
Kabalo,-6.05255,26.9143,81191
Isiro,2.77391,27.61603,255409
Ilebo,-4.33111,20.58638,117245
Goma,-1.67409,29.22845,432587
Gbadolite,4.279,21.00284,73835
Gandajika,-6.74504,23.95328,208051
Butembo,0.14164,29.29117,286242
Buta,2.78582,24.72997,80751
Bunia,1.55941,30.25224,399282
Bumba,2.18771,22.46827,154586
Bukavu,-2.49077,28.84281,816811
Bukama,-9.20443,25.85475,105530
Boende,-0.28163,20.88053,50794
Binga,2.37351,20.49769,96790
Beni,0.49113,29.47306,140731
Basoko,1.23909,23.61598,76371
Bakwa,4.1263,27.39527,100575
Babamba,0.18333,27.48333,81740
Aketi,2.73877,23.78326,61437
Tshilenge,-10.96667,22.9,116073
Lubumbashi,-11.66089,27.47938,2221925
Likasi,-10.98303,26.7384,635768
Kolwezi,-10.71484,25.46674,790248
Kipushi,-11.76097,27.25135,169635
Kambove,-10.87352,26.59746,99884
Fungurume,-10.61771,26.32107,50100
Tshela,-4.99707,12.9484,64210
Nioki,-2.72037,17.69001,62153
Mushie,-3.01728,16.92238,61336
Moanda,-5.92753,12.37148,128804
Mbanza-Ngungu,-5.25837,14.85838,142773
Mbandaka,0.04865,18.26034,455011
Matadi,-5.83861,13.46306,425662
Mangai,-4.02328,19.53385,63713
Kutu,-2.7249,18.14756,56061
Kinshasa,-4.32758,15.31357,16000000
Kimpese,-5.5615,14.43159,79539
Kikwit,-5.04098,18.81619,509367
Kenge,-5.76521,13.65711,63317
Inongo,-1.9275,18.2881,68852
Inkisi,-5.13122,15.0541,115317
Idiofa,-4.96589,19.59151,87882
Gemena,3.25651,19.77234,197159
Dibaya-Lubwe,-4.15869,19.8619,55672
Bulungu,-4.54437,18.60364,81393
Boma,-5.85098,13.05364,297009
Bolenge,0,18.21667,79648
Bandundu Province,-3.31687,17.38063,202904
Masina,-4.38361,15.39139,485167
Hyosha,0.69781,29.51863,74502
Mwene,-9.81697,22.87023,295683
Kituku,-7.58157,30.20604,66378
Mangina,0.60419,29.31004,55439
Bangassou,4.74132,22.81838,54059
Bambari,5.76795,20.67565,83029
Kaga-Bandoro,6.98961,19.18744,55047
Carnot,4.94273,15.87735,129032
Bouar,5.93404,15.59599,71680
Bossangoa,6.49263,17.45518,55353
Bimbo,4.25671,18.41583,348802
Berbérati,4.26116,15.79216,103713
Bégoua,4.45437,18.53475,264067
Bangui,4.36122,18.55496,812407
Pointe-Noire,-4.77609,11.86352,1032000
Dolisie,-4.19834,12.66664,121000
Kayes,-4.20493,13.28608,58737
Brazzaville,-4.26613,15.28318,1982000
Nkayi,-4.18396,13.2859,103000
Zürich,47.36667,8.55,415367
Winterthur,47.50564,8.72413,111840
Sankt Gallen,47.42391,9.37477,75833
Luzern,47.05048,8.30635,81691
Lugano,46.01008,8.96004,63185
Lausanne,46.516,6.63282,139111
Geneva,46.20222,6.14569,201741
Biel/Bienne,47.13713,7.24608,55120
Bern,46.94809,7.44744,121631
Basel,47.55839,7.57327,177595
Zürich (Kreis 11),47.42326,8.52166,54260
Zagné,6.21016,-7.48284,63341
Yamoussoukro,6.82055,-5.27674,275686
Vavoua,7.38194,-6.47778,86977
Toumodi,6.55799,-5.01769,55986
Tengréla,10.48115,-6.40694,52271
Sinfra,6.62103,-5.91144,245226
San-Pédro,4.74851,-6.6363,390654
Oumé,6.38309,-5.41759,58606
Odienné,9.50511,-7.56433,54669
Man,7.41251,-7.55383,241969
Koumassi,5.29716,-3.96753,412282
Korhogo,9.45803,-5.62961,440926
Katiola,8.13728,-5.10095,59641
Issia,6.49224,-6.58558,68263
Guiglo,6.54368,-7.4935,68113
Grand-Bassam,5.2118,-3.73884,96797
Gagnoa,6.13193,-5.9506,277044
Ferkessédougou,9.5928,-5.19449,72476
Duekoué,6.74202,-7.34918,117023
Divo,5.83739,-5.35723,136627
Dimbokro,6.64678,-4.70519,70198
Daoukro,7.0591,-3.9631,101136
Danané,7.25957,-8.15498,78614
Daloa,6.87735,-6.45022,421871
Dabou,5.32556,-4.37685,138083
Boundiali,9.52167,-6.48694,51803
Bouaké,7.69385,-5.03031,832371
Bouaflé,6.99041,-5.7442,104209
Bondoukou,8.0402,-2.80003,141568
Bingerville,5.35581,-3.88537,82983
Anyama,5.49462,-4.05183,133905
Agnibilékrou,7.13113,-3.20415,63015
Agboville,5.92801,-4.21319,81770
Adzopé,6.10694,-3.86194,76122
Aboisso,5.46779,-3.20711,59225
Abobo,5.41613,-4.0159,1340083
Abidjan,5.35444,-4.00167,6321017
Abengourou,6.72972,-3.49639,130810
Marcory,5.31198,-3.99363,214061
Séguéla,7.96111,-6.67306,103980
Soubré,5.78377,-6.59388,131181
Bonon,6.9268,-6.0489,119938
Méagui,5.4119,-6.5603,74365
Viña del Mar,-33.02457,-71.55183,334248
Villa Alemana,-33.04823,-71.3729,97320
Valparaíso,-33.036,-71.62963,282448
Valdivia,-39.81422,-73.24589,133419
Tomé,-36.61756,-72.95593,53219
Temuco,-38.73628,-72.59738,238129
Talcahuano,-36.72494,-73.11684,150499
Talca,-35.4232,-71.64974,197479
Talagante,-33.66386,-70.92734,57323
Santiago,-33.45694,-70.64827,4837295
San Felipe,-32.74976,-70.72584,59294
San Bernardo,-33.59217,-70.6996,249858
San Antonio,-33.59473,-71.60746,87675
Renca,-33.4019,-70.70619,147151
Rancagua,-34.1691,-70.74053,212695
Quilpué,-33.04752,-71.44249,130263
Quillota,-32.88341,-71.24882,67779
Quilicura,-33.36799,-70.71388,210410
Punta Arenas,-53.16282,-70.90922,117430
Puerto Montt,-41.4693,-72.94237,245902
Puente Alto,-33.61169,-70.57577,568106
Peñalolén,-33.46836,-70.53411,241599
Peñaflor,-33.60627,-70.87649,85671
Paine,-33.80796,-70.74109,72759
Padre Las Casas,-38.76081,-72.5982,72892
Padre Hurtado,-33.56839,-70.80584,63250
Ovalle,-30.60106,-71.19901,77138
Osorno,-40.57395,-73.13348,135773
Ñuñoa,-33.44735,-70.58279,255823
Melipilla,-33.68909,-71.21528,63100
Maipú,-33.51421,-70.7651,503635
Los Ángeles,-37.46973,-72.35366,125430
Los Andes,-32.83369,-70.59827,63009
Linares,-35.84667,-71.59308,69535
La Serena,-29.90591,-71.25014,154521
Lampa,-33.2863,-70.87561,102234
La Calera,-32.78676,-71.19795,50221
Iquique,-20.21326,-70.15027,199587
Hualpén,-36.78908,-73.10165,86639
Curicó,-34.98279,-71.23943,102438
Coronel,-37.03386,-73.14019,107759
Coquimbo,-29.95332,-71.33947,161317
Copiapó,-27.36737,-70.33219,129280
Concepción,-36.82699,-73.04977,223574
Colina,-33.20443,-70.67474,146207
Chillán,-36.60664,-72.10344,150396
Chiguayante,-36.9256,-73.02841,84718
Calama,-22.45667,-68.92371,166334
Buin,-33.73257,-70.74281,63419
Arica,-18.47552,-70.30058,241653
Antofagasta,-23.65094,-70.39752,401096
Alto Hospicio,-20.26871,-70.1049,142086
San Pedro de la Paz,-36.83897,-73.10028,121631
La Pintana,-33.58331,-70.63419,201178
Lo Prado,-33.4443,-70.72552,104316
Villa Mercedes,-37.40421,-71.97949,131936
Yaoundé,3.86667,11.51667,1299369
Yagoua,10.34107,15.23288,59069
Tiko,4.075,9.36005,94836
Sangmélima,2.93333,11.98333,80036
Nkongsamba,4.9547,9.9404,162309
Ngaoundéré,7.32765,13.58472,238196
Mutengene,4.0913,9.3144,64054
Mora,11.04611,14.14011,61523
Mokolo,10.74244,13.80227,51999
Melong,5.12181,9.96143,76716
Meïganga,6.51667,14.3,59426
Mbouda,5.62611,10.25421,71867
Mbalmayo,3.51667,11.5,82384
Maroua,10.59095,14.31593,314122
Loum,4.7182,9.7351,58554
Limbe,4.02356,9.20607,131381
Kumbo,6.2,10.66667,125124
Kumba,4.6363,9.4469,225046
Kribi,2.93725,9.90765,93482
Kousséri,12.07689,15.03063,139024
Guider,9.9333,13.94671,81608
Foumbot,5.50803,10.6325,74319
Foumban,5.72662,10.89865,130287
Edéa,3.8,10.13333,103861
Ébolowa,2.9,11.15,101363
Dschang,5.44397,10.05332,99582
Douala,4.04827,9.70428,1338082
Buea,4.15342,9.24231,140533
Bertoua,4.57728,13.68459,137993
Bamenda,5.9597,10.14597,420445
Bafoussam,5.47775,10.41759,373268
Bafia,4.75,11.23333,74050
Bafang,5.15705,10.1771,54505
Zhefang,24.26667,98.28333,51477
Zhangfeng,24.19064,97.80191,53370
Zepu,38.18867,77.27075,51691
Zibihu,26.1143,99.95267,56246
Rikaze,29.25,88.88333,80000
Tengyue,24.99492,98.51276,127133
Jiuquan,39.74318,98.51736,428346
Shache,38.41667,77.24056,128145
Qamdo,31.1304,97.17982,86280
Yingjiang,24.71022,97.93671,80481
Qaraqash,37.27246,79.73438,66541
Mengmao,24.00139,97.86499,112578
Menglang,22.56214,99.91029,86877
Longshan,24.60089,98.70418,65192
Liuku,25.8505,98.85567,63013
Lhasa,29.65,91.1,867900
Laojunmiao,39.83333,97.73333,84769
Bonan,25.46335,99.52826,55685
Kashgar,39.46718,75.98675,506640
Jinhua,26.538,99.91715,53523
Jinding,26.43903,99.44061,53667
Jietou,25.4274,98.65324,65843
Jiayuguan,39.81121,98.28618,231853
Gujangbagh,37.10927,79.93433,408894
Yushu,33.00118,97.00893,141308
Gengqing,31.81668,98.5806,88542
Dêqên,29.96178,90.71875,62400
Baoshan,25.11626,99.16366,935618
Artux,39.70842,76.17971,285000
Xinyuan,43.42649,83.24959,282718
Wujiaqu,44.16279,87.52174,154400
Wensu,41.27548,80.23612,83110
Wusu,44.43105,84.67623,72587
Ürümqi,43.80096,87.60046,4054000
Turpan,42.94769,89.17886,273385
Tacheng,46.74535,82.95847,161037
Shihezi,44.3023,86.03694,572772
Sandaohezi,44.32597,85.62009,60129
Xincheng,41.71497,82.93249,102752
Korla,41.76055,86.15231,549324
Qarasu,44.20276,80.41639,71446
Karamay,45.58473,84.88724,261445
Ghulja,43.91515,81.32151,269158
Hami,42.83393,93.50601,246373
Emin,46.52582,83.63418,57782
Xininglu,44.33957,84.90425,69361
Dunhuang,40.16667,94.68333,186027
Changji,44.00782,87.30461,198776
Baijiantan,45.69298,85.13942,50825
Ālā'ĕr,40.54184,81.26566,126259
Jinshanlu,47.8505,88.13286,190064
Aqsu,41.18418,80.27921,535657
Liangji,33.96389,117.96944,52048
Lanshan,33.93611,117.725,55442
Malingshan,34.20351,118.3565,52711
Gangshang,34.52147,118.11835,51114
Tangzhang,34.14779,117.25395,52985
Xuzhuang,34.29614,117.45798,56099
Nianzhuang,34.29722,117.77222,80617
Tashan,34.33611,117.56667,59162
Zizhuang,34.36152,117.48816,52063
Liuji,34.35833,117.05278,54785
Zhangzhuang,34.51944,117.00556,74114
Fanlou,34.48091,116.85248,62859
Songlou,34.57231,116.60239,79763
Zhuzhai,34.76111,116.81389,56908
Zhaozhuang,34.73889,116.45556,53193
Anguo,34.83056,116.81944,82181
Shizhai,34.80556,116.63889,62956
Yaxing,19.44778,109.26273,76427
Zunyi,27.68667,106.90722,2037775
Zoucheng,35.40056,116.96556,1116692
Ziyang,30.12108,104.64811,905729
Zitong,30.1782,105.82991,212819
Zigong,29.34162,104.77689,1262064
Zhuzhou,27.83333,113.15,1129687
Zhutuo,29.0184,105.84877,58262
Zhumadian,32.98385,114.02586,721670
Zhujing,30.901,121.15966,120084
Zhujiajiao,31.10757,121.05696,60000
Zhuji,29.71877,120.24233,110721
Zhucheng,35.99472,119.3975,499285
Zhuanghe,39.70083,122.99111,742496
Zhoukou,33.63333,114.63333,505171
Zhoucun,36.81667,117.81667,122402
Yuxi,24.355,102.54222,103829
Zhongxing,33.70389,118.67917,57338
Zhongxin,26.61667,101.27154,51866
Zhongwei,37.51129,105.19067,1174600
Zhongshu,24.51667,103.76667,91750
Zhonghe,28.45049,108.98901,105003
Zhongduo,28.8466,108.76416,93928
Gusong,28.3133,105.2377,87882
Zhicheng,31.00751,119.90851,63753
Zhicheng,30.29556,111.50472,159383
Zhenzhou,32.28034,119.16999,176006
Zhenxi,29.89929,107.46452,50017
Zhenping,33.03457,112.22763,181528
Zhenjiang,32.21086,119.45508,950516
Zhaobaoshan,29.9695,121.68753,61979
Zhengzhou,34.75778,113.64861,6650532
Zhengding,38.14501,114.56556,193524
Yongji,34.86611,110.44028,452000
Xinghua,32.93917,119.83417,105918
Zhaotong,27.31667,103.71667,787845
Zhaoqing,23.04893,112.46091,1553109
Zhaogezhuang,39.76538,118.41191,86555
Zhaodun,34.3027,117.85699,76691
Zhaoyuan,37.36497,120.40997,120000
Zhanjiang,21.23391,110.38749,1400709
Zhangzhou,24.51333,117.65556,589831
Zhangzhai,34.61667,116.95,74433
Zhangye,38.93417,100.45167,507433
Zhangjiachuan,34.98756,106.20902,62497
Zhangji,34.1375,117.37556,61929
Zibo,36.79056,118.06333,4704138
Anyang,36.096,114.38278,1146839
Zhabei,31.25861,121.45972,840000
Zaozhuang,34.86472,117.55417,3855601
Zaoyang,32.12722,112.75417,481004
Yuyao,30.05,121.14944,114177
Yuzhou,34.15474,113.46811,87961
Yuxia,34.06153,108.62905,60206
Kunshan,31.37762,120.95431,2092496
Yunyang,33.44743,112.71422,73922
Yunnanyi,25.4245,100.689,93671
Yunmeng Chengguanzhen,31.06251,113.76545,64390
Yunmen,30.08274,106.32376,68698
Yunjinghong,22.01479,100.79843,205523
Yunjin,29.0818,105.64329,54385
Pizhou,34.31139,117.95028,343421
Yunfu,22.92787,112.03809,2612800
Yuncheng,35.02306,110.99278,680036
Yulinshi,38.29181,109.73753,90870
Yulin,22.6305,110.14686,1056743
Wulingyuan,29.34936,110.54407,52712
Yuepu,31.42694,121.42139,139328
Yudong,29.385,106.51944,81408
Yuci,37.68028,112.73194,235929
Yucheng,34.92889,116.46528,62365
Huaiyang,37.76145,114.51703,81861
Yuanshang,36.76833,120.34556,74253
Yuanping,38.71528,112.7575,526000
Qianjiang,30.421,112.8919,179079
Heyuan,23.73333,114.68333,463907
Youxi,29.20936,106.14428,63386
Yongzhou,26.42389,111.61306,1020715
Yongqing,34.74806,106.12694,55595
Yongfeng,27.45493,112.16943,70783
Yongchuan,29.35376,105.89392,192954
Yongbei,26.64623,100.78073,60099
Yong’an,31.01894,109.45949,144314
Yishui,35.78472,118.62806,1007100
Yinma,36.66083,119.4625,83872
Zhongxiang,31.16611,112.58306,439394
Yingtan,28.23333,117,214229
Yingshang Chengguanzhen,32.62945,116.27013,61771
Chengzhong,30.94454,113.55284,265886
Yinchuan,38.46806,106.27306,2859074
Yima,34.73806,111.88389,147800
Yigou,35.81139,114.31667,59073
Qingzhou,36.69667,118.47972,236406
Yichun,27.83333,114.4,1045952
Yicheng,31.70472,112.25611,61027
Yixing,31.36059,119.82016,1285785
Yichang,30.71444,111.28472,1350150
Yibin,28.7593,104.63994,836340
Yezhou,30.60369,109.72333,104839
Yeyuan,36.41667,118.5,97936
Yatou,37.1566,122.43762,91517
Yashan,22.1975,109.94194,56629
Yaowan,34.18333,118.06667,60668
Yaoji,34.06667,117.81667,65897
Yanzhou,35.55278,116.82861,375500
Yantai,37.47649,121.44081,7102100
Yanliang,34.65918,109.22921,60891
Yanjia,29.82758,106.99734,100000
Yangzhou,32.39722,119.43583,4559797
Yangzhou,33.22192,107.54267,64349
Yangtun,34.88333,116.88333,53417
Yangshuo,24.78081,110.48967,300000
Zhangjiagang,31.865,120.53889,1432044
Yangquan,37.8575,113.56333,731228
Yangpu,31.26193,121.51904,1210800
Yangliuqing,39.1375,116.99972,76387
Yanghe,38.27852,106.24776,67901
Yanghang,31.37022,121.43742,204564
Yanggu,36.11056,115.77528,74725
Yangcun,39.36389,117.06028,63756
Yancheng,33.3575,120.1573,1615717
Yan’an,36.59889,109.49167,475234
Ya'an,29.98521,102.999,612056
Tongshan,34.18045,117.15707,329661
Xuyong,28.16992,105.43452,108352
Xucheng,20.33025,110.16643,83267
Shangrao,28.45179,117.94287,1116486
Xunyang,32.82389,109.36528,67929
Xunchang,28.45433,104.71498,118664
Xujiang,26.83945,116.32011,87459
Xuhui,31.19594,121.44709,1109800
Xuchang,34.03189,113.86299,1265536
Xuantan,29.20856,105.56974,69250
Xuancheng,30.9525,118.75528,774332
Xixiang,35.16278,112.865,60745
Xixiang,32.98703,107.764,99867
Xiuying,20.00073,110.29359,290000
Xiulin,29.71667,112.4,240082
Xiugu,27.91132,116.77637,81153
Xiongzhou,25.11667,114.3,79050
Huayuan,28.28635,117.20656,73732
Xinzhou,38.40917,112.73333,544683
Xinzhou,30.86667,114.8,78767
Xinzhou,19.71446,109.31146,67316
Xinzhi,36.49889,111.70472,72303
Xinzhai,36.4,118.61667,100168
Xinyu,27.80429,114.93335,839488
Xinye,32.52875,112.36514,61633
Xinyang,32.12278,114.06556,1416800
Xinxiang,35.19033,113.80151,1047088
Xintai,35.90056,117.75194,222459
Xinshi,31.04704,113.14098,98422
Xinqiao,31.065,121.3075,155856
Xinji,37.92595,115.21907,145911
Xining,36.62554,101.75739,2467965
Shangmei,27.74278,111.29556,75233
Xinhe,36.925,119.59306,69884
Xingtai,37.06217,114.49272,798770
Xingren,25.43333,105.23333,91579
Xingguo,34.85861,105.66861,95211
Ankang,32.68,109.01722,870126
Xindian,36.7975,118.29444,82555
Xindi,29.81667,113.46667,175761
Feicheng,36.24861,116.76583,968100
Xinyi,34.38424,118.34617,300511
Sanshui,23.15486,112.89161,153714
Ximeicun,24.98773,118.3858,94326
Wacheng Neighborhood,33.78333,114.51667,66848
Xihe,31.68635,113.46585,90422
Xigang,38.55258,106.34805,112061
Xiema,29.77415,106.3688,60933
Xichang,27.89642,102.26341,481796
Xichang,21.63333,108.95,80064
Xiazhuang,36.44917,119.83556,88710
Xiazhuang,34.91611,118.63889,63285
Xiazhuang,25.4,100.83333,53954
Xiazhen,34.80222,117.11167,125667
Haining,30.53629,120.68638,70171
Gongyi,34.75534,113.01137,56033
Xiaoweizhai,26.19028,107.5125,58913
Xiaoshan,30.16746,120.25883,95234
Xiaolingwei,32.03244,118.854,66031
Jinfeng,28.2385,116.60054,127076
Xiaogan,30.92689,113.92221,908266
Xianyang,34.33778,108.70261,1034081
Xiantao,30.3708,113.44294,239406
Xianshuigu,38.985,117.38278,74028
Xiannü,32.42806,119.56048,83936
Xianning,29.84347,114.32201,512517
Xianju,28.8547,120.73168,61532
Xiangzhou,36.16444,119.41889,61748
Zhuhai,22.27694,113.56778,2207090
Xiangcheng,25.46687,100.56248,121959
Wenxing,28.68208,112.87864,57117
Xiangxiang,27.73333,112.53333,235000
Xiangtan,27.85,112.9,959303
Xiangyang,32.0422,112.14479,1294733
Xiangcheng,33.85411,113.48719,65833
Xi’an,34.25833,108.92861,12952907
Xiamen,24.47979,118.08187,4617251
Wuzhou,23.48054,111.28848,761948
Wuzhong,37.9867,106.201,7202654
Wuzhen,30.74536,120.4851,60000
Wuyang,31.9925,116.24722,79070
Wuxue,29.85058,115.5525,220661
Wushan,31.07749,109.87639,117873
Wuxi,31.56887,120.28857,4396835
Wushan,34.72083,104.88583,68643
Dongyang,29.26778,120.22528,130387
Changde,29.03205,111.69844,1457419
Wujing,36.45,118.4,60260
Wuhu,31.35259,118.42947,1598165
Wuhan,30.58333,114.26667,13739000
Wuhai,39.68442,106.81583,218427
Wugang,26.7279,110.63198,132457
Wuda,39.49944,106.71167,122696
Wucheng,29.60077,118.17495,60212
Wuchang,30.54314,114.30068,1102188
Wenzhou,27.99942,120.66682,2650000
Wenshang,35.7275,116.49611,59455
Wenling,28.37524,121.38416,67433
Wenjiang,28.38812,104.56339,68433
Tianfu,37.26366,122.05228,115370
Wenchang,19.55158,110.80279,560894
Weinan,34.50355,109.50891,1199290
Weimiao,34.58333,117.06667,51820
Weihai,37.50914,122.11356,844310
Weifang,36.71,119.10194,9386705
Wayaobu,37.13611,109.65972,113698
Wanxian,30.81601,108.37407,859662
Wansheng,28.9629,106.92844,113751
Wanning,18.79931,110.3841,545992
Wangji,33.98333,117.75,54578
Yinzhu,35.87861,119.97528,75656
Wafangdian,39.61833,122.00806,454338
Huangshan,29.71139,118.3125,460786
Loushanguan,28.1368,106.822,80344
Tongzhou,39.90395,116.66183,163326
Fuding,27.32734,120.21399,192352
Tongren,27.71722,109.18528,90593
Tongling,30.95,117.78333,402062
Tongchuan,31.09407,105.08731,58346
Tiefu,34.53333,118.03333,87689
Tianzhuang,36.79583,119.73667,64957
Tianshui,34.57952,105.74238,1212791
Tianpeng,30.98664,103.93933,60797
Tianliu,37,118.78333,67165
Tianjin,39.14222,117.17667,13866009
Chengtangcun,35.08357,117.19071,1756300
Taozhuang,34.85,117.33333,60137
Taozhou,30.90641,119.40865,146610
Taoyuan,33.85278,117.77028,52861
Taoluo,35.27389,119.37028,61852
Tantou,26.03033,119.59739,69050
Tangzhai,34.43278,116.59111,67936
Tangwu,36.44667,118.85972,93260
Tangshan,39.64381,118.18319,3372102
Tangping,22.03177,111.93537,81729
Tangjiazhuang,39.74326,118.45099,79489
Tanghe,32.68545,112.83234,278055
Tanggu,39.02111,117.64694,535298
Taizhou,32.49069,119.90812,1607108
Taiyuan,37.86944,112.56028,5305061
Taixing,32.16667,120.01361,79655
Taihe,30.09949,106.0489,66506
Taishan,22.25135,112.7799,145440
Taicang,31.44778,121.09389,831113
Tai’an,36.18528,117.12,1735425
Suzhou,33.63611,116.97889,1647642
Suyangshan,34.39278,117.75556,65333
Suqian,33.94917,118.29583,1437685
Suozhen,36.95389,118.10472,58766
Suizhou,31.71111,113.36306,618582
Suixi,33.89067,116.77473,74172
Suicheng,33.8963,117.93307,256665
Suining,30.50802,105.57332,656760
Songnan,31.35043,121.48218,127347
Songjiang,31.03443,121.22326,1973500
Songcheng,26.88194,120.00111,165730
Shangsi,22.15627,107.97953,71468
Sitou,36.31275,118.41185,56289
Sishui,35.64889,117.27583,552300
Pu'er,22.78863,100.97481,296565
Shuozhou,39.31583,112.4225,433700
Shuizhai,23.92961,115.76499,140493
Shuikou,23.98372,115.89581,62321
Shuijiang,29.2476,107.28443,50918
Laixi,36.85917,120.52694,341470
Shouxian,34.84648,116.45884,76030
Shouguang,36.88,118.7375,473620
Huinong,39.23333,106.76944,136570
Shizilu,35.17111,118.82889,86749
Shiyan,32.6475,110.77806,3460000
Shiwan,23.00107,113.077,82031
Shitanjing,39.23417,106.34389,78765
Shiquan,33.04083,108.23639,53422
Shiqiaozi,36.16167,119.26306,58538
Shiqiao,22.9464,113.35769,135308
Shiqi,22.51682,113.38521,257472
Shima,24.44647,117.81216,68375
Shilong,23.11444,113.84722,109733
Tongchuanshi,35.07474,109.08495,223603
Shikang,21.76667,109.31667,64818
Shijiazhuang,38.04139,114.47861,5758403
Shibuzi,36.12389,119.10278,58333
Shenzhen,22.54554,114.0683,17494398
Yanta,36.24111,115.66722,79196
Shenjiamen,29.95763,122.29802,95433
Shaping,22.77019,112.95776,107589
Shaoxing,30.00237,120.57864,2300000
Shaowu,27.34089,117.4831,112585
Shaoshan,27.91667,112.51667,118000
Shaoguan,24.8,113.58333,1028460
Shancheng,34.79528,116.08167,74459
Shanwei,22.78199,115.3475,491766
Shantou,23.35489,116.67876,3838900
Shanting,35.07528,117.45778,80843
Shankou,21.6,109.71667,70153
Shanji,34.20472,117.59556,50617
Shangluo,33.86667,109.93056,531696
Shangqiu,34.4143,115.65613,1859723
Shangkou,36.96556,118.88306,65770
Shanghai,31.22222,121.45806,24874500
Shajing,22.74628,113.81903,127089
Shahecheng,36.93833,114.50583,125132
Sanzhuang,35.50333,119.17167,52214
Sanya,18.25435,109.50947,1031396
Sanming,26.24861,117.61861,602166
Sanmenxia,34.78081,111.19287,669307
Sanhui,30.08167,106.5912,51413
Sanhe,39.98049,117.06887,965075
Changsha,22.38124,112.68492,688242
Runan,33.00016,114.34587,60202
Rui’an,27.77605,120.65859,1125000
Tongren,35.51483,102.016,103700
Fuqing,25.7294,119.37469,67397
Jieyang,23.5418,116.36581,1899394
Renzhao,36.63861,120.20361,64569
Renqiu,38.70941,116.10086,98569
Quzhou,28.95944,118.86861,902767
Qujing,25.48333,103.78333,1408500
Qufu,35.59667,116.99111,85144
Quanzhou,24.91389,118.58583,1469157
Wuxi,26.5844,111.859,66442
Zhuangyuan,37.30553,120.82747,79106
Qiuji,33.8,118,76343
Qishan,34.63333,116.8,51750
Qiongshan,20.00864,110.35384,87657
Qionghu,28.84122,112.35505,66145
Qinzhou,21.98247,108.65061,1296300
Qinnan,33.25306,119.91333,55975
Qinhuangdao,39.94104,119.58936,759718
Yizhou,24.5,108.66667,155872
Jinjiang,24.81978,118.57415,1416151
Qingshuping,27.38083,112.02056,62800
Qingquan,30.45113,115.25593,76154
Qingpu,31.15394,121.11408,1271424
Huai'an,33.58861,119.01917,4556230
Qingfu,28.43701,104.51622,56650
Qingdao,36.06488,120.38042,7172451
Qingyuan,23.7,113.03333,1738424
Qincheng,27.2127,116.53008,99987
Qishan,29.84431,117.71937,55500
Hongqiao,26.76837,112.10814,58287
Qibao,31.15267,121.35688,283352
Qiaotou,36.935,101.67361,114712
Qiaoguan,36.56444,118.88389,82467
Puyang Chengguanzhen,35.70622,115.0279,104994
Puyang,29.45679,119.88872,3590000
Putuo,31.251,121.3897,1239100
Putian,25.43944,119.01028,1539389
Puji,36.13194,119.72111,52563
Puqi,29.71667,113.88333,132891
Yongning,22.76101,108.48359,61690
Pulandian,39.39528,121.96694,104277
Pudong,31.23995,121.50094,5681512
Poyang,28.99242,116.66754,70787
Pingyin,36.28306,116.44528,374900
Pingyi,35.50056,117.63083,78254
Pingxiang,27.61672,113.85353,893550
Pingxiang,22.09694,106.75667,129843
Pingshan,22.99376,114.71311,113631
Pingnan,23.5418,110.38929,62483
Pingliang,35.53917,106.68611,504848
Pingjin,30.61176,107.54497,55139
Pingdu,36.78444,119.94639,542234
Pingdingshan,33.73091,113.31554,979130
Pengze,29.89885,116.54572,350000
Pengpu,31.2855,121.4367,152725
Pengcheng,36.43111,114.17,68442
Peicheng,34.73611,116.92472,195363
Picheng,34.46667,117.96667,64585
Panlong,29.50025,105.37066,51177
Pan’an,34.75472,105.11167,70072
Guang’an,30.47413,106.63696,858159
Ningyang,35.76417,116.79139,82994
Yutan,28.25831,112.56048,55312
Hanyuan,32.834,106.25035,50440
Ninghai,37.38422,121.60859,56937
Ninghai,29.28917,121.42472,68330
Ning’er,23.04053,101.03683,162711
Ningbo,29.87819,121.54945,3731203
Nianbo,36.48,102.41639,260184
Neijiang,29.58354,105.06216,1251095
Nanzhou,29.36382,112.40654,54449
Nanzhang Chengguanzhen,31.78394,111.82752,83604
Nanyang,33.00524,112.54659,1811812
Nanxi,28.84209,104.97958,96061
Nantong,32.03028,120.87472,2273326
Nanqiao,30.91611,121.44944,361185
Pucheng,27.92333,118.53333,59832
Nanping,26.645,118.17361,467875
Nanning,22.81667,108.31667,5977185
Nanma,36.18478,118.15486,74406
Nanlong,31.35333,106.06309,63405
Nanjing,32.06167,118.77778,9314685
Nanjian,25.04493,100.51437,50083
Nanhu,35.48778,119.34583,61034
Nangong,37.35464,115.38881,82386
Nanfeng,23.72695,111.79723,86129
Nandu,22.8525,110.82333,61881
Nanding,36.74833,118.05583,85495
Nancun,36.53278,120.13389,124210
Nanchong,30.79508,106.08473,1858875
Nanchang,28.68396,115.85306,2357839
Nanbin,29.9994,108.10913,118597
Nada,19.52134,109.57895,256652
Miyang,24.40417,103.44278,72485
Minhang,31.10881,121.37471,2716600
Mingshui,36.71667,117.5,114858
Mingguang,32.78017,117.96378,645000
Minggang,32.45861,114.04861,67945
Mingcun,36.75361,119.64083,53926
Micheng,25.34294,100.48725,89144
Miaohang,31.32466,121.43953,89615
Mianyang,31.46784,104.68168,1550000
Mianyang,33.15703,106.69445,84606
Mentougou,39.93819,116.09307,197772
Mengyin,35.70694,117.92639,65889
Mengcheng Chengguanzhen,33.26611,116.56605,69916
Meizhou,24.28859,116.11768,992351
Meishan,30.04392,103.83696,1107742
Wuchuan,21.45713,110.76591,907354
Maoming,21.66625,110.91364,1307802
Maocun,34.37667,117.25056,57649
Majie,25.0319,102.638,131696
Zhijiang,30.42139,111.75333,408487
Macheng,31.18013,115.02213,435076
Maba,24.68413,113.59839,113609
Ma’anshan,31.68579,118.51008,741531
Luzhou,28.8903,105.42575,998900
Lüshun,38.8,121.26667,82345
Lushar,36.48416,101.56328,67153
Luoyang,34.67345,112.43684,1390581
Luoyang,24.95938,118.683,66188
Luoyang,23.16244,114.27342,123144
Luorong,24.40583,109.60861,67593
Luomen,34.75417,105.02472,89998
Luojing,31.4782,121.33907,54329
Luojiang,31.30497,104.50484,212186
Luohuang,29.34662,106.43514,71515
Luohe,33.57424,114.03261,1294974
Luodian,31.41556,121.33444,118323
Luocheng,29.38481,104.02862,73581
Lulou,34.71667,116.76667,63704
Lucheng,31.23357,117.28057,89119
Lüeyang Chengguanzhen,33.33205,106.15496,67496
Kangding,30.00222,101.9569,100000
Lubu,23.17233,112.28298,95820
Luancheng,37.88452,114.64629,597130
Lu’an,31.73561,116.51688,1644344
Loudi,27.73444,111.99444,497171
Longyan,25.07485,117.01775,1025087
Longtan,28.75716,108.96414,57769
Longshui,29.56555,105.76205,121609
Longshi,30.21469,106.45743,56142
Longquan,24.67193,102.1613,91534
Longgang,37.65181,120.33063,60444
Longgu,34.90333,116.80667,59086
Longgang,29.69744,105.71369,74605
Longgang,22.72289,114.26326,215273
Longfeng,30.38793,109.50706,61862
Licheng,31.42813,119.48353,72276
Lixian,34.19,105.1725,58300
Guankou,28.15861,113.62709,1380000
Liuxin,34.36861,117.115,65258
Puning,23.31072,116.16869,1998619
Liuquan,34.43417,117.29833,51657
Lishui,28.46042,119.91029,451418
Lishi,29.07888,106.262,66620
Lintong,34.37803,109.20892,75882
Liuzhou,24.32405,109.40698,1436599
Linyi,35.06306,118.34278,2743843
Linxia Chengguanzhen,35.60028,103.20639,274466
Linxi,39.71183,118.44954,100316
Linshui,36.42472,114.20472,109955
Linqu,36.51556,118.53972,299646
Linqiong,30.41587,103.46089,55587
Qingnian,36.84092,115.71087,110046
Linping,30.4225,120.29722,78180
Linjiang,31.09956,108.21964,71149
Linjiacun,35.99389,119.65028,88509
Linghe,36.36417,119.07694,99069
Lingcheng,33.81639,118.11361,53841
Beiliu,22.70722,110.34917,199769
Lingao,19.90873,109.68717,64874
Linfen,36.08889,111.51889,959198
Lincang,23.87972,100.09455,323708
Xishan,27.66667,113.5,98162
Ligezhuang,36.35778,120.14278,65714
Lidu,29.73861,107.29477,88124
Lichuan,30.3,108.85,120587
Licheng,23.29549,113.82465,172775
Licha,36.05722,119.78333,55140
Liaolan,36.67444,119.87528,84306
Liaocheng,36.45064,116.00247,1229768
Lianzhou,24.78186,112.3712,92827
Hepu,21.65921,109.20011,192813
Anning,24.92271,102.48496,106795
Wuwei,37.92672,102.63202,1010295
Liangzhai,34.5,116.75,54742
Liangxiang,39.73598,116.13295,76744
Jiangbei,29.7283,106.63506,60466
Liancheng,25.71826,116.74892,60504
Lianjiang,21.64673,110.28172,1363470
Leshan,29.56227,103.76386,662814
Lengshuitan,26.4111,111.59559,88935
Lengshuijiang,27.68806,111.42944,198299
Leiyang,26.40238,112.85908,129116
Lecheng,25.128,113.35041,124268
Laohekou,32.38583,111.66778,241431
Lanzhou,36.05701,103.83987,4359446
Lanxi,29.21588,119.47156,73706
Lianyuan,27.68833,111.66417,66501
Langfang,39.52079,116.71471,868066
Laizhou,37.18073,119.94217,188000
Laiyang,36.97583,120.71361,872000
Laiwu,36.19278,117.65694,989535
Laibin,23.74743,109.22222,910282
Kunyang,27.66583,120.56583,65009
Kunming,25.03889,102.71833,5950578
Kaiyuan,23.69767,103.30372,198423
Kaili,26.58583,107.97972,275745
Kaihua,23.3695,104.27721,64404
Kaifeng,34.7986,114.30742,1451741
Juye,35.38737,116.07168,58107
Junlian,28.17106,104.51162,80708
Juegang,32.31737,121.18552,73317
Jiyuan,35.08912,112.58815,242143
Jizhou,37.55054,115.56871,362013
Xixiang,22.59306,113.8889,78022
Jiujiang,29.70475,116.00206,1164268
Jiudian,36.9918,120.20412,97604
Jishui,33.73333,115.4,77540
Jishou,28.31925,109.73346,102332
Jinzhou,39.1,121.71667,215386
Jinxiang,27.43265,120.60625,84231
Jinshi,29.60487,111.87012,82906
Jinsha,32.08982,121.07355,95647
Jinjiang,19.73782,110.00928,68720
Jinji,23.22806,110.82611,56816
Jining,35.405,116.58139,1241012
Jinhua,29.10678,119.64421,1463990
Jingzhou,30.35028,112.19028,1052282
Jingzhi,36.31,119.3875,126703
Tianchang,37.99806,114.01556,61292
Jingmen,31.03361,112.20472,632954
Jingling,30.65,113.1,224871
Jingdezhen,29.2947,117.20789,473561
Jing’an,31.22,121.41583,936500
Jing’an,22.21072,113.29218,186000
Jinchang,38.50062,102.19379,228561
Jincheng,35.50222,112.83278,476945
Jinan,36.66833,116.99722,8352574
Jimo,36.38972,120.46222,70733
Jijiang,29.28993,106.25001,196787
Jiexiu,37.02444,111.9125,222100
Jieshou,33.26338,115.36108,141993
Jieshi,22.81027,115.83058,137444
Jiehu,35.54278,118.455,69245
Jiazi,22.87932,116.07318,130298
Jiayue,36.02361,119.17611,93228
Jiaxing,30.7522,120.75,1180000
Jiawang,34.43278,117.44194,133861
Jiaozuo,35.23925,113.23914,865413
Jiaozhou,36.28389,120.00333,619266
Ningde,26.66167,119.52278,429260
Jian’ou,27.04146,118.31897,59187
Jiangzhuang,36.49444,119.79417,72453
Jiangyan,32.50611,120.14278,70375
Jianguang,28.19377,115.7836,61469
Jiangshan,36.67806,120.52917,86642
Jiangmen,22.58333,113.08333,1795459
Jiangkou,25.48694,119.19834,59902
Yangjiang,21.85563,111.96272,1292987
Jiang’an,28.73335,105.0683,67776
Jianchang,27.55831,116.63978,109108
Ji’an,27.11716,114.97927,538699
Guangyuan,32.44201,105.823,516424
Qionghai,19.2425,110.46417,528238
Jiading,31.38575,121.24465,1886100
Huzhou,30.8703,120.0933,1015937
Hutang,31.53429,119.49,56370
Cixi,30.1764,121.2457,1457510
Huoqiu Chengguanzhen,32.35473,116.2939,61904
Humen,22.81899,113.67306,191891
Huizhou,23.11147,114.41523,2900113
Huilong,31.81111,121.655,74818
Huicheng,29.86925,118.43364,74349
Huicheng,23.03845,116.28988,125919
Huguo,28.58626,105.36663,54795
Huazhou,21.63333,110.58333,91701
Huayin,34.56528,110.06639,263352
Huashan,34.63,116.73583,71281
Huankou,34.87,116.66972,77758
Huangzhou,30.45,114.8,122563
Huangshi,30.24706,115.04814,688090
Dasha,23.11037,113.4418,116307
Huangpi,30.88453,114.37789,57554
Huangmei,30.19235,116.02496,77633
Huanghua,35.88917,119.45778,65646
Huanggang,23.67704,116.99961,225956
Daxing,39.74025,116.32693,104904
Huangchuan,32.13902,115.04286,72663
Xingyi,25.09617,104.90639,322890
Huaiyuan Chengguanzhen,32.95893,117.16566,65530
Huainan,32.62639,116.99694,3033528
Huaicheng,23.91952,112.17629,89294
Huaihua,27.56337,110.00404,552622
Huaidian,33.43333,115.03333,89978
Huaibei,33.97444,116.79167,1113321
Huacheng,24.06703,115.61309,101165
Houzhen,36.99136,118.96582,96737
Hongkou,31.25,121.48917,687500
Donghe,32.23341,106.30126,81953
Hongjiang,27.11,109.99556,476000
Honghe,36.40278,118.91806,88458
Hezuo,34.98556,102.90944,59148
Heze,35.23929,115.47358,1346717
Hechuan,29.99228,106.26461,377213
Heshan,28.56938,112.34733,1249807
Hepo,23.43077,115.82991,131238
Hengyang,26.88946,112.61888,1075516
Hengshui,37.73908,115.68348,522147
Hengbei,23.87968,115.72546,78575
Hejiang,28.81161,105.83359,137437
Hefei,31.86389,117.28083,9465881
Hede,33.7722,120.26176,89107
Hecun,36.53333,114.11111,494412
Hebi,35.73231,114.28616,634721
Hanzhong,33.07507,107.02214,1006557
Hanyin Chengguanzhen,32.89139,108.50472,66926
Fu’an,27.09131,119.64446,154439
Hanting,36.77083,119.21083,90637
Hanjia,29.29524,108.16132,108430
Hangzhou,30.29365,120.16142,11936010
Hangu,39.24889,117.78917,208369
Hanfeng,31.16946,108.4031,196528
Changzhi,36.18389,113.10528,1214940
Handan,36.60999,114.48764,1358318
Hanchuan,30.65,113.76667,87737
Hancheng,35.46028,110.42917,397020
Haizhou,34.58167,119.12889,59098
Jiaojiang,28.69844,121.47331,826100
Haimen,23.19346,116.61219,125427
Haikou,24.77985,102.57548,112644
Haikou,20.03421,110.34651,3001600
Guyuan,36.00667,106.28083,411854
Guozhen,34.36591,107.35904,85415
Gunan,29.0231,106.648,208010
Gulin,28.04223,105.81038,116527
Guli,28.88162,120.03308,964203
Guiyang,26.58333,106.71667,4506134
Guixi,30.33355,107.34545,188980
Guiren,33.66972,118.18889,57446
Guiping,23.39483,110.07434,71066
Guilin,25.28022,110.29639,1572300
Guigang,23.11603,109.59472,1086327
Gucun,31.34933,121.39341,240185
Gucheng Chengguanzhen,32.26604,111.63476,74038
Guanzhuang,36.26333,119.19389,50826
Guanyin,29.09926,104.39416,63606
Guanhu,34.42528,117.99528,97705
Guangzhou,23.11667,113.25,18676605
Guangshui,31.6199,113.9978,154771
Gongguan,21.8,109.6,96492
Gelan,30.03589,107.11612,55938
Gejiu,23.36085,103.15372,136135
Gaozhou,21.91965,110.85678,292164
Gaoyou,32.78933,119.44182,90911
Gaoping,30.77576,106.10294,204368
Gaomi,36.38333,119.75278,391986
Gaoliu,36.8,118.5,67339
Gaogou,34.0175,119.18861,56214
Ganzhou,25.84664,114.9326,1977253
Gantang,27.4375,111.97306,89000
Ganshui,28.74222,106.71111,65994
Gangu Chengguanzhen,34.73564,105.32632,103589
Fuzhou,27.95999,116.33333,1089888
Fuzhou,26.06139,119.30611,4094491
Fuyang,32.9,115.81667,1768947
Fuyang,30.05333,119.95194,70183
Qingyang,37.49583,121.25806,65622
Fuling,29.70997,107.39391,268658
Fuji,29.14819,105.37391,131927
Foshan,23.02677,113.13148,9042509
Fenyi,27.81117,114.66805,58478
Fenshui,30.7197,108.08333,60308
Fengyi,25.58399,100.31181,61890
Fengcheng,34.70388,116.58717,161850
Fengrun,39.82664,118.13822,65150
Fengkou,30.08268,113.33346,67139
Fenggang,27.54566,116.21456,64715
Feicheng,35.26056,117.9675,80929
Fangshan,39.68699,115.99658,97026
Fangcun,34.08639,117.47361,54035
Fangcheng,33.25692,113.00099,93808
Ezhou,30.4,114.83333,193652
Enshi,30.3,109.48333,279185
Encheng,22.18659,112.30424,110921
Duzhou,29.87848,107.0784,51888
Duyun,26.26667,107.51667,198516
Dushan,25.83333,107.53333,80045
Duobao,30.67,112.68952,90257
Dunhou,27.05,114.9,94445
Ducheng,23.24212,111.5284,95525
Duoba,36.65795,101.53374,66767
Xinyi,22.37303,110.94746,1014577
Dongying,37.46271,118.49165,998968
Dongxing,21.55,107.96667,130000
Dongxi,28.76139,106.66111,58169
Dongtai,32.85231,120.30947,262873
Dongsheng,39.81609,109.97763,574242
Dongkan,33.99972,119.83083,72789
Donghai,22.94593,115.64204,264709
Dongguan,23.01797,113.74866,9644871
Dongdu,35.85,117.7,72957
Dongcun,36.77667,121.15972,658000
Xinle,38.34898,114.68531,99347
Dingzhou,38.51473,114.9868,152934
Dingxi,35.57088,104.62303,420614
Dingtao,35.07436,115.56582,58206
Dingjia,29.409,106.14228,60585
Dezhou,37.44661,116.36706,679535
Deyang,31.13019,104.38198,735070
Deqing,30.54485,119.9599,87576
Dengzhou,37.80822,120.75908,85279
Dengzhou,32.68273,112.08873,285032
Songyang,34.45549,113.03194,62375
Degan,29.27846,106.23157,83950
Liping,26.23111,109.13139,82710
Dazhong,33.19973,120.4578,84323
Zhangjiajie,29.12944,110.47833,441804
Daye,30.08333,114.95,871214
Lijiang,26.86879,100.22072,211151
Daxing,27.26369,100.86387,52568
Dazhou,31.2106,107.46308,1589435
Dawukou,39.04194,106.39583,131880
Datun,34.80923,116.90174,110258
Datong,32.62082,117.06319,61085
Fenghua,29.65628,121.4064,76653
Daotian,36.83389,118.89778,93728
Daokou,35.56895,114.51593,56637
Danshui,22.7984,114.46716,126701
Danjiangkou,32.54278,111.50861,92008
Gushu,31.56055,118.48147,60335
Xincheng,33.63333,115.18333,65411
Damiao,34.26411,117.36379,77179
Daliang,22.84067,113.2503,210411
Dalian,38.91222,121.60222,7450785
Dali,25.58474,100.21229,235305
Dachang,31.30873,121.41526,371856
Chuzhou,32.32194,118.29778,782671
Chuxiong,25.03639,101.54556,555081
Yangchun,22.16667,111.78333,153547
Yiwu,29.31506,120.07676,1481384
Chongqing,29.56026,106.55771,22000000
Chengqiao,31.63082,121.39252,113442
Chonglong,29.78062,104.85224,58441
Chóngfú,30.53113,120.4309,112060
Chizhou,30.66134,117.47783,615274
Chenzhou,25.8,113.03333,822534
Chengyang,35.57944,118.83278,66588
Chengxian Chengguanzhen,33.74775,105.73294,69427
Jiangyin,31.91102,120.26302,1779515
Chenggu,33.14917,107.32583,116375
Chengdu,30.66667,104.06667,20937757
Chenghua,23.46132,116.77007,152453
Chaozhou,23.65396,116.62262,1750945
Chaohu,31.6,117.86667,138463
Changzhou,31.77359,119.95401,3290918
Changzhi,35.20889,111.73861,699514
Changyuan,29.40499,105.58827,186653
Changyi,36.85361,119.39083,302072
Changsha,28.19874,112.97087,3093980
Changqing,36.5575,116.72722,82598
Changning,31.21739,121.42105,694900
Changning,28.57773,104.92087,81248
Changli,39.70647,119.1603,64476
Changleng,28.7,115.81667,56429
Changle,36.70583,118.8275,259161
Changle,21.83333,109.41667,62763
Changcheng,36.09056,119.45167,63208
Chaigou,36.24889,119.62417,79043
Caoqiao,34.3405,118.11038,65243
Caohe,30.2297,115.43346,67370
Weining,26.85,104.23333,56744
Cangzhou,38.31124,116.85334,527681
Caidian,30.58333,114.03333,71891
Buhe,30.28757,112.22979,106347
Bozhou,33.87722,115.77028,1409436
Botou,38.07366,116.56667,63045
Boshan,36.48333,117.83333,153596
Baise,23.89013,106.62684,686078
Bishan,29.59491,106.22476,204702
Binzhou,37.36667,118.01667,682717
Bijie,27.30193,105.28627,1137383
Bianzhuang,34.84861,118.04472,65381
Bengbu,32.94083,117.36083,972784
Beisu,38.15479,114.80689,52752
Beimeng,36.60444,119.49556,66277
Beijing,39.9075,116.39723,18960744
Beihai,21.48349,109.11549,525329
Beidao,34.56861,105.89333,74767
Beibei,29.82739,106.43645,247702
Bayiji,34.26667,117.68333,65830
Bayan Hot,38.83861,105.66861,94445
Basuo,19.10267,108.66565,444458
Bashan,27.76823,116.05017,103748
Barkam,31.90059,102.22092,58390
Baoying,33.22917,119.30917,80292
Baoshan,31.40845,121.48956,2265900
Shaoyang,27.23818,111.46214,753194
Langzhong,31.55037,105.99381,60542
Baoding,38.87288,115.46246,2739887
Baiyin,36.54696,104.17023,294400
Baixi,28.6997,104.54917,88251
Baisha,29.06226,106.1189,115761
Baisha,21.71667,109.68333,89759
Baimajing,19.71195,109.21801,59585
Baihecun,22.11321,107.23592,63629
Shangyu,30.01556,120.87111,839747
Bachuan,29.84863,106.05046,208520
Babu,24.41667,111.51667,65603
Aoxi,27.42589,115.83643,82717
Shenliu,29.41369,112.16435,57769
Ānwén,29.05951,120.43768,51994
Anshun,26.25,105.93333,765313
Anqiu,36.43417,119.1925,364208
Anqing,30.51365,117.04723,804493
Mabai,23.01279,104.45081,63569
Anlu,31.2575,113.67833,71198
Anlong,25.1,105.51667,86416
Anliu,23.69824,115.67953,115560
Anjiang,27.31944,110.10306,55421
Naxi,28.77422,105.36488,50020
Anbu,23.44895,116.68092,162964
Ahu,34.37664,118.60308,55298
Jiangyou,31.76667,104.71667,127225
Suzhou,31.30408,120.59538,6715559
Zhoushan,29.98869,122.20488,882932
Dacheng,19.50927,109.39275,84620
Guanshan,33.79833,117.86639,51086
Mudu,31.25597,120.51857,61902
Songling,31.1933,120.71758,77566
Xinxing,34.77597,105.32216,97483
Shima,28.98773,105.92441,69881
Banan,29.37861,106.54,508703
Nanhai,23.02193,113.14278,3667247
Dianbu,36.70167,120.35111,52613
Yunshan,36.82417,120.22611,52249
Nantou,22.72171,113.29261,130370
Tanzhou,22.25503,113.46692,382445
Sandu,19.7894,109.215,76757
Wuzhishan,18.78229,109.5013,112269
Shijie,23.09546,113.79195,246960
Lianghu,29.99152,120.89845,155000
Zhoucheng,35.91222,116.31167,72070
Dalianwan,39.02861,121.695,55841
Wuyishan,27.75995,118.03066,137133
Yueyang,29.37455,113.09481,991465
Hedong,23.9196,115.7801,101825
Zhenlai,45.84963,123.19791,67760
Shuangliao,43.51067,123.50069,93666
Zhaozhou,45.70595,125.26606,114009
Zhaoyuan,45.51971,125.07633,93505
Zhaodong,46.05223,125.9552,154406
Zhangjiakou,40.78341,114.87139,692602
Zhalantun,48.00945,122.73651,132224
Yushu,44.82751,126.54063,124736
Youhao,47.85306,128.83565,78402
Yingkou,40.66472,122.23176,591159
Yilan,46.3223,129.56081,71180
Yichun,47.72143,128.87529,155762
Yebaishou,41.3975,119.64083,65536
Yantongshan,43.29194,126.00944,57515
Yanji,42.88825,129.50241,326957
Yakeshi,49.28333,120.73333,116284
Xuanhua,40.61205,115.06463,373422
Xiuyan,40.29278,123.27444,71614
Xinqing,48.28701,129.52337,55415
Xinmin,41.99083,122.82528,565634
Xinglongshan,43.95611,125.46611,58432
Xingcheng,40.61667,120.71667,98968
Xilin Hot,43.96667,116.03333,213000
Xifeng,42.73722,124.72222,61087
Xiaoshi,41.29711,124.12092,68994
Wūdān,42.93444,119.02389,138695
Wuchang,44.92754,127.16039,94786
Wangqing,43.31077,129.76334,88732
Hepingjie,42.05972,126.91583,65298
Wangkui,46.83214,126.47657,99617
Ulanhot,46.08333,122.08333,265600
Tumen,42.96562,129.84199,78719
Tongliao,43.6125,122.26528,261110
Tonghua,41.71972,125.92639,510000
Tieling,42.29306,123.84139,459985
Tieli,46.97544,128.04804,107621
Taonan,45.33319,122.78464,112819
Tailai,46.39004,123.40849,66623
Dorbod,46.86135,124.442,55316
Tahe,52.32148,124.69761,60874
Sujiatun,41.65917,123.33917,148113
Suiling,47.23489,127.10769,57124
Suihua,46.64814,126.96656,252245
Suifenhe,44.39982,131.14775,100000
Songjianghe,42.1859,127.47895,67672
Siping,43.16143,124.37785,627957
Shunyi,40.12175,116.64783,117623
Shulan,44.41134,126.94827,77420
Shuangyashan,46.67686,131.13273,600000
Shuangyang,43.52259,125.65948,62137
Shuangcheng,45.3798,126.30711,130710
Shiguai,40.70583,110.28556,70357
Shenyang,41.79222,123.43278,9070093
Shanhecun,45.71131,128.58029,57550
Shanhaiguan,40.00119,119.75395,140000
Shangzhi,45.20562,128.00242,131006
Sanchazi,42.08167,126.60028,66576
Salaqi,40.54139,110.51083,104090
Fendou,46.64142,124.86283,226298
Qitaihe,45.768,130.9953,345033
Qiqihar,47.33922,123.96154,882364
Qinggang,46.69833,126.0921,64182
Songyuan,45.12902,124.82769,113611
Pingzhuang,42.03722,119.28889,67273
Panshi,42.93719,126.05743,80200
Panshan,41.18806,122.04944,625040
Nianzishan,47.51344,122.88788,62131
Nenjiang,49.17405,125.21967,87236
Nehe,48.4793,124.87016,108253
Nantai,40.9241,122.80437,56478
Nanpiao,41.09822,120.74792,157044
Lianhe,47.13333,129.27426,121367
Mujiayingzi,42.11667,118.78333,60627
Mudanjiang,44.54804,129.62594,665915
Mishan,45.55,131.88333,87257
Antu,43.10247,128.90848,58872
Mingshui,47.17944,125.90284,59369
Meihekou,42.52869,125.67876,99419
Manzhouli,49.6,117.43333,54808
Longjing,42.77131,129.42307,117185
Longjiang,47.33601,123.196,106384
Longfeng,46.53168,125.1038,152074
Liuhe,42.28473,125.74544,66975
Lishu,43.30727,124.33371,61584
Linkou,45.2762,130.27332,77754
Linjiang,41.80694,126.90778,69149
Lingyuan,41.24,119.40111,646000
Lingdong,46.55428,131.14493,83636
Liaozhong,41.50611,122.72417,395017
Longshan,42.88545,125.1367,465249
Liaoyang,41.27194,123.17306,687890
Lanxi,46.25773,126.28065,72528
Langxiang,46.94985,128.86849,57318
Langtoucun,40.04068,124.33525,59046
Kuandian,40.72861,124.78472,70867
Kaiyuan,42.53306,124.04028,112462
Kaitong,44.80913,123.08108,62537
Jixi,45.29322,130.96217,403759
Jiutai,44.15127,125.82975,175115
Jiupu,41.06667,122.95,123843
Jishu,44.31667,126.8,103988
Jinzhou,41.10778,121.14167,1524362
Lianshan,40.76432,120.85327,313247
Jining,41.0275,113.10583,258757
Jilin,43.84652,126.5608,1895865
Jidong,45.256,131.11637,58520
Jiaohe,43.72133,127.33473,123018
Jiamusi,46.79711,130.31118,549549
Jalai Nur,49.45,117.7,107828
Jiagedaqi,50.41667,124.11667,137105
Hushitai,41.94175,123.50266,61979
Hunchun,42.86736,130.35689,77028
Huludao,40.75243,120.83552,944495
Hulan Ergi,47.20417,123.63333,265344
Hulan,45.89326,126.57836,109104
Huinan,42.6225,126.26139,66315
Huanren,41.26472,125.36667,229953
Huangnihe,43.55833,128.02389,54959
Huanan,46.23624,130.54642,66087
Huadian,42.97213,126.74107,139047
Honggang,46.3974,124.88447,147977
Hohhot,40.81056,111.65222,3446100
Hengshan,45.20837,130.89808,164844
Helong,42.53974,128.99722,85756
Heishan,41.68917,122.11278,68603
Heihe,50.24413,127.49016,223832
Hegang,47.34727,130.29033,743307
Harbin,45.75,126.65,10009854
Hailun,47.44663,126.92475,109881
Hailin,44.57149,129.38539,144443
Hailar,49.2,119.7,211066
Haicheng,40.85158,122.74754,191651
Beining,41.59556,121.79278,152033
Gongzhuling,43.50075,124.81979,180700
Gongchangling,41.11667,123.45,70761
Genhe,50.78333,121.51667,73631
Gannan,47.92038,123.50046,59239
Fuyu,47.79494,124.45773,75147
Fuyu,45.18333,124.81667,138704
Fuxin,42.01556,121.65889,689050
Fushun,41.88669,123.94363,1400646
Jixian,46.72594,131.13308,59160
Fujin,47.24723,132.02957,89442
Beichengqu,40.43944,113.15361,72444
Fengcheng,40.45361,124.07167,195700
Erdaojiang,41.77639,126.03194,60831
Dunhua,43.36954,128.22861,148844
Dongning,44.08436,131.11841,61440
Dongling,41.81444,123.57583,171454
Donghe,40.56611,110.01972,484218
Dongfeng,42.67387,125.52885,67820
Didao,45.34725,130.83693,109561
Dehui,44.53674,125.69427,108818
Datong,40.09361,113.29139,3105591
Dashitou,43.30667,128.51139,65683
Dashiqiao,40.63732,122.50251,80223
Daqing,46.58333,125,1604027
Dandong,40.12917,124.39472,815858
Linghai,41.16528,121.36667,56176
Dalai,45.5,124.3,93297
Chifeng,42.26833,118.96361,346654
Chengzihe,45.33611,131.00489,98188
Chengde,40.9519,117.95883,920395
Chaoyang,42.66223,126.0263,75347
Chaoyang,41.57028,120.45861,410005
Changtu,42.77884,124.09545,71284
Changping,40.21612,116.23471,93174
Changling,44.27295,123.97559,55841
Changchun,43.88,125.32278,5691024
Changbai,41.41772,128.19624,58266
Chaihe,44.7598,129.67826,67963
Boli,45.7529,130.58452,95260
Bin Xian,45.74274,127.46053,62017
Benxi,41.28861,123.765,865215
Beipiao,41.79194,120.77917,190315
Bei’an,48.26667,126.6,436444
Bayan,46.07622,127.39369,55186
Baotou,40.6516,109.84389,2761700
Baoshan,46.57472,131.39318,123791
Baoqing,46.32452,132.1897,62991
Muling,44.91647,130.51707,66170
Baishishan,43.58333,127.56667,56992
Baiquan,47.60659,126.08231,70472
Baicheng,45.61751,122.83302,316970
Baishan,41.93853,126.41965,183880
Anshan,41.12361,122.99,3325372
Anda,46.44867,125.30161,181271
Oroqen Zizhiqi,50.56667,123.71667,61582
Aihui,49.97946,127.48119,192764
Acheng,45.54558,126.95191,144665
Songlingcun,40.29394,118.27143,52277
Hondlon,40.64833,109.79389,787681
Qingshan,40.66306,109.88167,719255
Doilungdêqên,29.65505,90.99177,137451
E’zhou,30.39607,114.88655,668727
Jinniu,25.80062,100.57435,96883
Shuifu,28.63215,104.40783,102143
Shilin,24.81878,103.33237,55000
Panzhihua,26.58509,101.71276,787177
Maozhou,22.76361,113.81288,74910
Gongheyong,22.75923,113.79452,204881
Tantou,22.75121,113.83496,320304
Taifu,28.98198,105.63702,58663
Zhongshan,22.52306,113.37912,3841873
Nanshan Residential,22.53334,113.92978,1795826
Tongchuan,34.8988,108.95056,417740
Changshu,31.64615,120.74221,1677050
Shixing,24.94824,114.06572,72996
Jiashan,30.84918,120.92583,137112
Fenghuang,27.93557,109.59961,370000
Dengbu,28.2084,116.81717,63814
Hezhou,24.40357,111.56675,1005490
Zhu Cheng City,35.99502,119.40259,1000000
Xingqiao,30.39943,120.25171,52400
Gaojing,31.32225,121.4751,127512
Changzheng,31.23913,121.36779,229925
Xiayang,31.14967,121.11588,137321
Shangri-La,27.82511,99.70779,186400
Maqin County,34.47442,100.24496,59900
Xilinhot,43.93889,116.07021,349953
Lhoka,29.24301,91.77239,353700
Huajing,31.122,121.44925,67415
Huangpu,31.2378,121.4781,656200
Ulanqab,40.993,113.133,550231
Ordos,39.6086,109.78157,2153638
Chengxiang,31.39798,109.57063,89080
Baidi,31.05761,109.59088,56216
Taizhou,28.66266,121.43312,1485502
Zhoujiaba,30.84349,108.36642,88494
Taibai,30.82482,108.35783,108387
Zhonggulou,30.82491,108.38413,85873
Pailou,30.79641,108.3858,104351
Bai’anba,30.76283,108.43717,91947
Sanhe,29.86864,107.73027,140954
Qingxichang,28.40417,108.90442,53552
Qianjiang,29.53284,108.77478,143727
Lizhi,29.70317,107.39521,156753
Fengcheng,29.82587,107.06019,175576
Shuangfengqiao,29.71859,106.62712,67717
Huixing,29.68403,106.61486,186972
Qiantang,30.18424,106.3165,65894
Dashi,30.09372,106.22227,61426
Yangcheng,29.99968,106.25604,186242
Nanjin,29.98497,106.26529,143766
Tangxiang,29.70226,105.72363,66325
Shenglilu,29.35048,105.8775,134218
Nandajie,29.33773,105.89237,88948
Qinggang,29.4677,106.23618,78582
Wenshan City,23.36306,104.25047,450000
Tuanbao,30.33675,109.13465,59580
Bole,44.89334,82.06993,235585
Liupanshui,26.59444,104.83333,1320825
Huanggang,30.45143,114.87035,366769
Nanchuan,29.15201,107.10335,204775
Datong,28.59648,106.66749,51025
Xingning,24.1483,115.72272,274499
Bageqi,37.14071,79.83509,57153
Rizhao,35.41414,119.52908,661943
Shanwang,36.5454,118.711,63195
Puyang,35.75641,115.04363,655674
Jianshui,24.2774,101.224,490000
Liuzhi,26.2342,105.426,138826
Xuzhou,34.20442,117.28386,1253991
Panjin,41.121,122.0739,1166481
Lianyungang,34.59845,119.21556,2001009
Rugao,32.37035,120.57649,257400
Jinzhong,37.68403,112.75471,1226617
Baoji,34.36775,107.23705,1437802
Puxi,31.24414,121.46592,6683712
Sino-Singapore Tianjin Eco-city,39.15314,117.78352,100000
Qipan,34.24469,118.22113,66419
Huocheng,44.05305,80.87173,360000
Longnan,33.39791,104.91703,85826
Bayan Nur,40.74143,107.38599,1760000
Bazhong,31.8694,106.74432,2712894
Tumxuk,39.86984,79.06118,135727
Wulong,29.32431,107.76056,78225
Chongzuo,22.38161,107.3683,384905
Kageleke,37.30096,79.60128,75730
Fangchenggang,21.76945,108.35661,276315
Dali Old Town,25.68863,100.15894,82566
Yunlong,34.25281,117.25167,345393
Dapeng,34.28436,117.07522,52219
Daxu,34.28239,117.55266,66563
Liguo,34.55287,117.33296,54960
Dashahe,34.53847,116.62453,51916
Wanggou,34.67147,116.49213,67140
Jing'an,34.49621,116.92249,57825
Yingqiu,36.52663,118.99285,92564
Yishan,36.22107,118.69663,78408
Huiqu,36.27136,119.04903,59323
Buzhuang,36.91218,119.5566,53474
Baicheng,36.32743,119.77875,77235
Jinggou,36.28176,119.55185,62917
Kanjia,36.37227,119.58208,75669
Huanglou,36.64709,118.60554,80055
Yidu,36.77121,118.42454,105070
Dongxia,36.74918,118.58268,84083
Heguan,36.88998,118.57379,73470
Shaozhuang,36.74701,118.31655,66728
Tanfang,36.69977,118.67087,91460
Gucheng,36.95347,118.76246,60149
Hualong,36.94589,118.58864,52660
Jitai,36.75724,118.73866,52144
Taitou,37.02733,118.63392,60354
Yingli,37.065,118.81029,57091
Lingwu,38.10191,106.34017,52863
Shizuishan,38.98082,106.3892,739400
Hechi,24.69285,108.08376,330131
Menghuan,24.43532,98.58375,99970
Fengping,24.39735,98.5177,69586
Miaojie,25.31232,100.27983,62540
Yongjian,25.42543,100.21244,53970
Yousuo,26.02527,100.06771,53233
Sanchuan,26.75041,100.65894,56345
Wanzhou,30.76451,108.39586,1545900
Zhuyi,31.02543,109.38562,55627
Yintai,35.11524,109.09702,217509
Qingyang,35.70976,107.64455,2125400
Daxing’anling,52.33385,124.71242,520000
Zhawa,37.21421,79.62897,52165
Dazeshan,36.98874,119.92224,60034
Dianzi,36.9011,119.86572,51267
Yanghe,36.13806,119.91353,50371
Shuanglonghu,29.71617,106.60684,128563
Liangping,30.66108,107.7661,137620
Longling County,24.58663,98.68934,270000
"Mianzhu, Deyang, Sichuan",31.33786,104.22057,510000
Pingwu County,32.40732,104.52738,180000
Hulunbuir,49.21141,119.75582,349400
Shajing Town,22.73846,113.80755,67093
Bao'an,22.55213,113.88288,4476554
Shenzhen City Centre,22.53589,114.0771,70826
Bao'an Centre,22.57953,113.9163,120170
Luohu District,22.54721,114.13149,1143801
Mengzi,23.36779,103.38212,595100
Lushui,25.8232,98.85853,197000
Lüliang,37.5192,111.14436,3346500
Nyingchi,29.64885,94.35509,200000
Lhünzhub,29.8931,91.26166,50596
Chéngguān Qū,29.63842,91.04441,478275
Nossa Senhora de Fátima,22.20769,113.54831,126000
Santo António,22.20208,113.54394,129800
São Lourenço,22.18851,113.53488,51700
Jinshan,30.83556,121.29373,822776
Fengxiang,30.85841,121.46779,1140872
Chongming,31.61852,121.69621,637921
Pánlóngchéng Jīngjì Kāifāqū,30.69306,114.27074,59207
Zipaquirá,5.02208,-74.00481,130432
Yumbo,3.58234,-76.49146,71436
Yopal,5.33573,-72.3939,168433
Villavicencio,4.13238,-73.62564,321717
Villa del Rosario,7.83389,-72.47417,64951
Valledupar,10.46538,-73.2531,490075
Turbo,8.09263,-76.72822,50508
Turbaco,10.32944,-75.41137,56171
Tunja,5.54481,-73.35756,172548
Tumaco,1.79112,-78.79275,86713
Tuluá,4.08466,-76.19536,221684
Soledad,10.91843,-74.76459,342556
Sogamoso,5.71434,-72.93391,111336
Soacha,4.57937,-74.21682,655025
Sincelejo,9.3045,-75.3905,277773
Santa Rosa de Cabal,4.86806,-75.62139,57928
Santander de Quilichao,3.00945,-76.48494,99354
Santa Marta,11.23855,-74.19427,499192
San Marcos,8.65972,-75.12809,60735
San Andrés,12.57858,-81.69973,58257
Sahagún,8.94617,-75.44275,59188
Sabaneta,6.15153,-75.61657,82375
Sabanalarga,10.63072,-74.92214,102334
Rionegro,6.15515,-75.37371,128153
Riohacha,11.54444,-72.90722,188014
Quibdó,5.69188,-76.65835,129237
Puerto Berrío,6.49156,-74.40326,51079
Popayán,2.43823,-76.61316,318059
Planeta Rica,8.4115,-75.58508,69708
Pitalito,1.85371,-76.05071,135711
Piedecuesta,6.98789,-73.04953,163362
Pereira,4.81428,-75.69488,467269
Pasto,1.21456,-77.27846,392930
Pamplona,7.37565,-72.64795,53587
Palmira,3.53944,-76.30361,312519
Ocaña,8.23773,-73.35604,101158
Neiva,2.93001,-75.27973,357392
Mosquera,4.70592,-74.23021,128012
Montería,8.75081,-75.87823,490935
Montelíbano,7.97917,-75.4202,90450
Mocoa,1.15284,-76.65208,56398
Medellín,6.245,-75.57151,1999979
Marinilla,6.17358,-75.33621,57403
Manizales,5.0668,-75.50684,434403
Malambo,10.85953,-74.77386,129148
Maicao,11.37837,-72.2395,166603
Magangué,9.24202,-74.75467,123982
Madrid,4.73245,-74.26419,135000
Los Patios,7.83793,-72.5037,58661
La Dorada,5.44783,-74.66311,81950
Itagüí,6.18461,-75.59913,281853
Ipiales,0.82501,-77.63966,77729
Ibagué,4.43573,-75.20289,529635
Granada,3.54625,-73.70687,68876
Girón,7.0682,-73.16981,108466
Girardot City,4.30079,-74.80754,107324
Fusagasugá,4.33646,-74.36378,88820
Funza,4.71638,-74.21195,116890
Fundación,10.52066,-74.18504,59175
Floridablanca,7.06222,-73.08644,267591
Florencia,1.61549,-75.60412,168346
Facatativá,4.81367,-74.35453,141762
Espinal,4.14924,-74.88429,56213
Envigado,6.17591,-75.59174,163007
El Banco,9.00114,-73.97581,54522
El Bagre,7.60347,-74.80951,51150
Duitama,5.8245,-73.03408,92040
Dosquebradas,4.83916,-75.66727,206693
Cúcuta,7.90745,-72.5049,777106
Cimitarra,6.31419,-73.94968,50892
Ciénaga,11.00703,-74.24765,88311
Chinú,9.10569,-75.39812,50743
Chinchiná,4.9825,-75.60361,68512
Chigorodó,7.66638,-76.68106,86239
Chía,4.85876,-74.05866,124309
Cereté,8.88479,-75.79052,94935
Caucasia,7.98654,-75.19349,58034
Cartago,4.74639,-75.91167,134972
Cartagena,10.39817,-75.49328,914552
Cali,3.43054,-76.5199,2392877
Caldas,6.09106,-75.63569,82234
Calarcá,4.52949,-75.64091,79569
Cajicá,4.91857,-74.02799,54111
Guadalajara de Buga,3.90089,-76.29783,114316
Buenaventura,3.8801,-77.03116,240387
Buenaventura,3.58333,-77,432385
Bucaramanga,7.125,-73.11895,581130
Bogotá,4.60971,-74.08175,7674366
Bello,6.33732,-75.55795,392939
Barranquilla,10.96854,-74.78132,1206319
Barrancabermeja,7.06528,-73.85472,191403
Barbosa,6.43809,-75.33136,53943
Baranoa,10.79408,-74.9164,68383
Ayapel,8.31372,-75.13982,56082
Armenia,4.53656,-75.67263,304314
Arjona,10.25444,-75.34389,50405
Arauca,7.08471,-70.75908,85585
Apartadó,7.88299,-76.62587,86438
Aguachica,8.30844,-73.6166,97525
Agustín Codazzi,10.03672,-73.23558,51478
San José del Guaviare,2.56799,-72.63972,52815
Orito,0.66749,-76.87297,57774
Kennedy,4.6165,-74.14597,979914
San José,9.93388,-84.08489,335007
San Francisco,9.9938,-84.12742,55923
Limón,9.99074,-83.03596,63081
Vedado del Cotorro,23.05,-82.25,74650
Vedado,23.13767,-82.39339,108369
Trinidad,21.79956,-79.98349,60206
Santiago de Cuba,20.02287,-75.82171,555865
Santa Clara,22.40711,-79.96581,250512
San Miguel del Padrón,23.09544,-82.32669,159273
San Luis,20.18813,-75.8503,67293
San José de las Lajas,22.96121,-82.15151,54847
Sancti Spíritus,21.93429,-79.4398,127069
San Cristobal,22.71658,-83.05647,59579
Sagua la Grande,22.80599,-80.0742,62073
Puerto Padre,21.19594,-76.60351,76838
Placetas,22.31377,-79.65384,55408
Pinar del Río,22.41649,-83.69657,186990
Palma Soriano,20.21149,-75.99438,102826
Nuevitas,21.54446,-77.26489,54022
Morón,22.10881,-78.62685,66060
Moa,20.65776,-74.95075,92852
Matanzas,23.04388,-81.58284,146733
Marianao,23.07387,-82.42969,134057
Manzanillo,20.3424,-77.11928,128188
Mantilla,23.06794,-82.34143,206918
Las Tunas,20.96135,-76.95192,203684
Havana,23.13302,-82.38304,2163824
Jesús Menéndez,21.16153,-76.4777,51002
Jagüey Grande,22.52629,-81.12855,54363
Holguín,20.88722,-76.26306,319102
Güira de Melena,22.79688,-82.50651,69879
Güines,22.83837,-82.02673,68935
Guantánamo,20.14444,-75.20917,272801
Guanabacoa,23.12518,-82.30067,112964
Fontanar,23.02389,-82.408,178601
Florida,21.5264,-78.22553,63007
Corralillo,22.98213,-80.58532,51881
Contramaestre,20.29884,-76.24499,70438
Consolación del Sur,22.50545,-83.51309,69857
Colón,22.72108,-80.90368,63882
Cienfuegos,22.14681,-80.4481,186644
Ciego de Ávila,21.8422,-78.76034,142027
Cerro,23.10789,-82.38356,132351
Cárdenas,23.03632,-81.20602,98515
Camagüey,21.38083,-77.91694,347562
Bayamo,20.37368,-76.64272,192632
Bartolomé Masó,20.16657,-76.94395,53024
Banes,20.96134,-75.72306,53104
Balcón de la Lisa,23.05346,-82.4476,147415
Artemisa,22.81366,-82.75814,68073
Arroyo Naranjo,23.03811,-82.37703,210053
Almendares,23.11012,-82.42322,240000
Alamar,23.15794,-82.27837,100000
Ciudad Camilo Cienfuegos,23.16076,-82.32798,178041
Centro Habana,23.13488,-82.36893,158151
La Habana Vieja,23.13028,-82.35306,95383
Boyeros,23.0072,-82.4017,188593
Diez de Octubre,23.0881,-82.3597,227293
Plaza de la Revolución,23.11936,-82.39197,139135
Praia,14.93152,-23.51254,137868
Mindelo,16.89014,-24.98042,69013
Willemstad,12.12246,-68.88641,125000
Stróvolos,35.14867,33.33384,67904
Nicosia,35.17284,33.35397,200452
Limassol,34.68406,33.03794,154000
Larnaca,34.9221,33.62794,72000
Zlín,49.22645,17.67065,72973
Žižkov,50.08333,14.45,58267
Ústí nad Labem,50.6607,14.03227,90378
Teplice,50.6404,13.82451,50856
Stodůlky,50.05,14.31667,60758
Prague,50.08804,14.42076,1165581
Pilsen,49.74747,13.37759,168733
Pardubice,50.04075,15.77659,88520
Ostrava,49.83465,18.28204,279791
Opava,49.93866,17.90257,54881
Olomouc,49.59552,17.25175,99496
Most,50.50301,13.63617,63474
Liberec,50.76711,15.05619,102951
Kladno,50.14734,14.10285,69728
Jihlava,49.3961,15.59124,50108
Hradec Králové,50.20923,15.83277,90596
Havířov,49.77984,18.43688,82768
Frýdek-Místek,49.68333,18.35,53590
Chodov,50.03669,14.50444,50043
České Budějovice,48.97447,14.47434,93426
Brno,49.19522,16.60796,379466
Brno střed,49.19343,16.60712,86685
Zwickau,50.72724,12.48839,98796
Zehlendorf,52.43333,13.25,54328
Würzburg,49.79391,9.95121,133731
Wuppertal,51.25627,7.14816,360797
Worms,49.63278,8.35916,81099
Wolfsburg,52.42452,10.7815,123064
Wolfenbüttel,52.16442,10.54095,54740
Witten,51.44362,7.35258,91808
Winterhude,53.59368,10.01123,56382
Wilmersdorf,52.48333,13.31667,101877
Willich,51.26371,6.54734,51843
Wilhelmshaven,53.5476,8.10395,84393
Wilhelmsburg,53.49283,10.01372,53064
Wiesbaden,50.08601,8.24435,288850
Wetzlar,50.56109,8.50495,52656
Wesel,51.6669,6.62037,61685
Weimar,50.9803,11.32903,64727
Wedding,52.54734,13.35594,85275
Wattenscheid,51.48057,7.14251,73965
Waiblingen,48.83241,9.31641,52945
Villingen-Schwenningen,48.06226,8.49358,81770
Viersen,51.25435,6.39441,76153
Velbert,51.33537,7.04348,87669
Unna,51.53795,7.68969,66734
Ulm,48.39841,9.99155,120451
Tübingen,48.52266,9.05222,92322
Troisdorf,50.80901,7.14968,74749
Trier,49.75565,6.63935,100129
Tempelhof,52.46667,13.4,61769
Stuttgart,48.78232,9.17702,612663
Stralsund,54.30911,13.0818,58976
Stolberg,50.77368,6.22595,57684
Steglitz,52.45606,13.332,72464
Speyer,49.32083,8.43111,50343
Solingen,51.17343,7.0845,164359
Sindelfingen,48.7,9.01667,61311
Siegen,50.87481,8.02431,107242
Schwerte,51.44387,7.5675,50399
Schwerin,53.62937,11.41316,96641
Schweinfurt,50.04937,10.22175,54012
Schwäbisch Gmünd,48.79947,9.79809,61216
Schöneberg,52.49801,13.3443,122658
Sankt Augustin,50.77538,7.197,56094
Salzgitter,52.15705,10.4154,104970
Saarbrücken,49.23262,7.00982,182971
Rüsselsheim am Main,49.98955,8.42251,59730
Rostock,54.0887,12.14049,198293
Rosenheim,47.85637,12.12247,60167
Rheinhausen,51.40055,6.71187,78203
Rheine,52.28509,7.44055,76491
Reutlingen,48.49144,9.20427,112627
Remscheid,51.17983,7.1925,117118
Reinickendorf,52.56395,13.33552,83972
Regensburg,49.01513,12.10161,151389
Recklinghausen,51.61379,7.19738,122438
Ratingen,51.29724,6.84929,91606
Rahlstedt,53.60194,10.15667,92511
Pulheim,50.99965,6.80632,53762
Prenzlauer Berg,52.53878,13.42443,148878
Potsdam,52.39886,13.06566,184754
Porz am Rhein,50.88637,7.0583,113415
Plauen,50.4973,12.13782,66412
Pforzheim,48.88436,8.69892,119313
Passau,48.5665,13.43122,50560
Pankow,52.56926,13.40186,65375
Paderborn,51.71905,8.75439,142161
Osnabrück,52.27264,8.0498,166462
Oldenburg,53.14039,8.21479,159218
Offenburg,48.47377,7.94495,59238
Offenbach,50.10061,8.76647,119192
Oberhausen,51.47805,6.8625,219176
Nuremberg,49.45421,11.07752,515543
Nordhorn,52.43081,7.06833,52803
Norderstedt,53.70177,9.99328,82844
Nippes,50.96545,6.95314,113487
Neuwied,50.4336,7.47057,66805
Neu-Ulm,48.39279,10.01112,51389
Neustadt an der Weinstraße,49.35009,8.13886,53984
Neue Neustadt,52.15,11.63333,226851
Neuss,51.19807,6.68504,152457
Neumünster,54.07399,9.98456,80196
Neukölln,52.47719,13.43126,164636
Neubrück,51.13434,6.63857,51109
Neubrandenburg,53.55735,13.26105,68082
Münster,51.96236,7.62571,308258
Munich,48.13743,11.57549,1505005
Mülheim,51.43218,6.87967,173050
Mönchengladbach,51.18539,6.44172,261742
Moers,51.45342,6.6326,103487
Moabit,52.52635,13.33903,81021
Minden,52.28953,8.91455,82879
Menden,51.44337,7.77825,52452
Meerbusch,51.25268,6.68807,54826
Marzahn,52.54525,13.56983,111508
Marl,51.65671,7.09038,91398
Mariendorf,52.4378,13.38109,52734
Marburg an der Lahn,50.80904,8.77069,78895
Mannheim,49.4891,8.46694,307960
Mainz,49.98185,8.28008,222889
Magdeburg,52.13129,11.63189,244329
Lünen,51.61634,7.52872,91009
Lüneburg,53.25122,10.41548,71260
Ludwigshafen am Rhein,49.48121,8.44641,163196
Ludwigsburg,48.89731,9.19161,87603
Lüdenscheid,51.21977,7.6273,79386
Lübeck,53.86893,10.68729,212207
Lippstadt,51.67369,8.34482,67219
Lingen,52.52269,7.32555,51310
Lichterfelde,52.4333,13.30762,85885
Lichtenrade,52.39844,13.40637,52110
Leverkusen,51.0303,6.98432,162738
Leipzig,51.33962,12.37129,504971
Langenhagen,52.44758,9.73741,50439
Langenfeld,51.10821,6.94831,59112
Landshut,48.52961,12.16179,71863
Lahr,48.34042,7.86886,50775
Kreuzberg,52.49973,13.40338,153135
Krefeld,51.33645,6.55381,237984
Köpenick,52.4455,13.57455,67148
Berlin Köpenick,52.44254,13.58228,59561
Konstanz,47.66033,9.17582,81275
Köln,50.93333,6.95,1024621
Koblenz,50.35357,7.57883,107319
Kiel,54.32133,10.13489,252668
Kerpen,50.86991,6.69691,64226
Kempten (Allgäu),47.72674,10.31389,61399
Kassel,51.31667,9.5,197230
Karlsruhe,49.00937,8.40444,283799
Kaiserslautern,49.443,7.77161,98732
Jena,50.92878,11.5899,104712
Iserlohn,51.37547,7.70281,91811
Ingolstadt,48.76508,11.42372,120658
Ibbenbueren,52.27964,7.71457,50577
Hürth,50.87079,6.86761,54678
Hildesheim,52.15077,9.95112,103052
Hilden,51.16818,6.93093,56565
Herten,51.59638,7.14387,65306
Herne,51.5388,7.22572,172108
Herford,52.11457,8.67343,64879
Hellersdorf,52.53319,13.6088,84103
Heilbronn,49.13995,9.22054,120733
Heidenheim an der Brenz,48.67798,10.15162,50067
Heidelberg,49.40768,8.69079,143345
Hattingen,51.39894,7.18557,56866
Harburg,53.46057,9.98388,169221
Hannover,52.37052,9.73322,515140
Hanau am Main,50.13423,8.91418,88648
Hamm,51.68033,7.82089,178967
Hameln,52.10397,9.35623,58666
Wandsbek,53.58334,10.08305,411422
Marienthal,53.56667,10.08333,287101
Hamburg-Mitte,53.55,10.01667,301231
Eimsbüttel,53.57416,9.95679,269118
Altona,53.55,9.93333,250192
Hamburg,53.55073,9.99302,1973896
Halle (Saale),51.48158,11.97947,237865
Hagen,51.36081,7.47168,198972
Gütersloh,51.90693,8.37853,96180
Gummersbach,51.02608,7.56473,53131
Gronau,52.21099,7.02238,50547
Grevenbroich,51.09102,6.5827,64779
Universitäts- und Hansestadt Greifswald,54.08905,13.40244,52731
Göttingen,51.53443,9.93228,122149
Görlitz,51.15518,14.98853,57751
Göppingen,48.70354,9.65209,58040
Gladbeck,51.57077,6.98593,75499
Gießen,50.58727,8.67554,89179
Gesundbrunnen,52.55035,13.39139,93862
Gera,50.88029,12.08187,104659
Gelsenkirchen,51.50508,7.09654,270028
Garbsen,52.41371,9.5899,63355
Fürth,49.47593,10.98856,132036
Fulda,50.55162,9.67518,63760
Friedrichshain,52.51559,13.45482,117829
Friedrichshafen,47.65689,9.47554,58403
Friedrichsfelde,52.50575,13.50812,55423
Freiburg,47.9959,7.85222,237460
Frechen,50.91485,6.8118,52309
Frankfurt am Main,50.11552,8.68417,650000
Frankfurt (Oder),52.34714,14.55062,57107
Flensburg,54.78805,9.43722,85838
Euskirchen,50.66057,6.78722,54889
Esslingen,48.73961,9.30473,92390
Essen,51.45657,7.01228,593085
Eschweiler,50.81854,6.27184,55778
Erlangen,49.59099,11.00783,102675
Erfurt,50.97734,11.03536,218793
Erftstadt,50.81481,6.79387,51207
Emden,53.36592,7.20846,51526
Düsseldorf,51.22319,6.77927,618685
Düren,50.80434,6.49299,93440
Duisburg,51.43247,6.76516,504358
Dresden,51.05089,13.73832,564904
Dortmund,51.51494,7.466,588462
Dorsten,51.66166,6.96514,79981
Dormagen,51.09683,6.83167,63582
Dinslaken,51.56227,6.7434,66993
Detmold,51.93855,8.87318,73680
Dessau,51.83864,12.24555,67747
Delmenhorst,53.0511,8.63091,75893
Darmstadt,49.87167,8.65027,167029
Cuxhaven,53.86828,8.69902,52677
Cottbus,51.75769,14.32888,84754
Chemnitz,50.8357,12.92922,247220
Charlottenburg,52.51667,13.28333,129359
Celle,52.62264,10.08047,71010
Castrop-Rauxel,51.55657,7.31155,77924
Bremerhaven,53.55357,8.57553,118610
Bremen,53.07582,8.80717,546501
Braunschweig,52.26594,10.52673,244715
Brandenburg an der Havel,52.41667,12.55,59826
Bottrop,51.52392,6.9285,119909
Bonn,50.73438,7.09549,330579
Bogenhausen,48.15221,11.61585,77542
Bochum,51.48165,7.21648,385729
Bocholt,51.83879,6.61531,73943
Billstedt,53.55,10.13333,71077
Bielefeld,52.03333,8.53333,331906
Berlin,52.52437,13.41053,3426354
Bergkamen,51.61633,7.64451,52329
Bergisch Gladbach,50.9856,7.13298,106184
Bergheim,50.95572,6.63986,63558
Bayreuth,49.94782,11.57893,72940
Bamberg,49.89873,10.90067,70047
Bad Salzuflen,52.0862,8.74434,54899
Bad Homburg vor der Höhe,50.22683,8.61816,51859
Baden-Baden,48.7606,8.23975,56881
Augsburg,48.37154,10.89851,301105
Aschaffenburg,49.97704,9.15214,68551
Arnsberg,51.38333,8.08333,74879
Ahlen,51.76338,7.8887,55280
Aalen,48.83777,10.0933,67085
Aachen,50.77664,6.08342,265208
Mitte,52.52003,13.40489,102338
Bergedorf,53.48462,10.22904,119665
Treptow,52.49376,13.44469,50000
Neu-Hohenschönhausen,52.56681,13.51255,56921
Alt-Hohenschönhausen,52.54608,13.5013,50070
Hamburg-Nord,53.58935,9.984,315514
Rodenkirchen,50.89328,6.99481,110158
Djibouti,11.58901,43.14503,626512
Ali Sabih,11.15583,42.7125,50006
Balbala,11.56194,43.10666,554350
Vejle,55.70927,9.5357,60231
Roskilde,55.64152,12.08035,51916
Randers,56.4607,10.03639,62802
Odense,55.39594,10.38831,180863
Copenhagen,55.67594,12.56553,1153615
Kolding,55.4904,9.47216,61638
Klinteby Frihed,55.19705,11.59603,53443
Hvidovre,55.64297,12.47708,53527
Horsens,55.86066,9.85034,61074
Herning,56.13615,8.97662,50565
Frederiksberg,55.67938,12.53463,95029
Esbjerg,55.47028,8.45187,71698
Avedøre,55.62722,12.45644,53443
Århus,56.15674,10.21076,285273
Aalborg,57.048,9.9187,142937
Villa Francisca,18.48278,-69.88914,50185
Santo Domingo,18.47186,-69.89232,2201941
Santiago de los Caballeros,19.45036,-70.69085,1200000
Santa Cruz de Barahona,18.20861,-71.10068,77160
San Pedro de Macorís,18.4539,-69.30864,217899
San Juan de la Maguana,18.8064,-71.22626,72950
San Francisco de Macorís,19.29377,-70.25285,124763
Puerto Plata,19.79344,-70.6884,146000
Salvaleón de Higüey,18.61501,-68.70798,123787
Punta Cana,18.58182,-68.40431,100023
Moca,19.39289,-70.52347,61834
La Romana,18.42332,-68.96635,208437
Cristo Rey,18.5,-69.93333,57084
La Vega,19.22031,-70.53101,102426
Bonao,18.94154,-70.41111,73269
San Cristóbal,18.41713,-70.10682,154040
Bella Vista,18.45539,-69.9454,175683
Baní,18.27971,-70.33181,66709
Bajos de Haina,18.41538,-70.03317,66784
Azua,18.45319,-70.7349,59139
Santo Domingo Oeste,18.5,-70,701269
Santo Domingo Este,18.48511,-69.84757,700000
Touggourt,33.11083,6.07,143270
Tolga,34.72224,5.37845,50575
Tlemcen,34.87833,-1.315,173531
Tizi Ouzou,36.71182,4.04591,104312
Tissemsilt,35.60722,1.81081,66084
Tiaret,35.37103,1.31699,178915
Tébessa,35.40417,8.12417,194461
Tamanghasset,22.785,5.52278,81752
Souk Ahras,36.28639,7.95111,153479
Sougueur,35.18568,1.49612,71036
Skikda,36.87617,6.90921,182903
Sig,35.52832,-0.19369,61373
Sidi Bel Abbes,35.18994,-0.63085,210146
Sidi Aïssa,35.88548,3.77236,66856
Sétif,36.19112,5.41373,252127
Saïda,34.83033,0.15171,142497
Rouissat,31.92427,5.35018,80784
Rouiba,36.73829,3.28079,117558
Relizane,35.73734,0.55599,123255
Reghaïa,36.73587,3.34018,54962
Oum el Bouaghi,35.87541,7.11353,67201
Ouled Djellal,34.43,5.06139,58481
Oued Rhiou,35.96124,0.91896,55430
Ouargla,31.94932,5.32502,169928
Oran,35.69906,-0.63588,803329
M'Sila,35.70889,4.53722,132975
Mostaganem,35.93115,0.08918,162885
Mohammadia,35.58861,0.06861,62410
Mila,36.45028,6.26444,63251
Messaad,34.15429,3.50309,97091
Médéa,36.26417,2.75393,145441
Mecheria,33.54453,-0.28117,65043
Mascara,35.39664,0.14027,108629
Mansoûra,34.86158,-1.33935,52285
Maghnia,34.84969,-1.72753,87373
Larbaâ,36.56471,3.15434,58295
Laghouat,33.8,2.86514,134372
Ksar el Boukhari,35.88889,2.74905,59634
Ksar Chellala,35.21222,2.31889,51451
Kolea,36.63888,2.76845,61643
Khenchela,35.43583,7.14333,114472
Khemis Miliana,36.26104,2.22015,80512
Jijel,36.821,5.76352,131513
Assi Bou Nif,35.69222,-0.49944,53700
Hassi Bahbah,35.07109,3.0299,77000
Hamma Bouziane,36.41205,6.59603,83603
Guerara,32.79211,4.49949,58572
Guelma,36.46214,7.42608,120004
Ghardaïa,32.49094,3.67347,142913
En Nedjma,35.64785,-0.5695,51665
El Oued,33.35608,6.86319,186525
El Khroub,36.26333,6.69361,90122
El Menia,30.57556,2.88417,57344
El Eulma,36.15281,5.69016,145380
El Bayadh,33.68318,1.01927,85577
Chlef,36.16525,1.33452,178616
El Achir,36.06386,4.62744,158333
Ech Chettia,36.19591,1.25537,60170
Drean,36.68482,7.75111,55147
Djelfa,34.67279,3.263,265833
Constantine,36.365,6.61472,448028
Cheria,35.27306,7.75194,66160
Chelghoum el Aïd,36.16286,6.16651,54495
Bou Saâda,35.20855,4.17402,111787
Bouïra,36.37489,3.902,68545
Boufarik,36.57413,2.91214,57162
Boudouaou,36.72735,3.40995,56398
Bordj el Kiffan,36.74871,3.19249,123246
Bordj el Bahri,36.79068,3.24952,52816
Bordj Bou Arreridj,36.07389,4.76139,158812
Boghni,36.54222,3.95306,54666
Blida,36.47004,2.8277,331779
Biskra,34.85038,5.72805,204661
Birkhadem,36.71499,3.05002,71722
Bir el Djir,35.72,-0.545,68032
Bir el Ater,34.74488,8.06024,70749
Besbes,36.70222,7.84722,66287
Berrouaghia,36.13516,2.91085,55775
Beni Mered,36.52389,2.86131,92749
Béjaïa,36.75587,5.08433,176139
Béchar,31.61667,-2.21667,165241
Batna,35.55597,6.17414,289504
Barika,35.38901,5.36584,98141
Baraki,36.66655,3.09606,105402
Bab Ezzouar,36.72615,3.18291,275630
Arzew,35.85048,-0.318,58162
Annaba,36.9,7.76667,342703
Algiers,36.73225,3.08746,2364230
Aïn Touta,35.37675,5.90001,55736
Aïn Temouchent,35.29749,-1.14037,70810
Aïn Oussera,35.45139,2.90583,98107
Aïn Oulmene,35.92296,5.29604,51207
Aïn M’Lila,36.03687,6.57219,65371
Aïn Defla,36.26405,1.9679,55259
Aïn Beïda,35.79639,7.39278,116064
Aflou,34.11279,2.10228,93585
Adrar,27.87429,-0.29388,68276
Ali Mendjeli,36.2459,6.5671,64120
District of Taher,36.772,5.8982,60426
Tulcán,0.8124,-77.71709,86498
Santo Domingo de los Colorados,-0.25368,-79.17628,458580
Riobamba,-1.66506,-78.65887,264048
Quito,-0.22985,-78.52495,2781641
Quevedo,-1.02881,-79.46264,213842
Portoviejo,-1.05764,-80.45145,321800
Milagro,-2.13396,-79.59337,133508
Manta,-0.94937,-80.73137,264281
Machala,-3.25886,-79.95876,289141
Loja,-3.99313,-79.20422,274112
Latacunga,-0.93424,-78.6152,205624
La Libertad,-2.233,-80.91039,75881
Ibarra,0.34881,-78.12462,221149
Guayaquil,-2.19616,-79.88621,2723665
Esmeraldas,0.9592,-79.65397,218727
Eloy Alfaro,-2.16919,-79.83987,315724
Daule,-1.86032,-79.97683,173684
Cuenca,-2.8953,-78.9963,636996
Babahoyo,-1.80493,-79.52492,76279
Ambato,-1.24908,-78.61675,387309
Tartu,58.38062,26.72509,91407
Tallinn,59.43696,24.75353,394024
Narva,59.37722,28.19028,54409
Lasnamäe,59.4336,24.86017,115008
Mustamäe,59.40482,24.68119,67968
Kesklinn,59.4355,24.75748,67766
Haabersti,59.42334,24.64654,51423
Põhja-Tallinn,59.44901,24.69812,63240
Zefta,30.7142,31.24425,111700
Ţūkh,30.35487,31.20105,52593
Ţimā,26.90843,31.43469,101130
Tanta,30.78847,31.00192,576648
Ţāmiyah,29.47639,30.96119,73070
Ţalkhā,31.0539,31.37787,112851
Talā,30.6798,30.94364,72536
Ţahţā,26.76866,31.50198,134314
Sumusţā al Waqf,28.92095,30.85367,64965
Sohag,26.55695,31.69478,266944
Sirs al Layyānah,30.4428,30.96975,78168
Sinnūris,29.41345,30.86579,133532
Shubrā al Khaymah,30.12511,31.25053,1240289
Shirbīn,31.19688,31.5243,76081
Shibīn al Qanāţir,30.31269,31.32018,73711
Shibīn al Kawm,30.55258,31.00904,267945
Samannūd,30.9616,31.24069,87921
Samālūţ,28.31214,30.71007,142009
Rosetta,31.39951,30.41718,301795
Quwaysinā,30.56482,31.15777,65690
Qūş,25.91544,32.76287,84386
Qina,26.16418,32.72671,252883
Qalyub,30.17922,31.2056,156363
Nag Hammâdi,26.04949,32.24142,59601
Nabarūh,31.09755,31.30312,59202
Mīt Ghamr,30.71524,31.2592,153754
Minyat an Naşr,31.12624,31.64313,82429
Minyā al Qamḩ,30.51552,31.34629,99284
Munūf,30.46597,30.93199,125707
Maţāy,28.41866,30.77861,82328
Mashtūl as Sūq,30.36056,31.3776,75837
Marsá Maţrūḩ,31.3529,27.23725,176498
Manfalūţ,27.3126,30.96987,117925
Mallawī,27.73264,30.84129,212628
Maghāghah,28.64776,30.841,118223
6th of October City,29.81667,31.05,368650
Madīnat as Sādāt,30.36742,30.50871,71501
Madīnat an Naşr,30.06667,31.3,668413
Al ‘Āshir min Ramaḑān,30.29636,31.74633,246148
Kirdāsah,30.03103,31.11109,137588
Kom Ombo,24.47669,32.94626,409311
Kawm Ḩamādah,30.76128,30.69972,55652
Kafr az Zayyāt,30.8248,30.81805,83348
Kafr ash Shaykh,31.11174,30.93991,194569
Kafr ad Dawwār,31.13379,30.12969,128539
Juhaynah,26.67418,31.49686,76555
Girga,26.33721,31.89295,151256
Ītāy al Bārūd,30.88697,30.66724,77606
Iţsā,29.2376,30.78944,74357
Esna,25.29336,32.55402,462787
Ihnāsyā al Madīnah,29.0895,30.94319,68976
Ihnāsīyah,29.09285,31.02043,64058
Idkū,31.3073,30.2981,177152
Edfu,24.97916,32.87722,79510
Ibshawāy,29.35896,30.68061,86186
Ḩalwān,29.84144,31.30084,230000
Hihyā,30.6713,31.58801,74823
Ḩawsh ‘Īsá,30.9128,30.29019,82999
Ḩadā’iq al Qubbah,30.08843,31.28351,339612
Fuwwah,31.20365,30.54908,93392
Farshūţ,26.05501,32.16274,71013
Fāqūs,30.72816,31.79697,116945
Damietta,31.41648,31.81332,305920
Diyarb Najm,30.75438,31.44016,80954
Disūq,31.13259,30.64784,149291
Dishnā,26.12242,32.46749,64744
Dikirnis,31.08898,31.59478,101082
Dayrūţ,27.55642,30.81057,102570
Dayr Mawās,27.64148,30.85012,60835
Darāw,24.40796,32.92324,61790
Damanhur,31.03408,30.46823,318207
Būsh,29.14816,31.12733,136441
Port Said,31.26531,32.3019,780515
Safaga,26.74906,33.93891,53639
Būlāq Abū al ‘Ilā,30.06041,31.23147,51741
Biyalā,31.17419,31.2218,89068
Birkat as Sab‘,30.62914,31.08235,50924
Bilqās,31.21452,31.35798,137080
Bilbeis,30.42039,31.56223,185237
Bibā,28.92406,30.98544,94677
Basyūn,30.93976,30.81338,75084
Banī Suwayf,29.07441,31.09785,273151
Banī Mazār,28.49456,30.80526,115759
Banhā,30.45977,31.1842,182254
Balţīm,31.55582,31.08918,51280
Zagazig,30.58768,31.502,430445
Awsīm,30.12303,31.13571,94174
Assiut,27.18096,31.18368,528669
Aswān,24.09082,32.89942,379774
Suez,29.97371,32.52627,699541
As Sinbillāwayn,30.88251,31.46275,124020
As Sāḩil,27.06309,31.34425,54094
Aş Şaff,29.56472,31.28111,61531
Ash Shuhadā’,30.59683,30.89931,76071
Ashmūn,30.29735,30.97641,124483
Armant,25.61988,32.54305,78695
Al Wāsiţah,29.33778,31.20556,57870
Luxor,25.69893,32.6421,422407
Al Qūşīyah,27.44023,30.81712,99598
Al Qurayn,30.61618,31.73514,94632
Al Qanāyāt,30.61927,31.46165,70687
Al Qanāţir al Khayrīyah,30.19327,31.13703,83568
Cairo,30.06263,31.24967,9606916
Minya,28.09193,30.75813,283605
Al Maţarīyah,31.18287,32.03108,162045
Al Marāghah,26.69981,31.60464,53643
Al Manzalah,31.15823,31.936,127394
Al Mansurah,31.03637,31.38069,621953
Al Minshāh,26.4775,31.80394,91149
Al Maḩallah al Kubrá,30.97063,31.1669,592573
Al Khuşūş,30.15293,31.31501,488904
Al Khārjah,25.45101,30.54653,83108
Al Khānkah,30.21035,31.36812,81646
Giza,30.00944,31.20861,4367343
Al Jammālīyah,31.18065,31.86497,99641
Ismailia,30.60427,32.27225,429465
Alexandria,31.20176,29.91582,5263542
Al Ibrāhīmīyah,30.71877,31.56299,53791
‘Izbat ‘Alī as Sayyid,31.15671,30.14775,53079
Al Ḩusaynīyah,30.86163,31.91809,50651
Al Ḩawāmidīyah,29.9,31.25,155055
Al Ḩāmūl,31.31146,31.14766,58430
Hurghada,27.25738,33.81291,207132
Al Ghanāyim,26.87524,31.32963,70884
Al Fayyum,29.30995,30.8418,519047
Al Fashn,28.82306,30.89903,112999
Al Burj,31.58229,30.98095,60320
Al Balyanā,26.23648,32.00387,68413
Al Bājūr,30.43046,31.03679,62961
Al Badrashayn,29.85,31.26667,90833
Al Badārī,26.99306,31.41605,56033
Arīsh,31.13159,33.79844,199243
Akhmīm,26.5622,31.74566,151430
Ad Dilinjāt,30.82796,30.53552,68901
Abū Tīj,27.04514,31.31845,105418
Abū Qurqāş,27.93043,30.83826,90266
Abū Kabīr,30.72508,31.67148,154466
Abū Ḩummuş,31.09311,30.31418,61388
Abū an Numrus,29.95,31.2,86601
Abū al Maţāmīr,30.91018,30.17438,66946
Abnūb,27.26881,31.15232,111785
Al-Manākh,31.26786,32.28464,84679
Dumyāţ al Jadīdah,31.43482,31.67506,54508
Aş Şāliḩīyah al Jadīdah,30.63146,31.93927,59320
New Cairo,30.03,31.47,313139
El Shorouk,30.13806,31.61556,91899
Al Qāhirah al Jadīdah,30.04214,31.44446,313139
Būr Fu’ād,31.24408,32.31955,81591
Al-'Ubūr,30.22886,31.48149,138987
Al-Khārijah,25.25,30.55,83108
Ash-Shaykh Zāyid,30.02,31,95854
Aḍ-Ḍawāḥy,31.24408,32.27731,148624
Az-Zuhūr,31.26504,32.26405,266381
Laayoune,27.1418,-13.18797,196331
Dakhla,23.68477,-15.95798,106277
Keren,15.77792,38.45107,74800
Asmara,15.33805,38.93184,563930
Vila-real,39.9383,-0.10087,50577
Vélez-Málaga,36.78107,-4.10266,74190
Valencia,39.47391,-0.37966,824340
Utrera,37.18516,-5.78093,52617
Torrevieja,37.97872,-0.68222,82599
Torrent,39.43705,-0.46546,78543
Torremolinos,36.62035,-4.49976,65448
Toledo,39.8581,-4.02263,86526
Telde,27.99243,-15.41915,123265
Talavera de la Reina,39.96348,-4.83076,88856
Sevilla,37.38283,-5.97317,686741
San Vicent del Raspeig,38.3964,-0.5255,56715
Santa Lucía,27.91174,-15.54071,71863
Santa Cruz de Tenerife,28.46824,-16.25462,211359
Sanlúcar de Barrameda,36.77808,-6.3515,68037
San Fernando,36.4759,-6.19817,95174
La Laguna,28.4853,-16.32014,150661
San Bartolomé de Tirajana,27.92481,-15.57329,53588
Sagunto,39.68333,-0.26667,66070
Roquetas de Mar,36.76419,-2.61475,94925
Puertollano,38.68712,-4.10734,51842
Paterna,39.50263,-0.44079,64023
Palma,39.56939,2.65024,438234
Orihuela,38.08483,-0.94401,101321
Murcia,37.98704,-1.13004,471982
Motril,36.75066,-3.5179,60592
Molina de Segura,38.05456,-1.20763,64065
Mijas,36.59575,-4.63728,80630
Mérida,38.91802,-6.34292,59857
Melilla,35.29369,-2.93833,85985
Marbella,36.51543,-4.88583,156295
Málaga,36.72016,-4.42034,592346
Lorca,37.67119,-1.7017,93079
Linares,38.09519,-3.63602,57414
Las Palmas de Gran Canaria,28.10178,-15.41573,383516
La Línea de la Concepción,36.16809,-5.34777,64595
Jerez de la Frontera,36.68645,-6.13606,212879
Jaén,37.76922,-3.79028,113457
Huelva,37.26638,-6.94004,144258
Granada,37.18817,-3.60667,233532
Gandia,38.96667,-0.18333,73829
Fuengirola,36.53998,-4.62473,71482
Estepona,36.42764,-5.14589,67012
El Puerto de Santa María,36.59389,-6.23298,88364
El Ejido,36.77629,-2.81456,84710
Elda,38.47783,-0.79157,55168
Elche,38.26218,-0.70107,234765
Dos Hermanas,37.28287,-5.92088,122943
Córdoba,37.89155,-4.77275,325708
Ciudad Real,38.98626,-3.92907,74743
Chiclana de la Frontera,36.41976,-6.14367,83831
Castelló de la Plana,39.98567,-0.04935,171857
Cartagena,37.60197,-0.98397,213943
Campiña,38.21896,-2.98069,67904
Calvià,39.5657,2.50621,51774
Cadiz,36.52672,-6.2891,116979
Cáceres,39.47649,-6.37224,96068
Benidorm,38.53816,-0.13098,70450
Benalmádena,36.5961,-4.57267,58854
Badajoz,38.87789,-6.97061,150530
Arrecife,28.96302,-13.54769,61351
Arona,28.09962,-16.68102,78614
Almería,36.83814,-2.45974,196851
Alicante,38.34517,-0.48149,348901
Algeciras,36.13326,-5.45051,121414
Alcoy,38.70545,-0.47432,61552
Alcalá de Guadaira,37.33791,-5.83951,70155
Albacete,38.99424,-1.85643,173050
Grao de Murviedro,39.64167,-0.23889,62368
Zaragoza,41.65606,-0.87734,686986
Zamora,41.50633,-5.74456,61827
Gasteiz / Vitoria,42.84998,-2.67268,257407
Villaverde,40.35,-3.7,126802
Vilanova i la Geltrú,41.22392,1.72511,65890
Viladecans,41.31405,2.01427,66168
Vigo,42.23282,-8.72264,293642
Vicálvaro,40.4,-3.6,66439
Vallecas,40.38333,-3.61667,53208
Valladolid,41.65541,-4.72353,300618
Valdemoro,40.19081,-3.67887,74745
Rivas-Vaciamadrid,40.32605,-3.51089,68405
Torrelavega,43.34943,-4.04785,55297
Torrejón de Ardoz,40.45535,-3.46973,118162
Tetuán de las Victorias,40.45975,-3.6975,155000
Terrassa,41.56667,2.01667,218535
Tarragona,41.11905,1.24544,141542
Segovia,40.94808,-4.11839,51683
Cerdanyola del Vallès,41.49109,2.14079,58747
Barakaldo,43.29639,-2.98813,100435
Santiago de Compostela,42.88052,-8.54569,99536
Santander,43.46589,-3.80493,173635
Santa Coloma de Gramenet,41.45152,2.2081,118821
San Sebastián de los Reyes,40.55555,-3.62733,75912
Donostia / San Sebastián,43.31283,-1.97499,185357
Sant Cugat del Vallès,41.47063,2.08611,79253
Sant Boi de Llobregat,41.34357,2.03659,82428
Sant Andreu,41.43541,2.18982,142598
Salamanca,40.96882,-5.66388,144825
Sabadell,41.54329,2.10942,211734
Rubí,41.49226,2.03305,72987
Reus,41.15612,1.10687,103477
Puente de Vallecas,40.39354,-3.662,244151
Pozuelo de Alarcón,40.43293,-3.81338,82428
Pontevedra,42.431,-8.64435,82802
Ponferrada,42.54664,-6.59619,68736
Parla,40.23604,-3.76752,115611
Pamplona,42.81687,-1.64323,208243
Palencia,42.00955,-4.52406,78629
Oviedo,43.36029,-5.84476,220027
Ourense,42.33669,-7.86407,105233
Móstoles,40.32234,-3.86496,207095
Moratalaz,40.40742,-3.64935,104923
Mollet del Vallès,41.54026,2.21306,52484
Mataró,41.54211,2.4445,126988
Manresa,41.72815,1.82399,76250
Majadahonda,40.47353,-3.87182,68110
Madrid,40.4165,-3.70256,3255944
Lugo,43.00992,-7.55602,98025
Logroño,42.46615,-2.45115,151164
Lleida,41.61674,0.62218,140797
León,42.60003,-5.57032,124772
Leganés,40.32718,-3.7635,188425
Las Rozas de Madrid,40.49292,-3.87371,95550
A Coruña,43.37135,-8.396,250438
Irun,43.33904,-1.78938,61983
Huesca,42.13615,-0.4087,53956
L'Hospitalet de Llobregat,41.35967,2.10028,257038
Hortaleza,40.47444,-3.6411,161661
Getxo,43.35689,-3.01146,80770
Guadalajara,40.62862,-3.16185,93470
Granollers,41.60797,2.28773,60981
Gràcia,41.40237,2.15641,121502
Gijón,43.53573,-5.66152,271780
Getafe,40.30571,-3.73295,187525
Girona,41.98311,2.82493,100266
Gamonal,42.35664,-3.67321,60000
Fuenlabrada,40.28419,-3.79415,190496
Fuencarral,40.5,-3.68333,238765
El Prat de Llobregat,41.32784,2.09472,63418
Ferrol,43.48451,-8.23293,66799
Cuenca,40.06667,-2.13333,54898
Coslada,40.42378,-3.56129,81860
Cornellà de Llobregat,41.35,2.08333,87173
Collado-Villalba,40.63506,-4.00486,63074
Ciudad Lineal,40.44505,-3.65132,228171
Chamartín,40.46206,-3.6766,140000
Castelldefels,41.27794,1.97033,66375
Burgos,42.34106,-3.70184,176418
Boadilla del Monte,40.405,-3.87835,52626
Bilbao,43.26271,-2.92528,347342
Barcelona,41.38879,2.15899,1686208
Badalona,41.45004,2.24741,217741
Avilés,43.55473,-5.92483,78715
Ávila,40.65724,-4.69951,57657
Arganda,40.30076,-3.43722,51489
Aranjuez,40.03108,-3.60246,54055
Algorta,43.34927,-3.0094,82624
Alcorcón,40.34582,-3.82487,172384
Alcobendas,40.54746,-3.64197,116037
Alcalá de Henares,40.48205,-3.35996,193751
Nou Barris,41.44163,2.17727,166310
Ceuta,35.88919,-5.32042,83179
Moncloa-Aravaca,40.43547,-3.7317,116531
Eixample,41.38896,2.16179,266477
Les Corts,41.38712,2.13007,82270
Sarrià-Sant Gervasi,41.40104,2.1394,147912
Horta-Guinardó,41.41849,2.1677,168092
Sants-Montjuïc,41.37263,2.1546,183120
Sant Martí,41.41814,2.19933,235719
Ciutat Vella,41.38022,2.17319,102347
Arganzuela,40.40021,-3.69618,148797
San Blas-Canillejas,40.43893,-3.61537,157367
Latina,40.38897,-3.74569,256644
Usera,40.38866,-3.70035,141189
Salamanca,40.42972,-3.67975,147707
Chamberí,40.43404,-3.70379,145934
Carabanchel,40.39094,-3.7242,253678
Madrid Centro,40.41831,-3.70275,149718
Retiro,40.41317,-3.68307,126058
Delicias,41.64928,-0.90757,110520
Santutxu,43.25347,-2.9161,60000
Sagrada Família,41.40408,2.17332,51623
Centro,28.1272,-15.4314,88546
Fuencarral-El Pardo,40.4984,-3.7314,220085
Villa de Vallecas,40.36695,-3.60146,65162
la Vila de Gràcia,41.40315,2.15687,50928
la Nova Esquerra de l'Eixample,41.38309,2.149,57676
Barri de Sant Andreu,41.43693,2.19022,56818
Pueblo Nuevo,40.42629,-3.63546,62840
Valverde,40.50024,-3.67877,64757
Las Águilas,40.3818,-3.77109,51268
Aluche,40.39191,-3.75669,66588
Ventas,40.42248,-3.64741,50218
Pinar del Rey,40.4724,-3.64709,52031
Valdefuentes,40.49367,-3.6359,69176
Ziway,7.93333,38.71667,90500
Yirga ‘Alem,6.75,38.41667,81600
Wik’ro,13.79525,39.60303,64000
Warder,6.97444,45.34083,450400
Wendo,6.6,38.41667,59300
Welk’īt’ē,8.28333,37.78333,77500
Weldiya,11.8277,39.59164,104000
Tēpī,7.2,35.45,66700
Shashamane,7.2,38.6,208400
Sek’ot’a,12.63056,39.03472,50300
Sebeta,8.91667,38.61667,102300
Nek’emtē,9.08333,36.55,156000
Negēlē,5.31667,39.58333,73100
Nazrēt,8.55,39.26667,456900
Mot’a,11.08333,37.86667,59000
Mojo,8.58679,39.12111,61300
Mīzan Teferī,6.99865,35.58879,62000
Metu,8.3,35.58333,59700
Mek’ī,8.15,38.81667,75200
Mek'ele,13.49667,39.47528,457900
K’olīto,7.31667,38.08333,72200
Kombolcha,11.08155,39.74339,132100
Jinka,5.65,36.65,54400
Jimma,7.67344,36.83441,250900
Jijiga,9.35,42.8,483000
Inda Silasē,14.10307,38.28289,100100
Hosa’ina,7.54978,37.85374,188200
Harar,9.31387,42.11815,157000
Hāgere Hiywet,8.98333,37.85,99900
Gonder,12.6,37.46667,466000
Gode,5.95056,43.55186,67900
Goba,7.01667,39.98333,66500
Waliso,8.53417,37.96515,78600
Gimbi,9.17031,35.83491,64300
Gambēla,8.25,34.58333,97600
Finote Selam,10.7,37.26667,58400
Fichē,9.8,38.73333,57100
Felege Neway,6.3,36.88333,61000
Duramē,7.23333,37.88333,65900
Dire Dawa,9.59306,41.86611,343000
Dīla,6.41667,38.31667,158800
Dessie,11.13333,39.63333,270400
Dembī Dolo,8.53333,34.8,61100
Bishoftu,8.75225,38.97846,207400
Debre Tabor,11.85,38.01667,125300
Debre Mark’os,10.35,37.73333,140700
Debre Birhan,9.67954,39.53262,146900
Dangila,11.26667,36.83333,56000
Ciro,7.83333,38.23333,69800
Butajīra,8.11667,38.36667,89800
Bonga,7.28889,36.24167,56000
Bodītī,6.96667,37.86667,64900
Bahir Dar,11.59364,37.39077,350000
Awasa,7.06205,38.47635,422200
Āsosa,10.06667,34.53333,69700
Āsela,7.95,39.13333,139500
Āreka,7.06667,37.7,84500
Arba Minch,6.03333,37.55,201000
Ārabī,9.96278,42.49278,148933
‘Alemaya,9.39334,42.00967,63700
Alamata,12.416,39.55971,70400
Aksum,14.12109,38.72337,94500
Hagere Maryam,5.63418,38.23603,57700
Āgaro,7.85,36.65,52800
Adwa,14.16347,38.89924,85600
Addis Ababa,9.02497,38.74689,3860000
Ādīgrat,14.277,39.462,121800
Samara,11.79342,41.00578,50000
Sodo,6.86,37.76159,204100
Kobo,10.02798,39.8528,56100
Arsi Negele,7.3547,38.67465,98100
Chagni,10.95627,36.50456,52300
Burayu,9.03528,38.66083,101400
Gununo,6.92471,37.65263,84510
Vantaa,60.29414,25.04099,252724
Vaasa,63.096,21.61577,69819
Turku,60.45148,22.26869,206655
Tampere,61.49911,23.78712,260646
Seinäjoki,62.79446,22.82822,66848
Salo,60.38333,23.13333,50794
Rovaniemi,66.49897,25.68867,65670
Pori,61.48072,21.78518,83157
Oulu,65.01236,25.46816,216066
Mikkeli,61.68857,27.27227,51661
Lappeenranta,61.05871,28.18871,72909
Lahti,60.98267,25.66151,121622
Kuopio,62.89238,27.67703,125462
Kouvola,60.86667,26.7,78094
Kotka,60.4664,26.94582,50157
Jyväskylä,62.24147,25.72088,148744
Joensuu,62.60118,29.76316,78398
Helsinki,60.16952,24.93545,658864
Hämeenlinna,60.99596,24.46434,68473
Espoo,60.2052,24.6522,323910
Porvoo,60.39233,25.66507,51853
East Helsinki,60.21043,25.08289,170557
Suva,-18.13683,178.42531,77366
Lautoka,-17.61686,177.45049,52500
Nasinu,-18.07051,178.51313,92043
Vitry-sur-Seine,48.78716,2.40332,81001
Villeurbanne,45.76601,4.8795,131445
Versailles,48.80359,2.13424,85416
Vénissieux,45.69706,4.88593,57584
Paris 15 Vaugirard,48.8412,2.3003,229713
Vannes,47.65688,-2.76205,54020
Valence,44.9256,4.90956,63864
Troyes,48.30073,4.08524,60785
Tours,47.39484,0.70398,141621
Tourcoing,50.72391,3.16117,99160
Toulouse,43.60426,1.44367,511684
Toulon,43.12442,5.92836,168701
Tarbes,43.23407,0.07139,52106
Strasbourg,48.58392,7.74553,274845
Sartrouville,48.9482,2.19169,53980
Sarcelles,48.99739,2.37821,57979
Saint-Quentin,49.84889,3.28757,55407
Saint-Nazaire,47.27506,-2.2179,67054
Saint-Maur-des-Fossés,48.79395,2.49323,75402
Saint-Malo,48.64738,-2.00877,50676
Saint-Étienne,45.43389,4.39,176280
Saint-Denis,48.93564,2.35387,96128
Saint-Brieuc,48.51513,-2.76838,52774
Rueil-Malmaison,48.8765,2.18967,76616
Rouen,49.44313,1.09932,116331
Roubaix,50.69421,3.17456,99507
Paris 12 Reuilly,48.8412,2.3876,138024
Rennes,48.11109,-1.67431,227830
Reims,49.26526,4.02853,196565
Quimper,47.99597,-4.09795,63849
Paris 11 Popincourt,48.8574,2.3795,138170
Poitiers,46.58261,0.34348,85960
Pessac,44.80565,-0.6324,57944
Perpignan,42.69764,2.89541,110706
Pau,43.31117,-0.35583,82697
Paris 16 Passy,48.8637,2.2769,159386
Paris,48.85341,2.3488,2138551
Pantin,48.89437,2.40935,52922
Paris 05 Panthéon,48.8448,2.3471,55252
Orléans,47.90248,1.90407,116344
Paris 09 Opéra,48.8718,2.3399,57271
Paris 14 Observatoire,48.8331,2.3264,136455
Noisy-le-Grand,48.84979,2.56266,62420
Niort,46.32313,-0.45877,54660
Nîmes,43.83665,4.35788,148236
Nice,43.70313,7.26608,342669
Neuilly-sur-Seine,48.8846,2.26965,61300
Narbonne,43.18396,3.00141,50776
Nantes,47.21725,-1.55336,325070
Nanterre,48.89198,2.20675,86719
Nancy,48.68439,6.18496,105058
Mulhouse,47.75205,7.32866,111430
Montreuil,48.86415,2.44322,111240
Montpellier,43.61093,3.87635,248252
Montauban,44.01759,1.3542,52434
Metz,49.11911,6.17269,123914
Mérignac,44.84247,-0.64512,69791
Paris 20 Ménilmontant,48.8646,2.3984,185140
Meaux,48.96014,2.87885,53811
Marseille,43.29695,5.38107,877215
Maisons-Alfort,48.81171,2.43945,53964
Lyon,45.74906,4.84789,520774
Lorient,47.74817,-3.37177,58112
Limoges,45.83362,1.24759,141176
Lille,50.63391,3.05512,238695
Levallois-Perret,48.89389,2.28864,62178
Le Mans,48.0021,0.20251,144515
Le Havre,49.49346,0.10785,185972
Laval,48.07247,-0.77019,50489
La Seyne-sur-Mer,43.10322,5.87816,62330
La Roche-sur-Yon,46.66974,-1.42757,59410
La Rochelle,46.16308,-1.15222,76810
Juan-les-Pins,43.56945,7.11309,60000
Ivry-sur-Seine,48.81568,2.38487,57897
Issy-les-Moulineaux,48.82104,2.27718,61447
Hyères,43.12038,6.12857,50487
Grenoble,45.17869,5.71479,158552
Paris 13 Gobelins,48.8322,2.3561,181271
Fréjus,43.43325,6.73555,53098
Fontenay-sous-Bois,48.85442,2.48268,52075
Évry,48.6328,2.44049,51900
Évreux,49.02414,1.15082,57795
Paris 10 Entrepôt,48.8709,2.3561,83873
Dunkirk,51.0344,2.37681,86263
Drancy,48.92578,2.44533,62488
Dijon,47.31344,5.01391,159941
Créteil,48.79266,2.46569,84833
Courbevoie,48.89672,2.25666,85158
Colombes,48.91882,2.25404,82300
Colmar,48.08078,7.35584,65405
Clichy,48.90018,2.30952,57467
Clermont-Ferrand,45.77969,3.08682,147865
Clamart,48.80299,2.26692,51400
Cholet,47.05893,-0.87974,53160
Châteauroux,46.81248,1.69362,53301
Charleville-Mézières,49.7685,4.72487,52415
Champigny-sur-Marne,48.81642,2.49366,76726
Chambéry,45.56628,5.92079,61640
Châlons-en-Champagne,48.95393,4.36724,51257
Cergy,49.03645,2.07613,57576
Cannes,43.55135,7.01275,74545
Calais,50.95194,1.85635,74433
Caen,49.18585,-0.35912,110624
Paris 19 Buttes-Chaumont,48.8817,2.3822,178691
Paris 18 Buttes-Montmartre,48.8925,2.3444,183127
Brive-la-Gaillarde,45.1589,1.53326,53466
Brest,48.39029,-4.48628,144899
Bourges,47.08333,2.4,67987
Boulogne-Billancourt,48.83545,2.24128,108782
Bordeaux,44.84124,-0.58046,265328
Blois,47.59432,1.32912,53660
Béziers,43.34122,3.21402,74081
Besançon,47.24878,6.01815,128426
Belfort,47.64218,6.85385,54562
Beauvais,49.43333,2.08333,53393
Paris 17 Batignolles-Monceau,48.8835,2.3219,159212
Avignon,43.94834,4.80892,89769
Aulnay-sous-Bois,48.93814,2.49402,80615
Aubervilliers,48.91667,2.38333,70914
Asnières-sur-Seine,48.91667,2.28333,86742
Arles,43.67681,4.63031,53431
Argenteuil,48.94788,2.24744,101475
Antony,48.75329,2.29668,59845
Antibes,43.58127,7.12487,76393
Angers,47.47156,-0.55202,168279
Amiens,49.9,2.3,143086
Albi,43.9298,2.148,52409
Ajaccio,41.91886,8.73812,54364
Aix-en-Provence,43.5283,5.44973,146821
Villeneuve-d'Ascq,50.61669,3.16664,62400
Lyon 03,45.76124,4.85184,102725
Lyon 06,45.76788,4.85064,52862
Lyon 07,45.74525,4.84197,82573
Lyon 08,45.73626,4.86866,86154
Lyon 09,45.77255,4.80326,51983
Marseille 08,43.27083,5.3821,78837
Marseille 10,43.27889,5.41523,51299
Marseille 09,43.25433,5.4057,76868
Marseille 11,43.2907,5.4384,56792
Marseille 12,43.29614,5.43617,58734
Marseille 13,43.31856,5.40836,89316
Marseille 14,43.34447,5.38004,61920
Marseille 15,43.37224,5.35386,77770
Saint-Quentin-en-Yvelines,48.77186,2.01891,146598
Cergy-Pontoise,49.03894,2.07805,183430
Marne La Vallée,48.83584,2.64241,318325
Picpus,48.84258,2.40014,61920
Paris 10e Arrondissement,48.87668,2.35904,83459
Paris 11e Arrondissement,48.85834,2.37952,144292
Paris 12e Arrondissement,48.83523,2.43505,140311
Paris 13e Arrondissement,48.8262,2.35986,177833
Gare,48.83337,2.37513,75580
Maison Blanche,48.82586,2.3508,64302
Port-Gentil,-0.71933,8.78151,164018
Oyem,1.5995,11.57933,72939
Owendo,0.29123,9.50465,95313
Ntoum,0.39051,9.76096,62445
Moanda,-1.56652,13.1987,71099
Libreville,0.39241,9.45356,846090
Franceville,-1.63333,13.58357,132895
York,53.95763,-1.08271,156135
Yeovil,50.94159,-2.63211,50176
Wrexham,53.04664,-2.99132,65692
Worthing,50.81795,-0.37538,113866
Worcester,52.18935,-2.22001,101659
Wolverhampton,52.58547,-2.12296,263700
Woking,51.31903,-0.55893,103900
Wimbledon,51.42212,-0.20805,68187
Wigan,53.54296,-2.63706,175405
Widnes,53.3618,-2.73406,61464
Weymouth,50.61448,-2.45991,53416
Weston-super-Mare,51.34603,-2.97665,82903
City of Westminster,51.4975,-0.1357,247614
West Bromwich,52.51868,-1.9945,103112
Wembley,51.55242,-0.29686,90045
Welwyn Garden City,51.80174,-0.20691,51505
Wellingborough,52.30273,-0.69446,56564
Watford,51.65531,-0.39602,125707
Waterlooville,50.88067,-1.0304,64350
Washington,54.9,-1.51667,67085
Warrington,53.39254,-2.58024,172330
Walthamstow,51.59067,-0.02077,109424
Walsall,52.58528,-1.98396,172141
Wallasey,53.42324,-3.06497,58794
Wakefield,53.68331,-1.49768,109766
Uxbridge,51.5489,-0.48211,70000
Tynemouth,55.01788,-1.42559,60605
Tottenham,51.60373,-0.06794,130000
Torquay,50.46198,-3.52522,65388
Taunton,51.01494,-3.10293,64621
Tamworth,52.63399,-1.69587,81964
Swindon,51.55797,-1.78116,201669
Swansea,51.62079,-3.94323,300352
Sutton Coldfield,52.56667,-1.81667,109899
Sutton,51.35,-0.2,187600
Sunderland,54.90465,-1.38222,170134
Stroud,51.75,-2.2,60155
Streatham,51.42897,-0.13184,58055
Stourbridge,52.45608,-2.14317,56950
Stoke-on-Trent,53.00415,-2.18538,258366
Stockton-on-Tees,54.56848,-1.3187,79957
Stockport,53.40979,-2.15761,139052
Stevenage,51.90224,-0.20256,91774
Staines,51.43092,-0.50606,51040
Stafford,52.80521,-2.11636,70145
South Shields,54.99859,-1.4323,83655
Southport,53.64581,-3.01008,91703
Southend-on-Sea,51.53782,0.71433,295310
Southampton,50.90395,-1.40428,269781
Southall,51.50896,-0.3713,78253
Solihull,52.41426,-1.78094,126577
Smethwick,52.49268,-1.96745,53653
Slough,51.50949,-0.59541,164793
Sittingbourne,51.34128,0.73282,54392
Shrewsbury,52.71009,-2.75208,76782
Sheffield,53.38297,-1.4659,556500
Scunthorpe,53.57905,-0.65437,81576
Scarborough,54.27966,-0.40443,61749
Salford,53.48771,-2.29042,129794
Sale,53.42519,-2.32443,62550
Saint Peters,51.36667,1.41667,125370
St Helens,53.45,-2.73333,183200
St Albans,51.75,-0.33333,84561
Runcorn,53.34174,-2.73124,61145
Rugby,52.37092,-1.26417,78117
Royal Tunbridge Wells,51.13321,0.26256,68910
Rotherham,53.43012,-1.35678,117618
Romford,51.57515,0.18582,95000
Rochdale,53.61766,-2.1552,97550
Rhondda,51.65896,-3.44885,69506
Redhill,51.24048,-0.17044,51559
Redditch,52.3065,-1.94569,87847
Reading,51.45625,-0.97113,318014
Putney,51.46072,-0.21814,77140
Purley,51.33678,-0.11201,72000
Preston,53.76282,-2.70452,313332
Portsmouth,50.79899,-1.09125,208100
Poole,50.71429,-1.98458,151500
Plymouth,50.37153,-4.14305,260203
Peterborough,52.57364,-0.24777,163379
Paisley,55.83173,-4.43254,77270
Paignton,50.43565,-3.56789,67520
Oxford,51.75222,-1.25596,162100
Oldham,53.54051,-2.1183,237110
Nuneaton,52.52323,-1.46523,88813
Nottingham,52.9536,-1.15047,323632
Norwich,52.62783,1.29834,143135
Northampton,52.25,-0.88333,245899
Newtownabbey,54.65983,-5.90858,63860
Newport,51.58774,-2.99835,161506
Newcastle upon Tyne,54.97328,-1.61396,300125
Newcastle under Lyme,53,-2.23333,127727
Morley,53.74013,-1.59877,57385
Morecambe,54.06835,-2.86108,51644
Mitcham,51.40322,-0.16831,63393
Milton Keynes,52.04172,-0.75583,256385
Middlesbrough,54.57623,-1.23483,142707
Meikle Earnock,55.75,-4.03333,54480
Margate,51.38132,1.38617,63322
Mansfield,53.13333,-1.2,171958
Manchester,53.48095,-2.23743,568996
Maidstone,51.26667,0.51667,107627
Maidenhead,51.52279,-0.71986,70374
Macclesfield,53.26023,-2.12564,54345
Luton,51.87967,-0.41748,225262
Lowestoft,52.47523,1.75167,71327
Loughborough,52.76667,-1.2,64884
Londonderry County Borough,54.99721,-7.30917,87153
Derry,54.9981,-7.30934,83652
London,51.50853,-0.12574,8961989
Livingston,55.90288,-3.52261,56840
Liverpool,53.41058,-2.97794,496770
Littlehampton,50.81137,-0.54078,58714
Lisburn,54.52337,-6.03527,77506
Lincoln,53.22683,-0.53792,103813
Leicester,52.6386,-1.13169,368600
Leeds,53.79648,-1.54785,536280
Royal Leamington Spa,52.2852,-1.52,50923
Kirkcaldy,56.11683,-3.15999,50370
Kingston upon Hull,53.7446,-0.33525,314018
Kidderminster,52.38819,-2.25,57400
Kettering,52.39836,-0.72571,56676
Keighley,53.86791,-1.90664,50171
Islington,51.53622,-0.10304,319143
Ipswich,52.05917,1.15545,178835
Ilford,51.55765,0.07278,168168
Huyton,53.4115,-2.83935,54738
Huddersfield,53.64904,-1.78416,149017
Hove,50.83088,-0.1672,75174
Hounslow,51.46839,-0.36092,66292
Horsham,51.06314,-0.32757,51472
Hinckley,52.5389,-1.37613,50712
High Wycombe,51.62907,-0.74934,133204
Hereford,52.05684,-2.71482,60415
Hemel Hempstead,51.75368,-0.44975,95961
Hayes,51.51579,-0.4234,93928
Hastings,50.85568,0.58009,92855
Hartlepool,54.68554,-1.21028,88855
Harrow,51.57835,-0.33208,149246
Harrogate,53.99078,-1.5373,89060
Harlow,51.77655,0.11158,93300
Hamilton,55.76667,-4.03333,54480
Halifax,53.71667,-1.85,82624
Halesowen,52.44859,-2.04938,60097
Guildford,51.23536,-0.57427,71873
Grimsby,53.56539,-0.07553,86138
Great Yarmouth,52.60831,1.73052,63434
Grays,51.47566,0.32521,89755
Gravesend,51.44206,0.37106,54263
Gosport,50.79509,-1.12902,81952
Gloucester,51.86568,-2.2431,132416
Glasgow,55.86515,-4.25763,626410
Gillingham,51.38914,0.54863,101187
Gateshead,54.96209,-1.60168,77649
Fylde,53.83333,-2.91667,76500
Fulham,51.48026,-0.1993,87161
Folkestone,51.08169,1.16734,66429
Finchley,51.60096,-0.19518,65812
Feltham,51.4462,-0.41388,63368
Farnborough,51.29424,-0.75565,60652
Exeter,50.7236,-3.52751,130709
Esher,51.36969,-0.36693,52392
Enfield Town,51.65147,-0.08497,156858
Ellesmere Port Town,53.27875,-2.90134,65430
Edmonton,51.62561,-0.05798,82000
Edinburgh,55.95206,-3.19648,514990
Eastleigh,50.96667,-1.35,54225
East Kilbride,55.76412,-4.17669,75310
Eastbourne,50.76871,0.28453,101689
Dunstable,51.88571,-0.52288,51973
Dunfermline,56.07156,-3.45887,54990
Dundee,56.46913,-2.97489,148210
Dudley,52.5,-2.08333,199059
Doncaster,53.52285,-1.13116,113566
Dewsbury,53.69076,-1.62907,61035
Derby,52.92277,-1.47663,270468
Dartford,51.44657,0.21423,51240
Darlington,54.52429,-1.55039,92363
Dagenham,51.55,0.16667,108368
Cumbernauld,55.94685,-3.99051,50530
Croydon,51.38333,-0.1,173314
Cricklewood,51.5567,-0.21549,65000
Crewe,53.09787,-2.44161,76437
Crawley,51.11303,-0.18312,124008
Coventry,52.40656,-1.51217,345324
Corby,52.49637,-0.68939,68164
Colchester,51.88921,0.90421,130245
Clacton-on-Sea,51.78967,1.15597,50548
Chingford,51.63033,0.00051,70583
Chesterfield,53.25,-1.41667,113057
Chester,53.1905,-2.89189,90524
Cheltenham,51.90006,-2.07972,118836
Chelsea,51.48755,-0.16936,60000
Chelmsford,51.73575,0.46958,111511
Chatham,51.37891,0.52786,80596
Castlereagh,54.5735,-5.88472,56679
Carlisle,54.8951,-2.9382,78470
Cardiff,51.48,-3.18,372089
Canterbury,51.27904,1.07992,55087
Cannock,52.69045,-2.03085,86121
Cambridge,52.2,0.11667,145674
Bury,53.6,-2.3,61044
Burton upon Trent,52.80728,-1.64263,122199
Burnley,53.8,-2.23333,149422
Buckley,53.16667,-3.08333,63576
Bristol,51.45523,-2.59665,479024
Brighton,50.82838,-0.13947,283870
Brentwood,51.62127,0.30556,52586
Brent,51.55306,-0.3023,329100
Braintree,51.87819,0.55292,53477
Bradford,53.79391,-1.75206,366187
Bracknell,51.41363,-0.75054,76103
Bournemouth,50.72048,-1.8795,163600
Bootle,53.46667,-3.01667,57791
Bolton,53.58333,-2.43333,141331
Bognor Regis,50.78206,-0.67978,63885
Bletchley,51.99334,-0.73471,50193
Blackpool,53.81667,-3.05,145007
Blackburn,53.75,-2.48333,146521
Birmingham,52.48142,-1.89983,1157603
Birkenhead,53.39337,-3.01479,325264
Bexley,51.44162,0.14866,228000
Belfast,54.59682,-5.92541,348005
Bedford,52.13459,-0.46632,106940
Beckenham,51.40878,-0.02526,60739
Bebington,53.35,-3.01667,57600
Bath,51.3751,-2.36172,101557
Basingstoke,51.26249,-1.08708,107642
Basildon,51.56844,0.45782,144859
Barry,51.39979,-3.2838,54673
Barrow in Furness,54.11094,-3.22758,55489
Barnsley,53.55,-1.48333,71447
Barking,51.53333,0.08333,218534
Bangor,54.66079,-5.66802,61011
Aylesbury,51.81665,-0.81458,74748
Ashford,51.14648,0.87376,62787
Acton,51.50901,-0.2762,62480
Aberdeen,57.14369,-2.09814,198590
Tonypandy,51.62202,-3.45544,62545
Telford,52.67659,-2.44926,155570
Craigavon,54.44709,-6.387,59236
Battersea,51.47475,-0.15547,75651
South Croydon,51.36217,-0.09421,55198
Becontree,51.5529,0.129,100000
Brixton,51.46593,-0.10652,66300
Canary Wharf,51.50519,-0.02085,73390
Leytonstone,51.56856,0.00768,54696
Mendip,51.2372,-2.6266,110000
Peckham,51.47403,-0.06969,71552
Rossendale,53.68456,-2.2769,67400
High Peak,53.36797,-1.84536,92666
Stamford Hill,51.56872,-0.07334,68050
Archway,51.56733,-0.13415,215667
Tbilisi,41.69143,44.83412,1049498
Sokhumi,43.00697,40.9893,65439
Rustavi,41.56271,44.9787,128249
Kutaisi,42.26791,42.69459,135201
Batumi,41.64077,41.6306,186949
Cayenne,4.9381,-52.33455,61550
Yendi,9.44272,-0.00991,64676
Winneba,5.35113,-0.62313,71288
Wa,10.06069,-2.50192,78107
Twifu Praso,5.61411,-1.5502,100851
Teshi Old Town,5.58365,-0.10722,144013
Tema,5.6698,-0.01657,155782
Techiman,7.59054,-1.93947,84074
Tamale,9.40079,-0.8393,464316
Takoradi,4.89816,-1.76029,389114
Tafo,6.73156,-1.6137,50457
Swedru,5.53711,-0.69984,54417
Sunyani,7.33991,-2.32676,92825
Suhum,6.04089,-0.45004,50610
Sekondi-Takoradi,4.92678,-1.75773,138872
Kasoa,5.53449,-0.41679,86753
Akim Oda,5.92665,-0.98577,60604
Obuase,6.20228,-1.66796,179604
Nungua,5.60105,-0.07713,70483
Mampong,7.06273,-1.4001,51745
Medina Estates,5.6658,-0.16307,101207
Kumasi,6.68848,-1.62443,2544530
Koforidua,6.09408,-0.25913,151255
Kintampo,8.05627,-1.73058,53711
Jirapa,10.53689,-2.70155,91279
Japekrom,7.5758,-2.78516,96000
Hohoe,7.15181,0.47362,92076
Ho,6.60084,0.4713,130701
Gbawe,5.57692,-0.31038,86718
Ejura,7.38558,-1.35617,70807
Cape Coast,5.10535,-1.2466,212426
Buduburam,5.52314,-0.47718,63217
Bolgatanga,10.78556,-0.85139,81958
Berekum,7.4534,-2.58404,70536
Bawku,11.05926,-0.24249,76459
Ashaiman,5.69951,-0.03484,190972
Amanfrom,5.53532,-0.39827,119467
Aflao,6.11982,1.19012,66546
Atsiaman,5.69775,-0.32824,202932
Accra,5.55602,-0.1969,1963264
Adenta,5.71417,-0.15418,50652
Tema New Town,5.65396,0.0264,95837
Sekondi,4.93422,-1.71454,285506
Mandela,5.55221,-0.33912,77371
Sukuta,13.41033,-16.70815,56472
Serekunda,13.43833,-16.67806,340000
Bununka Kunda,13.42722,-16.68528,66449
Brikama,13.27136,-16.64944,97233
Siguiri,11.42282,-9.16852,148018
Sangarédi,11.1,-13.76667,54824
Kamsar,10.65,-14.61667,113350
Nzérékoré,7.75624,-8.8179,226426
Manéah,9.73333,-13.41667,194297
Mamou,10.37546,-12.09148,79109
Macenta,8.54351,-9.47099,68020
Labé,11.31823,-12.28332,107571
Kissidougou,9.1848,-10.09987,116019
Kindia,10.05692,-12.86576,161024
Kankan,10.38542,-9.30568,221428
Gueckedou,8.56744,-10.1336,79140
Fria,10.36676,-13.58253,64169
Faranah,10.04036,-10.74343,70181
Dubréka,9.79111,-13.52333,182296
Dixinn,9.55111,-13.67306,137287
Coyah,9.70643,-13.38465,77103
Conakry,9.53795,-13.67729,1928389
Camayenne,9.535,-13.68778,1871242
Boké,10.93217,-14.29055,63736
Kolaboui,10.79569,-14.39966,57251
Les Abymes,16.273,-61.50507,53514
Malabo,3.75578,8.78166,155963
Bata,1.86391,9.76582,173046
Volos,39.36923,22.94769,86048
Výronas,37.96105,23.753,61308
Tríkala,39.55493,21.76837,61653
Piraeus,37.94203,23.64619,163688
Petroúpolis,38.04187,23.68494,58979
Peristéri,38.01539,23.69187,139981
Pátra,38.2462,21.73508,168034
Palaió Fáliro,37.92812,23.70105,64021
Níkaia,37.96667,23.65,89380
Néa Smýrni,37.94504,23.71416,73076
Ílion,38.03333,23.7,84793
Néa Ionía,38.0357,23.75733,67134
Lárisa,39.62847,22.42112,146926
Lamía,38.89947,22.4335,52006
Chaniá,35.51124,24.02921,53910
Chalkída,38.46354,23.60284,59125
Khalándrion,38.02369,23.80068,74192
Keratsíni,37.9625,23.61972,77077
Kallithéa,37.95,23.7,100641
Kalamata,37.03913,22.11265,54100
Irákleion,35.32787,25.14341,137154
Ioánnina,39.66341,20.85187,65574
Glyfáda,37.86289,23.75802,87305
Galátsi,38.01667,23.75,59345
Agios Dimitrios,37.93333,23.73333,71294
Agía Paraskeví,38.01667,23.83333,59704
Athens,37.98376,23.72784,664046
Maroúsi,38.05,23.8,72333
Acharnés,38.08333,23.73333,99346
Aigáleo,37.98333,23.68333,69946
Rhodes,36.43556,28.22199,56128
Thessaloníki,40.64072,22.93493,317778
Sérres,41.08499,23.54757,58287
Kavála,40.93959,24.40687,54027
Kateríni,40.26956,22.50608,53293
Kalamariá,40.5825,22.95028,91518
Évosmos,40.67056,22.90833,74686
Alexandroupoli,40.84995,25.87644,52979
Ilioúpoli,37.93149,23.76779,78153
Korydallós,37.98468,23.64711,63445
Zográfos,37.97574,23.76911,71026
Zacapa,14.96867,-89.52732,60424
Villa Nueva,14.52512,-90.58544,618397
Villa Canales,14.48285,-90.53425,155423
Totonicapán,14.91188,-91.36054,103952
Santa Lucía Cotzumalguapa,14.33505,-91.02339,112780
Santa Cruz del Quiché,15.02995,-91.14876,78279
Santa Catarina Pinula,14.57047,-90.49925,80582
San Pedro Ayampuc,14.77943,-90.45318,58609
San Juan Sacatepéquez,14.71889,-90.64417,136886
San José Pinula,14.546,-90.41288,79844
San Francisco El Alto,14.9449,-91.4431,57894
Salamá,15.1021,-90.31906,65275
Retalhuleu,14.53575,-91.67848,90505
Quetzaltenango,14.84462,-91.52316,180706
Puerto Barrios,15.72724,-88.59787,100593
Petapa,14.50189,-90.56196,135447
Patzún,14.68189,-91.01397,58240
Panzos,15.39862,-89.64147,71846
Palín,14.40358,-90.69659,65873
Ostuncalco,14.86899,-91.62137,51828
Mixco,14.63077,-90.60711,465773
Mazatenango,14.53412,-91.50311,77431
Malacatán,14.91132,-92.05788,92816
Jutiapa,14.28491,-89.88798,145880
Jalapa,14.63542,-89.99112,159840
Huehuetenango,15.32097,-91.47001,79426
Fraijanes,14.46528,-90.44083,58922
Escuintla,14.30097,-90.78816,156313
Comitancillo,15.08937,-91.74971,59489
Cobán,15.47025,-90.37455,212047
Coatepeque,14.70413,-91.86426,105415
Guatemala City,14.64072,-90.51327,994938
Chiquimula,14.8009,-89.54641,111505
Chinautla,14.70289,-90.49983,104972
Chimaltenango,14.65881,-90.8216,96985
Chichicastenango,14.94333,-91.11116,141567
Chicacao,14.54295,-91.32636,60735
Amatitlán,14.4774,-90.63489,71836
Bissau,11.86357,-15.59767,439704
Bairro Militar,11.8746,-15.6158,65274
Georgetown,6.80448,-58.15527,235017
Tsuen Wan,22.37137,114.11329,318916
Yuen Long San Hui,22.43333,114.03333,200000
Yuen Long Kau Hui,22.44831,114.03199,169600
Yuen Long,22.44518,114.02621,200000
Wong Tai Sin,22.35,114.18333,425235
Wan Chai,22.28142,114.17258,166695
Tuen Mun,22.39175,113.97157,507900
Tsing Yi Town,22.35,114.1,182100
Tseung Kwan O,22.32789,114.24992,412900
Tiu Keng Leng,22.29853,114.25115,51751
Tin Shui Wai,22.45679,114.00234,286232
Tai Po,22.45007,114.16877,274100
Siu Lek Yuen,22.38174,114.21256,57349
Sha Tin Wai,22.37756,114.19753,80000
Sha Tin,22.38333,114.18333,495200
Sham Shui Po,22.33023,114.15945,431090
Sau Mau Ping,22.3202,114.23497,54218
Pok Fu Lam,22.26861,114.12924,77100
San Tung Chung Hang,22.27875,113.94307,116000
Mong Kok,22.31935,114.17136,62967
Ma On Shan,22.40613,114.24079,215200
Kwai Chung,22.36828,114.13877,331600
Kowloon City,22.33047,114.19222,418732
Kowloon,22.31667,114.18333,2232339
Hong Kong,22.27832,114.17469,7396076
Aberdeen,22.24802,114.15289,157400
Fanling,22.49487,114.13949,263200
Victoria,22.2875,114.14417,956800
Tung Chung,22.28783,113.94243,114100
Nam Cheong,22.32799,114.15389,74780
Shap Pat Heung,22.4248,114.03581,77775
LOHAS Park,22.29315,114.27245,50000
New Territories,22.42441,114.11095,3984077
Hong Kong Island,22.26302,114.18419,1195529
Kowloon City Centre,22.32979,114.18889,194290
Kowloon West End,22.32848,114.18514,74710
Puerto Cortez,15.82562,-87.92968,142311
Tocoa,15.68333,-86,111972
Tegucigalpa,14.0818,-87.20681,850848
Siguatepeque,14.59691,-87.83102,127468
Santa Cruz de Yojoa,14.98086,-87.89091,97848
San Pedro Sula,15.50585,-88.02588,801259
San Pedro de Copán,14.61667,-88.86667,63829
Omoa,15.77603,-88.03833,58172
Olanchito,15.48131,-86.57415,124286
La Ceiba,15.75971,-86.78221,222055
El Progreso,15.4,-87.8,100810
El Negrito,15.31667,-87.7,50550
Danlí,14.03333,-86.58333,233789
Comayagua,14.45577,-87.63968,58784
Ciudad Choluteca,13.30569,-87.17882,75872
Choloma,15.61444,-87.95302,139100
Catacamas,14.85114,-85.89412,140548
La Ceiba,15.76667,-86.83333,215973
Zagreb,45.81444,15.97798,663592
Zadar,44.11578,15.22514,67309
Split,43.50891,16.43915,149830
Sesvete,45.83111,16.11639,55313
Rijeka,45.32673,14.44241,107964
Pula,44.86833,13.84806,52220
Osijek,45.55066,18.6942,75535
Thomazeau,18.65297,-72.09391,52017
Saint-Michel de l'Atalaye,19.37084,-72.33472,95216
Saint-Marc,19.11136,-72.70078,266642
Port-de-Paix,19.93984,-72.83037,306217
Port-au-Prince,18.54349,-72.33881,1234742
Tigwav,18.43117,-72.86521,117504
Pétionville,18.5125,-72.28528,376834
Miragoâne,18.44599,-73.08957,89202
Léogâne,18.5111,-72.63343,134190
Jérémie,18.65,-74.11667,97503
Jacmel,18.23569,-72.53686,137966
Gonaïves,19.44755,-72.68928,84961
Dessalines,19.26177,-72.51611,181903
Delmas,18.54478,-72.30036,395260
Croix-des-Bouquets,18.57677,-72.22625,229127
Les Cayes,18.19199,-73.74948,125799
Cap-Haïtien,19.75938,-72.19815,134815
Arcahaie,18.77019,-72.51226,130306
Cité Soleil,18.58028,-72.33806,265072
Carrefour,18.53333,-72.4,511345
Szolnok,47.18066,20.19835,71285
Szeged,46.253,20.14824,160766
Nyíregyháza,47.95539,21.71671,117689
Miskolc,48.10327,20.77806,154521
Eger,47.90265,20.37329,53876
Debrecen,47.53167,21.62444,202402
Békéscsaba,46.68333,21.1,59732
Zugló,47.51758,19.10549,130000
Zalaegerszeg,46.83695,16.84401,61898
Veszprém,47.09327,17.91149,56927
Újpest,47.56863,19.08456,100694
Tatabánya,47.59247,18.38099,65849
Szombathely,47.23088,16.62155,78025
Székesfehérvár,47.18995,18.41034,101600
Sopron,47.68501,16.59049,62246
Pestlőrinc,47.42977,19.21592,58722
Pest,47.5,19.08333,1001748
Pécs,46.07617,18.22814,145347
Kőbánya,47.48427,19.13913,78414
Kispest,47.4515,19.14017,61453
Kelenföld,47.46614,19.03102,53332
Kecskemét,46.90618,19.69128,109847
Kaposvár,46.36667,17.8,64280
Győr,47.68333,17.63512,129301
Ferencváros,47.47754,19.09081,59056
Erzsébetváros,47.50207,19.07218,62000
Érd,47.39489,18.91361,62408
Dunaújváros,46.96479,18.93974,50084
Budapest,47.49835,19.04045,1741041
Buda,47.5,19.03333,510108
Angyalföld,47.54765,19.07973,62006
Budapest XII. kerület,47.49192,19.01493,56544
Budapest XI. kerület,47.47603,19.03605,139049
Budapest VIII. kerület,47.48919,19.07012,82222
Budapest XIII. kerület,47.52978,19.08068,113531
Budapest IV. kerület,47.56182,19.08909,98374
Budapest XV. kerület,47.56263,19.11681,80218
Budapest XVI. kerület,47.51482,19.17028,68484
Budapest XIX. kerület,47.45293,19.14943,61610
Budapest XVIII. kerület,47.44417,19.17595,93225
Budapest XXII. kerület,47.42698,19.04016,50499
Budapest XXI. kerület,47.42215,19.06641,76339
Budapest XX. kerület,47.43674,19.10093,63371
Budapest XVII. kerület,47.47997,19.25388,78250
Budapest III. kerület,47.54157,19.04501,123723
Budapest II. kerület,47.51984,19.02218,88729
Józsefváros,47.48938,19.07292,76957
Tebingtinggi,3.3285,99.1625,117530
Tanjungbalai,2.96667,99.8,190935
Sunggal,3.5765,98.6151,157914
Sidikalang,2.74899,98.3127,50671
Sibolga,1.74016,98.78117,92244
Rantauprapat,2.1,99.83333,103009
Percut,3.6253,98.864,311063
Perbaungan,3.5679,98.956,157174
Pematangsiantar,2.9595,99.0687,279198
Padangsidempuan,1.37952,99.27146,243843
Meulaboh,4.14402,96.12664,64646
Medan,3.58333,98.66667,2486283
Lhokseumawe,5.1801,97.1507,200876
Langsa,4.4683,97.9683,184016
Kisaran,2.9845,99.6158,141915
Kabanjahe,3.1001,98.4908,73581
Gunungsitoli,1.2888,97.6143,136707
Binjai,3.6001,98.4854,279302
Belawan,3.7755,98.6832,102707
Banda Aceh,5.54167,95.33333,267962
Yogyakarta,-7.80139,110.36472,375699
Wonosobo,-7.35889,109.90306,92990
Wonosari,-7.96556,110.60361,87454
Weru,-6.711,108.5037,139004
Weleri,-6.9713,110.0666,58448
Wedi,-7.74306,110.57944,55300
Watampone,-4.5386,120.3279,149336
Wamena,-4.09583,138.94806,66080
Ungaran,-7.13972,110.405,171378
Makassar,-5.14861,119.43194,1474393
Ubud,-8.5098,115.2654,74800
Tulungagung,-8.0657,111.9025,65262
Tulangan Utara,-7.4737,112.6505,63889
Tuban,-6.8976,112.0649,76242
Tual,-5.62878,132.75229,90470
Toli-Toli,1.04018,120.81764,242783
Timika,-4.61407,136.67679,142909
Ternate,0.79065,127.38424,210836
Terbanggi Besar,-4.87898,105.21818,52566
Tegal,-6.8694,109.1402,297173
Tasikmalaya,-7.3274,108.2207,770839
Tarub,-6.93333,109.16667,75739
Tarakan,3.31332,117.59152,255310
Tanjung Selor,2.8375,117.36528,67837
Tanjung Pinang,0.91667,104.45833,227663
Tanjung Pandan,-2.73353,107.63477,103062
Bandar Lampung,-5.42917,105.26111,1166066
Tanjungagung,-3.93728,103.80465,53117
Tangerang,-6.17806,106.63,1927815
Taliwang,-8.7449,116.8532,55340
Surakarta,-7.55611,110.83167,526870
Surabaya,-7.24917,112.75083,3018022
Sungai Penuh,-2.0561,101.3913,102224
Sungailiat,-1.85442,106.12215,100750
Sumenep,-7.01152,113.86042,84656
Sumedang Utara,-6.85,107.91667,100000
Sumedang,-6.85861,107.91639,200000
Sumber,-6.76028,108.48306,96725
Sumbawa Besar,-8.49317,117.42024,62753
Sokaraja,-7.45806,109.28806,66482
Sukabumi,-6.91806,106.92667,365735
Subang,-6.57,107.75667,137234
Sragen,-7.42639,111.02222,71522
Sorong,-0.87956,131.26104,219958
Soreang,-7.03306,107.51833,116780
Solok,-0.8006,100.6571,73438
Sleman,-7.71556,110.35556,56215
Slawi,-6.9816,109.1407,61206
Situbondo,-7.70623,114.00976,685967
Sintang,0.06667,111.5,85000
Singosari,-7.8924,112.6658,182656
Singkawang,0.90925,108.98463,253812
Sengkang,-4.1279,120.0297,59523
Singaraja,-8.112,115.08818,133784
Sidoarjo,-7.4478,112.7183,139189
Sewon,-7.87639,110.35889,73585
Serpong,-6.31694,106.66417,80193
Serang,-6.11528,106.15417,735651
Sepatan,-6.11889,106.575,118439
Semarang,-6.99306,110.42083,1694740
Selong,-8.6503,116.5318,92464
Sawangan,-6.40278,106.77444,197170
Sangkapura,-5.84525,112.65173,50612
Sampit,-2.5315,112.9496,166773
Sampang,-7.1872,113.2394,53269
Samarinda,-0.49167,117.14583,865306
Salatiga,-7.33194,110.49278,198971
Rengasdengklok,-6.15917,107.29806,201463
Rangkasbitung,-6.3591,106.2494,137041
Raha,-4.838,122.7209,69980
Purwokerto,-7.42139,109.23444,230235
Purwodadi,-7.0868,110.9158,139387
Purwakarta,-6.55694,107.44333,179233
Purbalingga,-7.38806,109.36389,56903
Probolinggo,-7.7543,113.2159,243746
Pontianak,-0.03194,109.325,686019
Ponorogo,-7.8685,111.462,79026
Polewali,-3.4324,119.3435,65800
Plumbon,-6.705,108.47278,167105
Prabumulih,-3.43447,104.23056,103470
Pemangkat,1.16667,108.96667,54259
Pemalang,-6.89193,109.38263,184149
Pelabuhanratu,-6.9875,106.55139,109523
Pekanbaru,0.51667,101.44167,1167599
Pekalongan,-6.8886,109.6753,324564
Pecangaan,-6.6978,110.7107,61046
Payakumbuh,-0.2159,100.6334,139576
Pati,-6.7559,111.038,107028
Pasuruan,-7.6453,112.9075,213469
Paseh,-7.068,107.794,126181
Pasarkemis,-6.17028,106.53028,263289
Parung,-6.42139,106.73306,128905
Pariaman,-0.61898,100.11997,92183
Parepare,-4.0135,119.6255,160309
Pare,-7.7679,112.198,106007
Pangkalpinang,-2.12914,106.11377,226297
Pangkalanbuun,-2.6832,111.6259,108814
Pandeglang,-6.3084,106.1067,92316
Pandak,-7.91306,110.29361,56043
Pamulang,-6.34278,106.73833,174557
Pamekasan,-7.1568,113.4746,92447
Pamanukan,-6.28417,107.81056,114290
Palu,-0.90833,119.87083,389959
Palopo,-2.9925,120.19694,184961
Palimanan,-6.70694,108.42417,92600
Palembang,-2.91673,104.7458,1801367
Palangkaraya,-2.20833,113.91667,318247
Pagar Alam,-4.02506,103.24694,70386
Padangpanjang,-0.45602,100.40521,58627
Padang,-0.94924,100.35427,942938
Nunukan,4.13841,117.6507,67006
Nganjuk,-7.6051,111.9035,69011
Negara,-8.35694,114.61694,100074
Nabire,-3.35989,135.50074,99848
Muntilan,-7.58111,110.29278,81555
Muncar,-8.43333,114.33333,64537
Mojokerto,-7.4664,112.4338,141785
Metro,-5.11306,105.30667,182293
Mertoyudan,-7.52,110.22639,69871
Melati,-7.73333,110.36667,67090
Maumere,-8.6199,122.2111,87720
Mataram,-8.58333,116.11667,441147
Martapura,-3.4109,114.8642,131449
Margahayukencana,-6.97083,107.5675,83119
Manokwari,-0.86291,134.06402,132300
Mendaha,-1.0163,103.59331,56268
Manado,1.48218,124.84892,458582
Malang,-7.9797,112.6304,889359
Majene,-3.5403,118.9707,73883
Majalengka,-6.83611,108.22778,73052
Magelang,-7.47056,110.21778,128709
Madiun,-7.6298,111.5239,202544
Lumajang,-8.1335,113.2248,123626
Lubuklinggau,-3.2945,102.8614,234166
Loa Janan,-0.58295,117.09503,212816
Lembang,-6.81167,107.6175,183130
Lawang,-7.8353,112.6947,112540
Lamongan,-7.11667,112.41667,59224
Lahat,-3.78514,103.54279,65906
Labuan Bajo,-8.4964,119.8877,188724
Kuningan,-6.97583,108.48306,111742
Kudus,-6.8048,110.8405,92156
Kresek,-6.13139,106.37972,110182
Kotamobagu,0.74194,124.31208,121756
Klungkung,-8.53333,115.4,223720
Klaten,-7.70583,110.60639,126831
Klangenan,-6.70944,108.44,88378
Kertosono,-7.58333,112.1,60782
Kepanjen,-8.1303,112.5727,51919
Kendari,-3.9778,122.51507,351085
Kedungwuni,-6.97038,109.64794,117249
Kedungwaru,-8.06667,111.91667,80257
Kediri,-7.81667,112.01667,301424
Kebomas,-7.16667,112.6333,75982
Kawalu,-7.3817,108.2082,50541
Karawang,-6.30525,107.3197,307880
Karangsembung,-6.8487,108.6422,75856
Jombang,-7.54595,112.23307,126465
Jepara,-6.5924,110.671,1257912
Jember,-8.17211,113.69953,298585
Jatiwangi,-6.73361,108.26278,57973
Jatiroto,-7.88333,111.11667,50059
Jatibarang,-6.47472,108.31528,73010
Jambi City,-1.6,103.61667,635101
Jakarta,-6.21462,106.84513,8540121
Indramayu,-6.32639,108.32,123263
Grogol,-7.60111,110.81861,100613
Gresik,-7.15389,112.65611,73629
Gorontalo,0.5375,123.0625,205390
Gombong,-7.60722,109.51417,50950
Godean,-7.76972,110.29389,63164
Genteng,-8.36667,114.15,79652
Gedangan,-7.39083,112.72667,79230
Garut,-7.245,107.921,131809
Galesong,-5.3166,119.3661,83050
Ende,-8.8432,121.6623,87269
Dumai,1.66711,101.44316,349389
Dukuhturi,-6.9,109.08333,98074
Dompu,-8.5365,118.4634,54987
Dobo,-5.76092,134.23405,52104
Depok,-7.7625,110.43167,104527
Depok,-6.4,106.81861,2163635
Denpasar,-8.65,115.21667,670210
Curug,-6.26583,106.55639,191406
Comal,-6.9053,109.5347,51092
Citeureup,-6.48556,106.88194,214668
Cirebon,-6.7063,108.557,344851
Ciputat,-6.2375,106.69556,207858
Cimahi,-6.87222,107.5425,581994
Cileunyi,-6.93889,107.75278,111476
Cileungsir,-6.39472,106.95917,289833
Cilegon,-6.0144,106.0542,470378
Cilacap,-7.72639,109.00944,256996
Cikarang,-6.26111,107.15278,106479
Cikampek,-6.41972,107.45583,127173
Cicurug,-6.78139,106.7825,88965
Cibinong,-6.48167,106.85417,363424
Cianjur,-6.82222,107.13944,174587
Ciamis,-7.3257,108.3534,109839
Cepu,-7.1475,111.5906,55055
Caringin,-6.70611,106.82139,91845
Ciampea,-6.55472,106.70083,207212
Bukittinggi,-0.30907,100.37055,121028
Boyolali,-7.53306,110.59583,59851
Bontang,0.1324,117.4854,194606
Bondowoso,-7.91346,113.82145,69783
Bojonegoro,-7.1502,111.8817,86568
Bogor,-6.59444,106.78917,1078351
Blora,-6.9698,111.4186,51811
Blitar,-8.0983,112.1681,161204
Bitung,1.44059,125.12824,225134
Bima,-8.46006,118.72667,165113
Besuki,-7.73379,113.69785,55465
Bengkulu,-3.80044,102.26554,397321
Bekasi,-6.2349,106.9896,2648272
Baubau,-5.4633,122.6024,161280
Baturaja,-4.12891,104.16695,134759
Batu,-7.87,112.52833,225408
Batang,-6.4846,110.7083,139492
Barabai,-2.58333,115.38333,55956
Banyuwangi,-8.2325,114.35755,117558
Bantul,-7.88806,110.32889,64360
Banjarmasin,-3.31987,114.59075,657663
Banjarbaru,-3.4406,114.8365,293332
Banjaran,-7.04528,107.58778,164952
Banjar,-8.19,114.9675,89040
Banjar,-7.1955,107.4313,209791
Bangkalan,-7.0455,112.7351,86250
Bangil,-7.59939,112.8186,85504
Bandung,-6.92222,107.60694,2528163
Balikpapan,-1.26753,116.82887,695287
Balai Pungut,1.05949,101.29054,56452
Baki,-7.61278,110.78389,58909
Baekrajan,-6.7674,110.8541,57920
Atambua,-9.10611,124.8925,82196
Astanajapura,-6.8017,108.6311,148047
Arjawinangun,-6.64528,108.41028,105845
Amuntai,-2.41773,115.24941,55560
Ambon,-3.69583,128.18333,347288
Ambarawa,-7.26333,110.3975,65096
Amahai,-3.33984,128.91975,50478
Adiwerna,-6.9375,109.1325,134188
Padalarang,-6.83778,107.47278,193114
Ciranjang-hilir,-6.82,107.25722,77758
Cikupa,-6.23639,106.50833,174041
Teluknaga,-6.09889,106.63806,175155
Gamping Lor,-7.79556,110.32639,66110
Kasihan,-7.82694,110.32917,86234
Kartasura,-7.55194,110.73778,88927
Kupang,-10.17083,123.60694,474801
Merauke,-8.49958,140.40613,116864
Jayapura,-2.53371,140.71813,410852
Abepura,-2.5964,140.6324,62248
Batam,1.14937,104.02491,1296960
Subulussalam,2.662,97.8827,105553
Sukawati,-8.4913,115.0459,125470
South Tangerang,-6.28862,106.71789,1429529
Kota Sambas,1.36259,109.30093,57295
Nusantara,-0.97306,116.70861,147430
Waterford,52.25833,-7.11194,60079
Tallaght,53.2859,-6.37344,81022
Limerick,52.66472,-8.62306,102287
Galway,53.27245,-9.05095,85910
Dublin,53.33306,-6.24889,1024027
Cork,51.89797,-8.47061,224004
South Dublin,53.29026,-6.34151,301075
Jerusalem,31.76904,35.21633,971800
Modi‘in Makkabbim Re‘ut,31.89385,35.01504,93277
Jaffa,32.05043,34.75224,100000
Umm el Faḥm,32.51758,35.15397,56109
Tel Aviv,32.08088,34.78057,432892
Rosh Ha‘Ayin,32.09556,34.95664,72881
Rishon LeTsiyyon,31.97102,34.78939,258535
Reẖovot,31.89421,34.81199,149392
Ramla,31.92624,34.8635,76246
Ramat Gan,32.08227,34.81065,170822
Ra'anana,32.1836,34.87386,75421
Kiryat Gat,31.60998,34.76422,61817
Qiryat Ata,32.81149,35.11323,59030
Petaẖ Tiqva,32.08707,34.88747,253529
Netanya,32.33294,34.85917,228204
Ness Ziona,31.92933,34.79868,50351
Nazareth,32.70087,35.29719,77445
Nahariyya,33.00892,35.09814,58096
Lod,31.9467,34.8903,77223
Kfar Saba,32.175,34.90694,110456
H̱olon,32.01034,34.77918,196282
Hod HaSharon,32.15934,34.8932,63175
Herzliya,32.16627,34.82536,97470
Haifa,32.81303,34.99928,285316
Hadera,32.44192,34.9039,97335
Givatayim,32.07225,34.81253,60644
Eilat,29.55805,34.94821,52299
Bet Shemesh,31.73072,34.99293,124957
Bnei Brak,32.08074,34.8338,214444
Beersheba,31.25181,34.7913,186600
Bat Yam,32.02379,34.75185,129012
Ashkelon,31.66926,34.57149,144073
Ashdod,31.79213,34.64966,226838
Acre,32.92814,35.07647,51420
West Jerusalem,31.78199,35.21961,400000
Modiin Ilit,31.93221,35.04416,76374
Zahirābād,17.68138,77.60743,71166
Yelahanka,13.10073,77.59632,116447
Yavatmāl,20.39324,78.13201,128175
Yanam,16.73308,82.21364,55626
Yamuna Nagar,30.12796,77.28371,217071
Yadgir,16.77007,77.13755,74294
Wokha,26.09717,94.25817,54010
Wāshīm,20.11128,77.133,78387
Wardha,20.73933,78.59784,113759
Warangal,18,79.58333,704570
Wanparti,16.36738,78.06889,60949
Wani,20.05507,78.95313,58840
Vrindāvan,27.58105,77.69662,60195
Vriddhāchalam,11.5183,79.32411,61498
Vizianagaram,18.11692,83.41148,228720
Visnagar,23.69855,72.5521,76753
Visakhapatnam,17.68009,83.20161,1063178
Virudunagar,9.58509,77.95787,73273
Virār,19.45591,72.81136,1222390
Viramgām,23.12564,72.05014,55821
Vinukonda,16.0531,79.73964,62550
Villupuram,11.93975,79.49244,97380
Vikārābād,17.3381,77.90441,53143
Vijayawada,16.50745,80.6466,1143232
Vidisha,23.52604,77.81092,155951
Verāval,20.9077,70.36786,171121
Venkatagiri,13.96005,79.58032,52688
Vellore,12.9184,79.13255,484690
Vejalpur,22.69021,73.56299,121610
Vasco da Gama,15.39585,73.81568,100485
Varanasi,25.31668,83.01041,1164404
Vaniyambadi,12.68162,78.62014,95061
Valsād,20.61013,72.93428,139764
Valparai,10.32691,76.95116,90353
Vadodara,22.29941,73.20812,1822221
Urun-Islāmpur,17.05,74.26667,67391
Upleta,21.74015,70.28256,58775
Uppal Kalan,17.40577,78.55911,118259
Unnāo,26.54706,80.48781,161671
Unjha,23.80366,72.39101,57108
Una,20.82318,71.03795,58528
Umred,20.85396,79.32466,53971
Uluberiya,22.4756,88.09898,235345
Ullal,12.80569,74.86058,59116
Ulhasnagar,19.21667,73.15,516584
Ujjain,23.18239,75.77643,515215
Ujhāni,28.00311,79.00821,56309
Udumalaippettai,10.58806,77.24779,61133
Udupi,13.33467,74.74617,165000
Udhampur,32.92431,75.13573,84015
Udgīr,18.39258,77.11756,103550
Udaipur,24.58584,73.71346,451100
Ooty,11.4134,76.69521,233426
Tura,25.51421,90.20239,74858
Tuni,17.35905,82.54607,53425
Tūndla,27.2146,78.23683,50939
Tumkūr,13.34136,77.1022,307359
Thiruvananthapuram,8.4855,76.94924,788271
Tripunittura,9.94283,76.33331,69390
Thrissur,10.51667,76.21667,315957
Tonk,26.16638,75.78824,165294
Tohāna,29.71332,75.90441,63871
Titāgarh,22.74252,88.37326,127751
Tiruvottiyūr,13.15823,80.30181,249446
Tiruvannamalai,12.22662,79.07461,145278
Tiruvallur,13.14376,79.90889,56074
Tiruvalla,9.3816,76.57489,57223
Tiruttangal,9.48333,77.83333,55362
Tirūrangādi,11.04316,75.92337,56632
Tirur,10.91368,75.92118,56058
Tiruppur,11.11541,77.35456,963173
Tirupattur,12.49239,78.56804,64125
Tirupparangunram,9.88151,78.07306,50004
Tirupati,13.63551,79.41989,295323
Tirunelveli,8.72742,77.6838,1435844
Tirumangalam,9.82307,77.98381,51194
Tiruchengode,11.38016,77.89444,95335
Tiruchirappalli,10.8155,78.69651,1022518
Tiptūr,13.2563,76.47768,60957
Tinsukia,27.48905,95.35992,116322
Tindivanam,12.234,79.65551,72796
Tilhar,27.96282,79.73827,57043
Tīkamgarh,24.74327,78.83061,79106
Thiruvarur,10.77269,79.6368,58777
Thanjavur,10.78523,79.13909,291067
Thānesar,29.97323,76.83214,155152
Thāne,19.19704,72.96355,1841488
Tezpur,26.63333,92.8,75540
Thenkasi,8.96003,77.31525,70545
Teni,10.01115,77.47772,1034724
Thenali,16.24253,80.63982,164937
Tellicherry,11.74811,75.4929,97201
Teghra,25.49043,85.94001,56234
Tarn Taran,31.45191,74.92777,66847
Tanuku,16.75438,81.68143,77962
Tandur,17.24849,77.57698,65115
Tāndā,26.54953,82.65841,88073
Tambaram,12.9246,80.12707,174787
Taliparamba,12.04161,75.35927,72465
Talegaon Dābhāde,18.73502,73.67561,56435
Tadpatri,14.90832,78.01031,108171
Tadepalligudem,16.81467,81.52717,112655
Tādepalle,16.48333,80.6,64149
Suriāpet,17.14054,79.62045,111729
Surendranagar,22.72706,71.64856,179628
Suratgarh,29.3215,73.89979,70536
Surat,21.19594,72.83023,4591246
Supaul,26.11527,86.59509,65437
Sunām,30.12883,75.79943,69069
Sultānpur,26.25788,82.07269,110368
Sūjāngarh,27.7,74.46667,183808
Srivilliputhur,9.51272,77.63369,75396
Srinagar,34.08565,74.80555,1206419
Srikakulam,18.2989,83.89751,137944
Sri Dūngargarh,28.09617,74.00868,53294
Sopur,34.28671,74.47228,71292
Sonīpat,28.99478,77.01937,289333
Rajpur Sonarpur,22.4382,88.43205,424368
Siwān,26.22096,84.35609,135066
Sivakasi,9.44999,77.79797,234704
Siuri,23.90806,87.52773,64659
Sītāpur,27.56192,80.68265,164435
Sītāmarhi,26.59357,85.4906,67818
Siruguppa,15.63,76.89217,52492
Sirsilla,18.38865,78.81048,83186
Sirsi,14.62072,74.83554,62882
Sirsa,29.53489,75.02898,182534
Sironj,24.10313,77.69055,52460
Sirhind,30.64321,76.38421,60847
Sīra,13.74155,76.9043,57928
Sinnar,19.84505,73.99866,65299
Sindhnūr,15.76983,76.75581,75837
Shimla,31.10442,77.16662,173503
Silvassa,20.27386,72.99673,98265
Sillod,20.30303,75.65284,58230
Silchar,24.82733,92.79787,178865
Sīkar,27.61206,75.13996,244497
Sikandarābād,28.45226,77.70004,73379
Sihor,21.71134,71.96179,54547
Sidlaghatta,13.38896,77.86444,51159
Sidhi,24.4038,81.87954,54331
Siddipet,18.10483,78.84858,66737
Siddhapur,23.91783,72.37212,61867
Sibsāgar,26.98427,94.63784,62104
Shyamnagar,22.83333,88.36667,441956
Shujālpur,23.40673,76.7098,51225
Shrīrāmpur,22.75278,88.34222,226317
Shorāpur,16.521,76.75738,51398
Sholapur,17.67152,75.91044,997281
Shivpuri,25.42378,77.66223,179977
Shirpur,21.34821,74.88035,76905
Shivamogga,13.93157,75.56791,322650
Shillong,25.56892,91.88313,143229
Siliguri,26.71004,88.42851,515574
Shikohābād,27.108,78.58661,99678
Sherkot,29.32704,78.57429,57361
Sheopur,25.66472,76.69616,71951
Shegaon,20.7932,76.69921,59672
Shāntipur,23.24723,88.43302,149983
Shāmli,29.4497,77.30959,97966
Shājāpur,23.42637,76.27775,69263
Sheikhpura,25.13994,85.84096,62927
Shāhpur,16.69605,76.8422,53366
Shāhjānpur,27.88165,79.90918,320434
Shahdol,23.29356,81.3619,89289
Shāhāda,21.54538,74.47106,61376
Shāhābād,27.6431,79.9402,73606
Shāhābād,17.1307,76.94361,52952
Seoni,22.08503,79.55037,102343
Sendhwa,21.68562,75.09622,56485
Sehore,23.2,77.08333,109118
Secunderabad,17.50427,78.54263,204182
Sawai Madhopur,26.02301,76.34408,121106
Sattenapalle,16.39381,80.15221,56721
Satna,24.57726,80.82719,282977
Satara,17.68589,73.99333,120195
Sasarām,24.94942,84.01645,147408
Sardārshahr,28.44062,74.491,95911
Sankarankovil,9.17048,77.54107,57277
Sangrūr,30.24506,75.84488,88615
Sāngli,16.85438,74.56417,601214
Sangāreddi,17.62477,78.08669,72344
Sangamner,19.56784,74.21154,67309
Sandīla,27.06989,80.51497,53182
Sānand,22.99227,72.38177,95890
Sambhal,28.58498,78.56959,196109
Sambalpur,21.46527,83.97573,189366
Samāstipur,25.86222,85.77953,67925
Samāna,30.15395,76.19851,54072
Sāmalkot,17.05675,82.17639,56864
Sālūr,18.51716,83.20548,50206
Salem,11.65376,78.15538,917414
Sāhibganj,25.24425,87.63481,95890
Sahaswān,28.07227,78.75082,60953
Saharsa,25.87498,86.59611,156540
Sahāranpur,29.9679,77.54522,484873
Saugor,23.83877,78.73874,274556
Sāgar,14.16498,75.02901,54550
Ropar,30.96896,76.52695,56038
Roorkee,29.86632,77.89118,103894
Rohtak,28.89447,76.58917,374292
Roha,18.43687,73.11964,90000
Robertsonpet,12.95629,78.27539,162230
Rishra,22.72394,88.34563,117014
Rishīkesh,30.10778,78.29255,66390
Rewāri,28.199,76.6183,143021
Rewa,24.53256,81.29234,235654
Repalle,16.0184,80.82958,50866
Renukūt,24.21641,83.0358,62413
Rāyagada,19.17132,83.41428,71208
Rāyadrug,14.69971,76.85241,61749
Rayachoti,14.05723,78.75056,91234
Raxaul,26.97982,84.85065,55536
Rourkela,22.22496,84.86414,273317
Ratnagiri,16.99154,73.31022,76229
Ratlām,23.33033,75.04032,264914
Rāth,25.59474,79.5666,61728
Ratangarh,28.08137,74.61854,71124
Rasipuram,11.46009,78.18635,50244
Rasapūdipalem,17.73308,83.31622,1728128
Rānipet,12.92471,79.33331,264330
Rānīganj,23.6164,87.13061,131261
Ranebennur,14.62239,75.62951,106406
Ranchi,23.34316,85.3094,1120374
Rānāghāt,23.17623,88.56667,70984
Rampur Hat,24.17737,87.78275,53468
Rāmpur,28.81014,79.02699,296418
Rāmnagar,29.3925,79.1283,51244
Rāmgundam,18.80084,79.45206,452261
Rāmgarh,23.6303,85.52156,88781
Ramanathapuram,9.37158,78.83077,65314
Closepet,12.72181,77.28149,95167
Rājsamand,25.07145,73.8798,67798
Rajpura,30.47856,76.59284,92301
Rāj-Nāndgaon,21.09687,81.0289,163114
Rājkot,22.29161,70.79322,1390640
Rājgarh,28.64201,75.38612,59193
Rajapalayam,9.45296,77.55335,130442
Rāzampeta,14.19544,79.15896,54050
Rajamahendravaram,17.00517,81.77784,376333
Raipur,21.23333,81.63333,1027264
Raigarh,21.89764,83.3966,150019
Rāiganj,25.61281,88.12449,170252
Rāichūr,16.20546,77.35567,234073
Rāghogarh,24.44318,77.19768,63873
Raebareli,26.2309,81.23315,186433
Rabkavi,16.47567,75.1106,73835
Kollam,8.88113,76.58469,367107
Koyilandy,11.4381,75.69306,71873
Puttūr,13.44189,79.55314,54092
Puttūr,12.75975,75.20169,53331
Pusad,19.91274,77.57838,73046
Puruliya,23.33062,86.36303,122533
Purnia,25.77895,87.47422,282248
Puri,19.79825,85.82494,200564
Punganūru,13.36672,78.57186,54746
Pune,18.51957,73.85535,3124458
Punāsa,22.23507,76.39335,350000
Puliyankudi,9.17489,77.39799,66034
Pulivendla,14.42139,78.22502,65706
Pudukkottai,10.38128,78.82141,117630
Proddatūr,14.7502,78.54813,177797
Port Blair,11.66613,92.74635,112050
Porbandar,21.64219,69.60929,152760
Poonamalle,13.04888,80.11488,60607
Ponnūru,16.06547,80.55203,57170
Ponnāni,10.76695,75.92523,105512
Puducherry,11.93381,79.82979,657209
Pollachi,10.65825,77.0085,90180
Pithāpuram,17.1168,82.25284,54859
Pimpri,18.62292,73.80696,1284606
Pilkhua,28.71271,77.656,74212
Pīlibhīt,28.63124,79.80436,131008
Pidugurālla,16.47926,79.88632,63103
Phaltan,17.99113,74.43177,53202
Phagwāra,31.22452,75.77387,100146
Petlād,22.47681,72.79995,55330
Peranāmpattu,12.9343,78.7189,51271
Payyanur,12.0935,75.20249,72111
Pattukkottai,10.42358,79.31949,73135
Patna,25.59408,85.13563,1684297
Patiāla,30.33625,76.3922,446246
Pathānkot,32.27484,75.65287,174306
Pātan,23.8507,72.12963,133737
Pārvatipuram,18.78392,83.42569,53844
Parli Vaijnāth,18.85057,76.53163,94863
Parbhani,19.26855,76.77081,307170
Paramagudi,9.54633,78.5907,95579
Paralakhemundi,18.77619,84.09504,87152
Parādīp Garh,20.31641,86.6085,85868
Panvel,18.98878,73.11013,195373
Panruti,11.77662,79.55269,60323
Panna,24.72094,80.18772,59091
Panipat,29.38747,76.96825,295970
Pānihāti,22.69089,88.37404,378705
Pandharpur,17.67924,75.33098,98923
Panjim,15.49574,73.82624,70991
Palwal,28.14469,77.32546,131926
Pāloncha,17.60184,80.70509,75224
Palani,10.45034,77.5209,70467
Palmaner,13.2,78.74725,54035
Pallāvaram,12.96796,80.15025,233984
Pālitāna,21.52519,71.82309,64497
Pāli,25.77276,73.32335,230075
Palakkad,10.77319,76.65366,132728
Pālghar,19.69693,72.76543,72335
Palāsa,18.77257,84.41012,65833
Pālanpur,24.17128,72.43827,141592
Palakollu,16.5167,81.73,81199
Pāchora,20.66727,75.35305,59609
Ottapalam,10.7735,76.37758,53792
Dharashiv,18.18158,76.03889,112085
Orai,25.99023,79.45334,158265
Ongole,15.50357,80.04454,208344
Okha,22.46756,69.07002,62052
Ozar,20.09473,73.92816,51297
Obra,24.41863,82.98797,56110
Nūzvīd,16.78854,80.84593,58590
Nowrangapur,19.23114,82.54826,1220946
Nagaon,26.35,92.66667,121628
North Lakhimpur,27.23517,94.10357,59841
Nokha,27.56155,73.47141,62699
Nizāmābād,18.67154,78.0988,311152
Nirmal,19.09685,78.34407,88433
Nipāni,16.399,74.38285,62865
Nīmbāhera,24.62166,74.67999,61949
Neyyāttinkara,8.39854,77.08586,88104
Neyveli,11.60877,79.4994,179150
New Delhi,28.62137,77.2148,317797
Nellore,14.44992,79.98697,547621
Nedumangād,8.60267,77.00139,60161
Nawalgarh,27.85161,75.27384,63948
Nawāda,24.8867,85.54364,98029
Nawābganj,26.93129,81.19841,79246
Navsari,20.94237,72.92467,171109
Navadwīp,23.4067,88.36861,111123
Nasīrābād,26.30473,74.73364,51747
Nashik,19.99727,73.79096,1486053
Narwāna,29.59903,76.11927,62090
Narsimhapur,22.94936,79.18357,59966
Narnaul,28.04444,76.10833,74581
Narela,28.85267,77.09288,800000
Narasaraopet,16.23488,80.04927,117489
Narasapur,16.43425,81.69845,59306
Nanjangūd,12.11764,76.68397,50598
Nāngloi Jāt,28.67957,77.06799,205596
Nandyāl,15.47799,78.4836,211424
Nandurbar,21.36671,74.24051,111037
Nanded,19.16023,77.31497,550564
Nāmakkal,11.22126,78.16524,55997
Nalgonda,17.05439,79.26707,154326
Naksalbāri,26.6827,88.22001,57283
Najībābād,29.61194,78.34274,84006
Najafgarh,28.60922,76.97982,1365000
Naihāti,22.89396,88.41521,253221
Nagpur,21.14631,79.08491,2405665
Nagīna,29.44433,78.43646,76593
Nāgercoil,8.17899,77.43227,224849
Nagda,23.45834,75.41759,103501
Nāgaur,27.20201,73.73394,105218
Nagari,13.32139,79.58557,62253
Nagapattinam,10.76377,79.84313,102905
Nadiād,22.69385,72.86157,225071
Nābha,30.37577,76.15292,67972
Mysuru,12.29791,76.63925,920550
Muzaffarpur,26.12259,85.39055,354462
Muzaffarnagar,29.47091,77.70332,349706
Murwāra,23.83776,80.39405,221883
Murādnagar,28.78069,77.49865,89482
Munnar,10.08818,77.06239,68000
Munger,25.37459,86.47455,213303
Mulbāgal,13.16352,78.39346,57276
Muktsar,30.47426,74.5166,116747
Pandit Deen Dayal Upadhyaya Nagar,25.28307,83.11968,109650
Mudhol,16.33354,75.28305,52199
Mubarakpur,26.08866,83.29088,53263
Mothīhāri,26.64862,84.91656,126158
Morena,26.49892,77.99534,200482
Morvi,22.81731,70.8377,210451
Morādābād,28.83893,78.77684,721139
Mokameh,25.39662,85.9219,60678
Moga,30.81383,75.16878,163397
Modāsa,23.46253,73.29857,67648
Mirzāpur,25.1449,82.56534,220029
Miryalaguda,16.8722,79.56247,104918
Mhow,22.5589,75.76543,81702
Mettur,11.78796,77.8008,56743
Mettupalayam,11.29971,76.93485,69213
Meerut,28.98002,77.70636,1223184
Medinīpur,22.42114,87.32257,153349
Mayiladuthurai,11.10354,79.655,86660
Mawāna,29.10288,77.92199,76973
Mau,25.94167,83.56111,246050
Mathura,27.5035,77.67215,330511
Masaurhi Buzurg,25.35417,85.03195,59803
Mormugao,15.38914,73.81491,102345
Mārkāpur,15.73534,79.26848,71092
Mānsa,29.98844,75.40167,82956
Mannargudi,10.66626,79.45064,66999
Mannārakkāt,10.99223,76.46418,50921
Manmād,20.25334,74.43755,80058
Manjeri,11.12018,76.11996,97102
Māngrol,21.12268,70.11484,69779
Mangaluru,12.91723,74.85603,499487
Mangalagiri,16.43083,80.56815,107197
Mandya,12.5223,76.89746,137358
Māndvi,22.83282,69.35237,51376
Mandsaur,24.07184,75.06986,141667
Mandlā,22.59879,80.37115,55133
Mandi Dabwāli,29.96633,74.70025,52873
Mandapeta,16.86254,81.92921,56063
Mancherial,18.87074,79.42863,89935
Malkāpur,20.88555,76.19932,67740
Māler Kotla,30.5309,75.87949,135424
Malegaon,20.54966,74.53462,481228
Malout,30.21121,74.4818,81406
Malappuram,11.04199,76.08154,101386
Makrāna,27.04361,74.72445,94487
Mainpuri,27.22857,79.02882,94619
Mahuva,21.09007,71.76904,98519
Mahobā,25.2905,79.87533,89170
Mahesāna,23.59864,72.38472,190753
Mahbūbnagar,16.74385,77.98597,190400
Mahāsamund,21.10743,82.0948,54413
Madurai,9.919,78.11953,1465625
Chennai,13.08784,80.27847,4681087
Madhyamgram,22.68944,88.44594,161126
Madhupur,24.27419,86.63929,55238
Madhubani,26.35367,86.07169,75736
Madhepura,25.92127,86.79271,54472
Madgaon,15.27501,73.95786,87650
Madanapalle,13.5503,78.50288,180180
Machilīpatnam,16.18747,81.13888,192827
Mācherla,16.47635,79.43533,57290
Lunglei,22.89247,92.74218,57011
Ludhiana,30.91204,75.85379,1618879
Lucknow,26.83928,80.92313,2472011
Luckeesarai,25.1765,86.0947,99979
Loni,28.75143,77.29023,516082
Lonavla,18.75275,73.40575,58562
Lohārdagā,23.43305,84.67992,57411
Latur,18.39721,76.56784,382940
Lalitpur,24.69007,78.41915,126475
Lakhīmpur,27.94822,80.77935,140223
Lāharpur,27.70827,80.90256,55911
Lādnūn,27.65312,74.39993,65575
Laxmangarh,27.82294,75.02754,53392
Kurnool,15.82887,78.03602,460184
Kunnamkulam,10.64667,76.06695,63903
Kundla,21.34222,71.30633,76809
Kumbakonam,10.96209,79.39124,167155
Kulti,23.73166,86.84372,305405
Kukatpally,17.48486,78.41376,341709
Kuchāman,27.14745,74.85655,61969
Krishnanagar,23.40576,88.49073,145926
Krishnagiri,12.51921,78.21382,71323
Kozhikode,11.24802,75.7804,550440
Kovilpatti,9.17167,77.86989,95057
Kottayam,9.58692,76.52132,55374
Kottagūdem,17.55106,80.61779,79819
Kot Kapūra,30.58061,74.82609,91979
Kotharia,22.23436,70.81903,53794
Kota,25.18254,75.83907,1001694
Kosi,27.79449,77.4368,52492
Korba,22.3458,82.69633,419146
Koratla,18.82154,78.71186,66504
Koppal,15.34522,76.15478,70698
Kopargaon,19.88239,74.47605,65273
Konnagar,22.70508,88.34446,76082
Konch,25.99451,79.15127,52773
Kollegāl,12.15449,77.11051,57149
Kolhāpur,16.69563,74.23167,549236
Kolār,13.13768,78.12999,138462
Kohima,25.67467,94.11099,99039
Kodungallūr,10.23263,76.19513,60190
Kodār,16.9985,79.9656,64234
Koch Bihār,26.32539,89.44508,78737
Kishangarh,26.59006,74.85397,154886
Kishanganj,26.10224,87.95534,105782
Kīratpur,29.50671,78.20613,60223
Khurja,28.25382,77.85535,105909
Khurai,24.04372,78.33014,51108
Khopoli,18.78562,73.34589,71141
Khatauli,29.27844,77.73302,64731
Khargone,21.82292,75.61394,116150
Khardah,22.71861,88.37806,128346
Kharar,30.74632,76.64689,74460
Kharakvasla,18.43997,73.77545,78684
Kharagpur,22.33971,87.32501,219665
Khanna,30.70547,76.22196,128137
Khandwa,21.82427,76.35086,200738
Khammam,17.24767,80.14368,196283
Khāmgaon,20.70738,76.56827,94604
Khambhāt,22.31744,72.61916,99164
Khagaul,25.57898,85.04564,51577
Khadki,18.5635,73.85205,75654
Keshod,21.30328,70.24861,76193
Keonjhargarh,21.6318,85.59686,60590
Kayamkulam,9.18173,76.50093,68634
Kāvali,14.9163,79.99449,90099
Kātrās,23.79752,86.29834,57349
Kātoya,23.64558,88.13258,78408
Katihar,25.53852,87.57044,240838
Kathua,32.36941,75.52539,59866
Kāsībugga,18.75927,84.41613,57507
Kashipur,29.21399,78.95693,103138
Kāsganj,27.80882,78.64579,99462
Kāsaragod,12.49838,74.98959,54172
Karwar,14.81361,74.12972,77139
Karur,10.95771,78.08095,234191
Karol Bāgh,28.65136,77.19072,505241
Karnāl,29.69197,76.98448,302140
Karīmnagar,18.43915,79.12856,289821
Karīmganj,24.86919,92.35543,56854
Karauli,26.49831,77.02755,82960
Kāranja,20.48273,77.48857,67907
Kāraikkudi,10.06615,78.76784,181851
Kāraikāl,10.91667,79.83333,86838
Karād,17.28937,74.18183,55663
Kapurthala Town,31.38011,75.38105,98916
Kanpur,26.46523,80.34975,2823249
Kannauj,27.05524,79.9188,76714
Kanhangad,12.30814,75.10632,125564
Kandukūr,15.21542,79.9039,57246
Kāndi,23.95946,88.04018,54848
Kanchipuram,12.83515,79.70006,221715
Kanakapura,12.54654,77.42005,54014
Kāmthi,21.21615,79.1973,86793
Cumbum,9.73647,77.2847,68090
Kāmārhāti,22.67111,88.37472,332965
Kāmāreddi,18.32001,78.34177,80315
Kalyani,22.9757,88.4337,93184
Kalyān,19.2437,73.13554,1262255
Kalol,23.24656,72.49508,134426
Kālna,23.21944,88.36295,53964
Kāliyāganj,25.63442,88.32665,51748
Kākināda,16.96036,82.23809,384182
Kaithal,29.80153,76.39959,144915
Kairāna,29.39541,77.2054,80432
Kadiri,14.11168,78.15982,89429
Kadi,23.29908,72.33362,81404
Kadayanallur,9.07277,77.34152,90364
Kānchrāpāra,22.95998,88.42849,136954
Jūnāgadh,21.51966,70.45981,319462
Jhumri Telaiya,24.4349,85.52951,87867
Jalandhar,31.32556,75.57917,868929
Jorhat,26.75751,94.20306,126736
Jodhpur,26.26841,73.00594,1056191
Jīnd,29.31577,76.31502,167592
Jhunjhunūn,28.12559,75.39797,118473
Jharsuguda,21.85531,84.00698,97730
Jharia,23.74079,86.41456,86938
Jhārgrām,22.45384,86.99497,57796
Jhānsi,25.45887,78.57994,412927
Jhālāwār,24.59633,76.16499,66919
Jetpur,21.75482,70.62347,118302
Jeypore,18.8563,82.5716,84830
Jaunpur,25.75356,82.68689,169572
Jatani,20.15975,85.70742,63697
Jaora,23.63783,75.12711,74907
Jangipur,24.47001,88.07659,82548
Jangaon,17.72602,79.15236,52394
Jāmuria,23.70468,87.07872,160242
Jamūī,24.92606,86.22531,87357
Jamshedpur,22.80278,86.18545,1339438
Jamnagar,22.47292,70.06673,600943
Jammu,32.73528,74.86167,576198
Jamkhandi,16.50461,75.29146,68938
Jamālpur,25.31258,86.48888,105434
Jalpāiguri,26.51667,88.73333,107832
Jalor,25.34558,72.61559,54081
Jālna,19.84102,75.88636,285577
Jalgaon,21.00292,75.56602,460228
Jālaun,26.1451,79.3366,55299
Jaisalmer,26.91763,70.90387,67604
Jaipur,26.91962,75.78781,3046163
Jahāngīrābād,28.40549,78.10588,57363
Jahānābād,25.21368,84.9871,103202
Jagtiāl,18.79473,78.91661,103930
Jagraon,30.78783,75.47391,65305
Jagdalpur,19.08136,82.02131,125463
Jagādhri,30.16719,77.30367,124894
Jabalpur,23.16697,79.95006,1081677
Itārsi,22.61477,77.76222,100574
Itanagar,27.08694,93.60987,59490
Islāmpur,26.26541,88.18982,55691
Malda,25.00447,88.14573,170039
Indore,22.71792,75.8333,1994397
Imphal,24.80805,93.9442,277196
Ilkal,15.95923,76.11351,60242
Idappadi,11.58624,77.83891,54823
Ichalkaranji,16.69117,74.46054,287353
Hyderabad,17.38405,78.45636,6993262
Hunsūr,12.30359,76.29275,50865
Hugli,22.90877,88.39674,177005
Hubballi,15.34776,75.13378,943788
Hosūr,12.73647,77.83264,229528
Hosapete,15.26954,76.3871,206167
Hoskote,13.0707,77.79814,56980
Hoshiārpur,31.53723,75.91269,168653
Narmadapuram,22.74747,77.72736,117988
Hodal,27.89196,77.36744,50143
Hisar,29.15394,75.72294,307024
Hiriyūr,13.94455,76.61723,56416
Hingoli,19.71464,77.14238,85103
Hinganghāt,20.54875,78.83978,101805
Hindupur,13.82807,77.49143,151677
Hindaun,26.73411,77.03519,105452
Himatnagar,23.59893,72.96602,81137
Hilsa,25.31642,85.28234,51052
Hazāribāgh,23.99241,85.36162,153595
Hāveri,14.79354,75.40448,67102
Hāthras,27.59551,78.05201,126882
Hassan,13.00715,76.0962,155006
Hasanpur,28.72249,78.28436,57481
Harihar,14.51288,75.80716,83219
Haridwar,29.94791,78.16025,186079
Hardoī,27.39491,80.13165,122635
Harda,22.34414,77.09536,74268
Hāpur,28.72985,77.78068,242920
Howrah,22.57688,88.31857,1027672
Hanumāngarh,29.58182,74.32938,155687
Hānsi,29.10239,75.96253,86770
Hālol,22.50321,73.47242,64265
Hālīsahar,22.93218,88.41859,128172
Haldwani,29.22254,79.5286,139497
Hājīpur,25.68544,85.20981,147688
Hābra,22.84202,88.65606,139297
Gyānpur,25.33268,82.46637,200000
Gwalior,26.22983,78.17337,1054420
Gurugram,28.4601,77.02635,886519
Gurdaspur,32.03933,75.40318,77928
Guntur,16.29974,80.45729,670073
Guntakal,15.17112,77.36244,126270
Guna,24.64691,77.3113,180935
Gumlā,23.04268,84.54429,51264
Kalaburagi,17.33583,76.83757,543147
Gūdūr,14.15093,79.8521,74851
Gudiyatham,12.94601,78.87377,93973
Gudivāda,16.43547,80.99555,118167
Goyerkāta,26.69984,89.02565,66358
Gorakhpur,26.76628,83.36889,674246
Gobichettipalayam,11.45496,77.4422,59523
Gopālganj,26.46734,84.44041,67339
Gondiā,21.46026,80.19205,132813
Gondal,21.96074,70.80255,112197
Gondā City,27.13181,81.95332,133583
Gola Gokarannāth,28.07837,80.47054,58986
Gokak,16.16901,74.82393,79121
Gohāna,29.13777,76.70247,65708
Gohad,26.43278,78.44205,58939
Godhra,22.77547,73.61488,143644
Goālpāra,26.17668,90.62634,53430
Giridih,24.18622,86.30875,114533
Ghazīpur,25.58333,83.58526,103095
Ghāziābād,28.66535,77.43915,1199191
Ghātāl,22.66244,87.73399,54658
Gaya,24.79686,85.00385,474093
Guwahati,26.1844,91.7458,962334
Garhchiroli,20.18061,80.00522,54152
Gangtok,27.32574,88.61216,100286
Gangoh,29.78004,77.26346,59519
Gangavati,15.4313,76.52933,114642
Gangārāmpur,25.40138,88.52978,65316
Gangāpur,26.47249,76.71744,120115
Sri Ganganagar,29.92009,73.87496,237780
Gandhinagar,23.21667,72.68333,292797
Gāndhīdhām,23.08333,70.13333,247992
Gajraula,28.8457,78.2396,50380
Gadwāl,16.23504,77.79556,63177
Gadag,15.42977,75.62971,172612
Forbesganj,26.30253,87.26556,50475
Firozpur,30.92574,74.61311,110313
Fīrozābād,27.15092,78.39781,306409
Fazilka,30.40207,74.02836,76492
Fatwa,25.50958,85.30504,50961
Fatehpur,27.99486,74.95628,92595
Fatehpur,25.92774,80.81266,166480
Fatehābād,29.51525,75.45554,70777
Farrukhābād,27.39134,79.5793,241152
Farīdpur,28.20997,79.54149,71783
Farīdkot,30.67399,74.75579,87695
Faridabad,28.41124,77.31316,1414050
Fyzābād,26.77549,82.15018,153047
Etāwah,26.77615,79.02133,257448
Etah,27.55879,78.65692,131023
Erode,11.3428,77.72741,521891
Emmiganūr,15.77203,77.48345,95149
Eluru,16.71311,81.10437,218020
Durgapur,23.51583,87.30801,518872
Durg,21.19147,81.27619,268806
Dumraon,25.55265,84.15149,53618
Dam Dam,22.63341,88.42286,122719
Dombivali,19.21667,73.08333,1247327
Doddaballapura,13.29452,77.53777,93105
Deesa,24.25612,72.17928,111160
Diphu,25.84341,93.43116,61797
Dindigul,10.36896,77.98036,292512
Dimāpur,25.91174,93.7217,135860
Deglur,18.54829,77.57695,54493
Dīdwāna,27.40096,74.57537,53749
Dibrugarh,27.47989,94.90837,145488
Dhūri,30.36846,75.86791,55225
Dhuliān,24.68127,87.9535,77070
Dhule,20.9013,74.77737,375559
Dhubri,26.01856,89.98564,63388
Dhrāngadhra,22.99167,71.46793,75578
Dhoraji,21.73359,70.45004,84545
Dhone,15.3952,77.8715,59272
Dholka,22.72732,72.44128,80945
Dhenkānāl,20.65744,85.59693,67414
Dhaulpur,26.69286,77.87968,133075
Dharmavaram,14.41435,77.72035,121874
Dharmapuri,12.1277,78.15794,68619
Dhārāvi,19.05,72.86667,700000
Dharapuram,10.73828,77.53223,72291
Dhār,22.59373,75.29774,93917
Dhanbad,23.79759,86.42992,1196214
Dhamtari,20.70718,81.54874,101677
Dewas,22.96585,76.05526,289550
Devakottai,9.94704,78.8233,51865
Deoria,26.50167,83.77936,129570
Deolāli,19.94404,73.83441,54027
Deoghar,24.48983,86.69902,203123
Deoband,29.69505,77.67964,88171
Delhi Cantonment,28.6,77.13333,110351
Delhi,28.65195,77.23149,11034555
Dehradun,30.32443,78.03392,522081
Davangere,14.46693,75.92694,435128
Dausa,26.89,76.33584,85960
Daudnagar,25.03473,84.40095,52364
Datia,25.67312,78.45908,100284
Dārjiling,27.03333,88.26667,123797
Darbhanga,26.15216,85.89707,296039
Dandeli,15.26667,74.61667,52295
Dinapore,25.63705,85.04794,152940
Damoh,23.83312,79.4419,139561
Medininagar,24.03971,84.0658,78396
Dohad,22.83283,74.25986,118846
Dāhānu,19.96778,72.71263,50287
Dādri,28.55257,77.55403,70609
Dabwāli,29.94906,74.73832,62113
Dabra,25.88572,78.33221,61277
Dabhoi,22.18333,73.43333,56253
Dabhel,20.40953,72.88339,52578
Cuttack,20.46497,85.87927,610189
Kadapa,14.47995,78.82346,344893
Cuddalore,11.75617,79.76693,173636
Coimbatore,11.00555,76.96612,2136916
Kochi,9.93988,76.26022,633553
Chūru,28.30415,74.96718,120157
Chopda,21.24578,75.29946,72783
Chittoor,13.21055,79.0956,160722
Chittorgarh,24.88963,74.62403,116406
Chitradurga,14.22262,76.40038,145853
Chīrāla,15.82385,80.35219,92942
Chiplūn,17.53339,73.50935,55139
Chintamani,13.40051,78.05172,76068
Chilakalūrupet,16.08987,80.16705,101398
Chikmagalūr,13.32231,75.774,121484
Chikhli,20.35046,76.25774,57889
Chik Ballāpur,13.43512,77.72787,63652
Chidambaram,11.39933,79.69144,62153
Chhindwāra,22.05697,78.93958,175052
Chhibrāmau,27.14872,79.50078,57071
Chhatarpur,24.9177,79.58871,142128
Chāpra,25.78031,84.74709,202352
Chengalpattu,12.69184,79.97661,65689
Chaumu,27.16955,75.72226,64417
Chas,23.63556,86.16712,141640
Charkhi Dādri,28.59166,76.27161,56337
Channapatna,12.65143,77.20672,71942
Changanācheri,9.44203,76.53604,51430
Chānda,19.95076,79.29523,328351
Chāndpur,29.13489,78.27187,73555
Chandigarh,30.73629,76.7884,970602
Chanduasi,28.45178,78.78277,112635
Chandannagar,22.86225,88.36796,180623
Chamrajnagar,11.92312,76.93949,69875
Challakere,14.318,76.65165,55194
Chalisgaon,20.45781,75.01596,97551
Chakradharpur,22.67611,85.62892,56531
Chāībāsa,22.55038,85.80249,69565
Kannur,11.86752,75.35763,62836
Kolkata,22.56263,88.36304,4631392
Buxar,25.57548,83.98043,102861
Burhānpur,21.30868,76.23026,210886
Būndi,25.43855,75.63735,104919
Buldāna,20.52933,76.18457,67431
Bulandshahr,28.40392,77.85773,198612
Budaun,28.03811,79.12668,161555
Brajarajnagar,21.81667,83.91667,80403
Brahmapur,19.31151,84.7929,356598
Botad,22.16917,71.66671,130327
Borsad,22.40788,72.89817,63377
Borivli,19.23496,72.85976,609617
Bongaigaon,26.47703,90.55815,67322
Mumbai,19.07283,72.88261,12691836
Bolpur,23.66278,87.69695,70998
Bokāro,23.66934,86.15161,564319
Bodināyakkanūr,10.01171,77.34976,75680
Bodhan,18.66208,77.88581,77573
Bobbili,18.57366,83.35925,56819
Biswān,27.49581,80.99618,52516
Bishnupur,23.0738,87.31991,64041
Bīsalpur,28.29253,79.80472,68355
Beed,18.98921,75.75634,146709
Etāwa,24.18351,78.20289,55185
Bilimora,20.76957,72.96134,510879
Bilāspur,22.08005,82.15543,365579
Bikaner,28.01762,73.31495,644406
Bijnor,29.373,78.13636,84593
Vijayapura,16.82442,75.71537,327427
Bihār Sharīf,25.20084,85.52389,297268
Bidar,17.90802,77.51524,216020
Bhusawal,21.04365,75.78506,187421
Bhuj,23.25397,69.66928,148834
Bhubaneswar,20.27241,85.83385,885363
Bhopal,23.25469,77.40289,1798218
Bhongīr,17.51544,78.88563,53339
Bhiwāni,28.79304,76.13968,196057
Bhiwandi,19.30023,73.05881,874032
Bhind,26.56671,78.78728,197585
Bhīmunipatnam,17.89017,83.45203,55082
Bhimavaram,16.54078,81.52322,146961
Bhilwara,25.34707,74.64081,359483
Bhilai,21.20919,81.4285,627734
Bhetia,22.79321,86.14098,174355
Bhayandar,19.30157,72.85107,809378
Bhawānipatna,19.90717,83.16697,69045
Bhavnagar,21.76287,72.15331,605882
Bhātpāra,22.86643,88.40113,483129
Bathinda,30.20747,74.93893,285788
Bhātāpāra,21.735,81.94711,57537
Bharūch,21.69482,72.9805,169007
Bharatpur,27.21731,77.49009,252838
Bhandāra,21.16817,79.64885,91845
Bhāgalpur,25.24446,86.97183,400146
Bhadreswar,22.82449,88.33841,121662
Bhadrāvati,13.84846,75.70502,163903
Bhadrak,21.05447,86.5156,121338
Bhadrāchalam,17.66846,80.88887,50087
Bhadohi,25.39526,82.5703,78568
Bhabhua,25.04049,83.60749,50179
Beypore,11.17151,75.80611,70751
Betūl,21.90056,77.90229,103330
Bettiah,26.80229,84.50311,132209
Ballari,15.14205,76.92398,410445
Belagavi,15.85212,74.50447,490045
Bela,25.92058,81.99629,73992
Begusarai,25.41853,86.13389,252008
Beāwar,26.10119,74.32028,151152
Bawāna,28.7982,77.03431,73680
Batāla,31.80921,75.20294,158621
Bastī,26.78817,82.71617,115115
Basoda,23.85153,77.93652,78289
Basmat,19.32872,77.15746,68846
Basirhat City,22.66142,88.85477,143007
Basavakalyan,17.87445,76.94972,69717
Barwāni,22.03232,74.89982,55504
Bāruni,25.47509,85.96813,84888
Baruipur,22.36544,88.4325,53128
Barshi,18.23454,75.69275,118722
Barnāla,30.37451,75.5487,116449
Bārmer,25.74572,71.39211,96225
Baripāda,21.93458,86.72852,116849
Bāri,26.64661,77.61634,62721
Bārh,25.48339,85.70928,61470
Bargarh,21.33348,83.61905,80625
Bareilly,28.36678,79.43167,745435
Bārdoli,21.12297,73.11151,60821
Barddhamān,23.25572,87.85691,301725
Baraut,29.10199,77.26334,93544
Bārāsat,22.72154,88.48198,298127
Baranagar,22.64132,88.37727,260072
Bārān,25.1,76.51667,117992
Bāramūla,34.209,74.34285,77276
Bārāmati,18.15174,74.57767,54415
Bārākpur,22.76602,88.36336,148174
Bāpatla,15.90422,80.46743,70777
Bānswāra,23.54109,74.4425,101017
Bānsbāria,22.95387,88.40098,108474
Bānkura,23.23241,87.0716,133966
Bangaon,25.86728,86.51152,60000
Bangaon,23.04553,88.83084,111693
Bengaluru,12.97194,77.59369,8495492
Bānda,25.47758,80.33491,152218
Bālurghāt,25.22099,88.77732,153279
Balrāmpur,27.42949,82.18545,77396
Balotra,25.83242,72.24,74496
Bāli,22.64859,88.34115,296973
Ballarpur,19.84696,79.34578,92146
Balasore,21.49266,86.93348,144373
Balāngīr,20.70419,83.49029,98238
Bālāghāt,21.8156,80.18845,84261
Budge Budge,22.48275,88.18176,76837
Baidyabāti,22.78498,88.32586,115504
Bahraigh,27.57429,81.59474,182218
Baheri,28.77416,79.4974,63953
Baharampur,24.10473,88.25155,180547
Bahadurgarh,28.69287,76.93555,170767
Bagalkot,16.18673,75.69614,111933
Bagaha,27.09918,84.09003,112634
Bagaha,24.52898,85.06019,91383
Badvel,14.7451,79.06288,70626
Badlapur,19.15516,73.26553,174226
Badagara,11.59776,75.58142,76493
Bada Barabīl,22.11186,85.38684,56870
Azamgarh,26.06832,83.18358,116644
Ayodhya,26.79909,82.2047,53293
Avadi,13.1147,80.10981,345996
Aurangābād,24.75204,84.3742,102244
Aurangabad,19.87757,75.34226,1175116
Auraiya,26.46517,79.50918,70508
Attur,11.59414,78.60143,61793
Attili,16.7,81.6,68196
Ashta,23.01754,76.72208,53184
Ashoknagar,24.57578,77.73123,81828
Āsansol,23.68333,86.98333,504271
Arwal,25.24281,84.66571,51849
Aruppukkottai,9.5096,78.09588,87722
Arsikere,13.31446,76.25704,53216
Arcot,12.90569,79.31897,55955
Arāria,26.14934,87.51323,79021
Arni,12.66771,79.28529,63671
Arāmbāgh,22.88333,87.78333,60639
Arakkonam,13.08449,79.67053,79080
Arrah,25.55629,84.66335,261430
Aonla,28.27402,79.16521,50011
Ankleshwar,21.63236,72.99001,89457
Anjār,23.11316,70.02671,87183
Anjangaon,21.16516,77.3091,56380
Anantnag,33.73068,75.15418,150592
Anantapur,14.67784,77.60813,267161
Anand,22.55251,72.9552,209410
Anakapalle,17.69134,83.00395,86519
Āmūr,18.79284,78.27666,64023
Amroha,28.90314,78.46984,176253
Amritsar,31.62234,74.87534,1159227
Amreli,21.59983,71.21169,117967
Amravati,20.93333,77.75,647057
Ambur,12.79163,78.71644,114608
Ambikāpur,23.11892,83.19537,121071
Ambattur,13.09818,80.16152,466205
Ambāla,30.36099,76.79782,195153
Ambājogāi,18.73312,76.38616,74114
Ambarnath,19.2,73.16667,253475
Amalner,21.03983,75.05887,97369
Amalāpuram,16.57868,82.00609,53231
Alwar,27.56246,76.625,322568
Allinagaram,10.02737,77.47815,94453
Alappuzha,9.49004,76.3264,240991
Prayagraj,25.44478,81.84322,1073438
Alīpur Duār,26.4835,89.52286,65232
Alīgarh,27.88145,78.07464,753207
Alandur,13.0025,80.20611,164430
Akot,21.0963,77.0588,92637
Akola,20.70957,76.9981,428857
Ajmer,26.4521,74.63867,542321
Aizawl,23.72894,92.71791,293416
Ahilyanagar,19.09457,74.73843,367140
Ahmedabad,23.02579,72.58727,6357693
Agra,27.18333,78.01667,1430055
Agartala,23.83605,91.27939,400004
Adoni,15.62788,77.27495,184625
Ādilābād,19.67203,78.5359,118526
Achalpur,21.25665,77.51006,112311
Ābu Road,24.48012,72.78186,55599
Abohar,30.14453,74.19552,145302
Contai,21.77985,87.74892,88702
Haldia,22.06046,88.10975,170695
Bankra,22.60291,88.27751,56273
Maheshtala,22.50862,88.25322,448317
Soyībug,34.07677,74.7057,104000
Roshanpura,28.60057,76.98918,57217
Madhavaram,13.14819,80.2314,119105
Ullagaram,12.979,80.19703,53322
Kavanur,12.99623,80.07514,54986
Nerkunram,13.06194,80.20944,59790
Vīrarāghavapuram,13.07306,80.10778,64698
Navi Mumbai,19.03681,73.01582,2600000
Panchkula,30.69461,76.8504,211355
Shivaji Nagar,18.53017,73.85263,1000000
Greater Noida,28.49615,77.53601,293908
Zerakpur,30.65622,76.82093,95553
Bīna,24.17161,78.18755,64529
Mohali,30.67995,76.72211,166864
Pithampur,22.60197,75.69649,126200
Barbil,22.10194,85.37752,66540
Airoli,19.15096,72.99625,100000
Kotkapura,30.5819,74.83298,80741
Vapi,20.37175,72.90493,163630
Noida,28.58,77.33,293908
Bhiwadi,28.21024,76.86056,104921
Mandideep,23.08166,77.53328,59654
Singrauli,24.19973,82.67535,220257
Jaigaon,26.84766,89.37558,158664
Bellampalli,19.05577,79.493,66660
Gaddi Annaram,17.36687,78.5242,53622
Lal Bahadur Nagar,17.34769,78.55757,261987
Malkajgiri,17.44781,78.52633,150000
Mandamarri,18.96506,79.47475,66176
Chinnachowk,14.47516,78.8354,64053
Gajuwaka,17.7,83.21667,258944
Metpalle,18.84724,78.62563,50902
Ponnur,16.07114,80.54944,59913
Quthbullapur,17.50107,78.45818,225816
Palwancha,17.58152,80.67651,80199
Serilingampalle,17.49313,78.30196,150525
Ashoknagar Kalyangarh,22.86416,88.63701,111475
Pimpri-Chinchwad,18.61867,73.80375,1727692
Kharghar,19.04979,73.07024,80612
Kumarapalayam,11.44495,77.71102,195071
Virudhachalam,11.51497,79.32824,73585
Electronic City Phase I,12.85492,77.6633,76348
Ramagundam,18.755,79.474,242979
Shella,25.17861,91.63952,54039
Sultānganj,25.23831,86.73559,52892
Modīnagar,28.83059,77.57295,475843
Nimach,24.45949,74.86625,128561
Kagaznāgār,19.33159,79.46605,57583
Thoothukudi,8.76735,78.13425,410760
Gadag-Betageri,15.4167,75.6167,172813
Rabkavi-Banhatti,16.47,75.12,77004
Rudrapur,28.98,79.4,154554
Sunabeda,18.7284,82.82932,50394
Rajgangpur,22.2,84.583,51362
Thodupuzha,9.89394,76.72216,52045
Neelankarai,12.9495,80.2592,76600
Srikalahasti,13.75514,79.70143,80056
Pammal,12.975,80.13472,75870
Maduravoyal,13.0675,80.1632,86195
Sārni,22.10317,78.17159,86141
Burāri,28.7557,77.19941,146190
Begampur,28.72655,77.06689,53682
Pūth Kalān,28.7116,77.07887,96002
Mūndka,28.68012,77.02975,54541
Bāprola,28.64133,77.01415,52744
Hashtsāl,28.63406,77.05771,176877
Kāpas Herd,28.52614,77.08396,74073
Kirāri Sulemānnagar,28.69736,77.0648,283211
Sāhibābād Daulotpur,28.74705,77.11465,54773
Mukandpur,28.73944,77.18315,57135
Bhālswa Jahangirpur,28.73558,77.16682,197148
Deoli,28.50254,77.23117,169122
Sādatpur Gujran,28.72834,77.24817,97641
Karāwalnagar,28.72712,77.27047,224281
Mustafābād,28.71974,77.26781,127167
Gokalpur,28.7029,77.28961,121870
Mandoli,28.70275,77.30995,120417
Jāfarābād,28.67873,77.27116,54601
Chilla Soroda Bāngar,28.59572,77.30189,83217
Dalūpura,28.6057,77.31901,154791
Molārband,28.50295,77.31442,91402
Jaitpur,28.50647,77.32976,59330
Gharroli,28.6167,77.33207,92540
Mīthepur,28.4974,77.31856,69837
Choudwar,20.53917,85.91512,52999
Benipur,26.05509,86.14557,75317
Birgaon,21.30758,81.62793,96294
Wāri,21.15313,79.0076,54048
Rāniganj,17.42841,78.49361,217910
Jājmau,26.4304,80.4095,652831
Kalamassery,10.0614,76.32631,71038
Bāngarda Chhota,22.74354,75.81448,64213
Gobindgarh,30.67089,76.30192,82266
Madhurampur Dehri,24.96899,84.1964,137231
Bihāt,25.42534,86.02083,67952
Tennala,10.99342,75.93504,56546
Phusro,23.75644,86.0051,185555
Bagbera,22.75948,86.19049,78356
Barauni,25.4709,85.976,71660
Shrirampur,19.62201,74.65699,89282
Savarkundla,21.33726,71.3035,78354
Rampura Phul,30.27563,75.24253,51023
Idaiyarpālaiyam,11.03937,76.92369,83908
Edattala,10.05639,76.38451,77811
Kurichchi,10.96085,76.97379,123667
Kuniyamuttūr,10.96376,76.95254,95924
Velampālaiyam,11.13764,77.31064,87427
Nerupperichchal,11.16105,77.37398,53579
Vīrapāndi,11.06247,77.35076,50301
Nallūr,11.1003,77.39136,70115
Periya Semūr,11.36088,77.68952,55282
Vīrappanchathiram,11.35314,77.71253,84453
Kāsipālaiyam,11.31984,77.70971,73425
Saunda,23.66453,85.32694,81915
Tāndoni,10.92611,78.0941,53854
Ānaiyūr,9.96152,78.1118,63917
Avaniyāpuram,9.88179,78.11255,89635
Gundupālaiyam,11.94096,79.80294,300104
Kushinagar,26.74134,83.88689,274403
Rohini,28.74322,77.06778,860000
Mulugu,18.191,79.943,297671
Kallakurichi,11.73379,78.95925,1682687
Amaravati,16.514,80.516,103000
Chirmiri,23.19073,82.35314,100800
Kanayannur,9.96667,76.26667,851406
Shahuwadi,16.90993,73.94654,180322
Bhadravati,20.1001,79.11442,60565
Byasanagar,20.95569,86.12643,56946
Mawlai-Mawïong,25.62322,91.88175,55012
Jaggaiahpet,16.89155,80.09551,53530
Phulwari Sharif,25.57765,85.07246,81740
Dinapur Nizamat,25.63847,85.05118,182429
Bhilai Charoda,21.22305,81.45609,98008
Nithari,28.70489,77.05285,50464
Taj Pul,28.49482,77.30587,68796
Ziauddin Pur,28.70873,77.27654,68993
Pul Pehlad,28.49938,77.29104,69657
Khajoori Khas,28.70958,77.2587,76640
Sultan Pur Majra,28.68966,77.07648,181554
Vijalpor,20.92212,72.90945,81245
Panipat Taraf Makhdum Zadgan,29.41607,76.98831,67998
Ambala Sadar,30.33544,76.86265,104974
Raurkela Industrial Township,22.19994,84.86176,216410
Mango,22.8275,86.21639,223805
Vazhakkala,10.01239,76.32633,51242
Pallichal,8.44976,77.02573,53861
Moonniyur,11.05972,75.90311,55535
Cheruvannur,11.19033,75.82833,61614
Kolar,23.16478,77.41893,87882
Wadgaon Kolhati,19.84307,75.236,65620
Naya Gaon,30.77515,76.79308,50869
Ramapuram,13.03179,80.18243,52295
Maraimalainagar,12.79782,80.02502,81872
Khanapuram Haveli,17.26239,80.16809,53442
Kanpur Cantonment,26.45942,80.37514,108534
Nani Daman,20.41431,72.83236,62000
Zaxo,37.14871,42.68591,95052
Umm Qaşr,30.0362,47.91951,107620
Ţūz Khūrmātū,34.88808,44.63256,120712
Sumayl,36.85823,42.8482,152512
Sīnah,36.80851,43.03935,128776
Ash Sharqāt,35.51722,43.22806,160000
Sāmarrā’,34.1959,43.88568,158508
Rānyah,36.25511,44.88239,114173
Al Qā’im,34.39251,40.98945,74100
Al-Hamdaniya,36.27093,43.37758,50000
Qal‘at Sukkar,31.8632,46.07321,110000
Qeładizê,36.18254,45.13017,140688
Khānaqīn,34.3482,45.39065,175000
Kirkuk,35.46806,44.39222,1031000
Karbala,32.61603,44.02488,1218732
Kelar,34.62805,45.31852,250000
Erbil,36.19117,44.00943,1612700
Halabja,35.17778,45.98611,57333
Xebat,36.27798,43.67065,148047
Soran,36.65558,44.54217,91589
Dihok,36.86608,42.9879,340900
Bayjī,34.92915,43.48878,173677
Baqubah,33.75403,44.60518,152550
Baḥarkah,36.31556,44.03533,130518
Baghdad,33.34058,44.40088,7216000
Az Zubayr,30.39213,47.70175,122676
Aş Şuwayrah,32.92556,44.77583,77200
Sulaymaniyah,35.56496,45.4329,878146
As Samawah,31.33198,45.2944,152890
Ash Shaţrah,31.40906,46.1727,182175
Ash Shāmīyah,31.96257,44.60075,57661
Ramadi,33.42056,43.30778,223500
An Nu‘mānīyah,32.55621,45.41293,110000
Nasiriyah,31.05799,46.25726,558400
Najaf,32.02594,44.34625,482576
Al Qurnah,31.01547,47.43362,134174
Al-Qāsim,32.29799,44.68282,93546
Al-Musayab,32.77872,44.29005,101873
Al Miqdādīyah,33.97861,44.93694,155968
Al Mawşil al Jadīdah,36.33271,43.10555,2065597
Mosul,36.335,43.11889,1683000
Al Maḩmūdīyah,33.06221,44.36564,350000
Al Madīnah,30.96324,47.26998,255000
Al-Kut,32.5128,45.81817,315162
Kufa,32.05114,44.44017,110000
Khāliş,33.80809,44.53343,70046
Nāḩiyat al Iskandarīyah,32.8873,44.34619,100600
Al Hindīyah,32.54193,44.22469,139578
Al Hillah,32.46367,44.41963,455700
Al Ḩayy,32.17419,46.04345,78272
Al Hārithah,30.58481,47.76114,92395
Al Fāw,29.97421,48.47309,104569
Al Fallūjah,33.34913,43.78599,190159
Basrah,30.50852,47.7804,1326564
Al ‘Amārah,31.83561,47.14483,323302
Al Diwaniyah,31.99289,44.92552,318801
Abū Ghurayb,33.30563,44.18477,900000
Derbendîxan,35.11207,45.68663,54896
Abu Gharaq,32.52711,44.34397,108212
'Ākra,36.73359,43.88038,105370
Khasnahzān,36.2009,44.14235,146639
Hajiawa,36.23579,44.79469,80000
Sadr City,33.3889,44.4583,1211849
Simele,36.85833,42.8501,152512
Abū al-Kahṣīb,30.4431,47.87802,357771
Shelādiz,37.0326,43.77616,50000
Alvand,36.1893,50.0643,90000
Nūrābād,34.0734,47.9725,65547
Javānrūd,34.8067,46.4913,54354
Qarchak,35.42873,51.57757,251834
Ṣāleḥīeh,35.50527,51.19142,58683
Golestān,35.5183,51.1819,240000
Shahre Jadide Andisheh,35.6803,51.0193,116062
Khorramdarreh,36.20777,49.19527,50528
Kamālshahr,35.86187,50.87424,141669
Ābādeh,28.8349,53.1726,59116
Yasuj,30.66824,51.58796,96786
Zarand,30.81271,56.56399,58983
Zanjan,36.67642,48.49628,357471
Yazd,31.89722,54.3675,477905
Varāmīn,35.3242,51.6457,225628
Tūyserkān,34.551,48.44353,50455
Torbat-e Ḩeydarīyeh,35.27401,59.21949,140019
Tehran,35.69439,51.42151,7153309
Tākestān,36.07057,49.69571,71499
Takāb,36.4009,47.1133,51541
Tajrīsh,35.8044,51.4256,86000
Tabriz,38.08,46.2919,1424641
Eqbālīyeh,36.23081,49.92499,55066
Sirjan,29.45137,55.6809,199704
Shūshtar,32.04972,48.84843,101878
Shūsh,32.1942,48.2436,77148
Shīrvān,37.39669,57.92952,82790
Shiraz,29.61031,52.53113,1249942
Shahr-e Kord,32.32612,50.8572,129153
Shahr-e Bābak,30.1165,55.1186,51620
Semnan,35.57691,53.39205,124826
Sāveh,35.0213,50.3566,220762
Sari,36.56332,53.06009,255396
Saqqez,36.24992,46.2735,165258
Sanandaj,35.31495,46.99883,349176
Salmās,38.1973,44.7653,81606
Sabzevar,36.2126,57.68191,243700
Robāţ Karīm,35.4846,51.0829,105393
Rasht,37.27611,49.58862,594590
Rāmhormoz,31.27997,49.60351,74285
Rafsanjān,30.4067,55.9939,147680
Qūchān,37.106,58.50955,111752
Qorveh,35.1664,47.80564,87953
Qom,34.6401,50.8764,900000
Qazvin,36.26877,50.0041,333635
Qods,35.7214,51.109,309605
Qā’em Shahr,36.46671,52.86762,204953
Pīshvā,35.308,51.7267,53856
Piranshahr,36.701,45.1413,168393
Pārsābād,39.6482,47.9174,102996
Oshnavīyeh,37.0397,45.0983,50661
Orūmīyeh,37.55274,45.07605,577307
Omīdīyeh,30.76277,49.70226,67427
Nūrābād,30.11405,51.52174,57058
Neyshābūr,36.21329,58.79575,220929
Nekā,36.65079,53.29905,60991
Naz̧arābād,35.95411,50.60607,213388
Naqadeh,36.9553,45.388,81598
Nahāvand,34.19088,48.37446,76250
Meshkīn Dasht,35.74988,50.94376,62005
Mīnāb,27.13104,57.08716,97986
Mīāneh,37.421,47.715,106291
Mīāndoāb,36.96667,46.10961,134425
Meybod,32.25014,54.01658,51874
Meshgīn Shahr,38.399,47.682,74109
Masjed Soleymān,31.9364,49.3039,100497
Mashhad,36.29807,59.60567,2307177
Marvdasht,29.87407,52.80258,148858
Marīvān,35.51829,46.18298,136654
Māhdāsht,35.7282,50.8134,62910
Marand,38.4329,45.7749,124191
Marāgheh,37.39206,46.23909,262604
Marāgheh,35.82916,59.63324,262604
Malāyer,34.30158,48.82166,170237
Malārd,35.6659,50.9767,56745
Mahābād,36.7631,45.7222,168393
Lār,27.68336,54.34172,62045
Langarūd,37.19548,50.15263,68148
Lāhījān,37.20416,50.00919,101073
Kūt-e ‘Abdollāh,31.23917,48.65639,56252
Kūhdasht,33.53335,47.60999,89091
Khūy,38.5503,44.9521,198845
Khorramshahr,30.44079,48.18428,330606
Khorramabad,33.48778,48.35583,329825
Khomeyn,33.63889,50.08003,77425
Khalkhāl,37.61837,48.52928,51024
Kermanshah,34.31417,47.065,621100
Kerman,30.28321,57.07879,577514
Kāzerūn,29.61919,51.6535,112360
Kāshmar,35.23831,58.46558,131517
Kashan,33.98237,51.42769,304487
Karaj,35.83266,50.99155,1448075
Kangāvar,34.5043,47.9653,51352
Bandar-e Kangān,27.83434,52.06306,60187
Kāmyārān,34.79535,46.93682,57077
Jahrom,28.5,53.5605,141634
Īz̄eh,31.83027,49.86756,119399
Īlām,33.6374,46.4227,140940
Hashtgerd,35.962,50.6799,55640
Harsīn,34.2721,47.5861,57647
Hamadān,34.79922,48.51456,528256
Gorgān,36.8427,54.44391,244937
Gonbad-e Kāvūs,37.25004,55.16721,151910
Golpāyegān,33.4537,50.28836,58936
Bandar-e Genāveh,29.5791,50.517,52750
Fīrūzābād,28.84459,52.57151,65417
Fasā,28.9383,53.6482,98061
Eslāmābād-e Gharb,34.1089,46.52988,90559
Esfarāyen,37.07645,57.51009,59490
Shahrud,36.41819,54.97628,165000
Dorūd,33.49218,49.0616,121638
Dogonbadan,30.3586,50.7981,96728
Dezful,32.38114,48.40581,264709
Dehdasht,30.79337,50.56508,57036
Sūsangerd,31.5635,48.18958,51431
Dārāb,28.75171,54.54065,70232
Dāmghān,36.1679,54.34292,67694
Chenārān,36.64546,59.12123,53879
Chālūs,36.655,51.4204,107490
Bushehr,28.96887,50.83657,165377
Būmahen,35.72972,51.86884,79034
Būkān,36.521,46.2089,193501
Borūjerd,33.8973,48.7516,251958
Borūjen,31.96523,51.2873,57071
Borāzjān,29.2699,51.2188,110567
Bojnūrd,37.47473,57.32903,192041
Bīrjand,32.86628,59.22114,196982
Bījār,35.8668,47.60506,50014
Bonāb,37.3404,46.0561,80359
Behshahr,36.69235,53.55262,94702
Behbahān,30.5959,50.2417,122604
Bāneh,35.9975,45.8853,110218
Bandar-e Torkaman,36.90124,54.07195,53970
Bandar-e Māhshahr,30.55655,49.18852,162797
Bandar-e Anzalī,37.47318,49.45785,118564
Bandar Abbas,27.1865,56.2808,352173
Bam,29.106,58.357,99268
Bābol,36.55102,52.6786,202796
Asadābād,34.78241,48.12012,55703
Ardakān,32.31001,54.01747,58834
Ardabīl,38.2498,48.2933,410753
Ārān Bīdgol,34.05751,51.48291,65404
Arāk,34.09493,49.69809,503647
Andīmeshk,32.4615,48.35368,135116
Āmol,36.46961,52.35072,237528
Shahrīār,35.65884,51.05775,309607
Alīgūdarz,33.404,49.69179,89268
'Alī Ābād-e Katūl,36.91011,54.86737,52838
Ahvaz,31.31901,48.6842,841145
Ahar,38.4774,47.0699,100641
Ābyek,36.06667,50.55,55128
Ābyek,36.03993,50.53101,60107
Abhar,36.1468,49.218,69889
Abadeh,31.1608,52.6506,59116
Abadan,30.3392,48.3043,231476
Moḩammad Shahr,35.763,50.9171,119418
Bāqershahr,35.53164,51.4048,65388
Shāhīn Shahr,32.85788,51.5529,173329
Zarrīn Shahr,32.39057,51.37654,55817
Shahreẕā,32.00877,51.86407,134952
Najafābād,32.63464,51.36525,235281
Mobārakeh,32.34612,51.50205,69449
Khomeynī Shahr,32.6856,51.53609,277334
Fūlād Shahr,32.48664,51.39673,88426
Isfahan,32.65246,51.67462,1547164
Bahārestān,32.48814,51.77312,106433
Eslamshahr,35.55222,51.23504,450000
Zābol,31.0306,61.4949,121989
Zahedan,29.4963,60.8629,551980
Torbat-e Jām,35.244,60.6225,58928
Sarāvān,27.37089,62.33096,60014
Khāsh,28.22107,61.21582,69603
Iranshahr,27.20245,60.68476,131232
Shahr-e Ṣadrā,29.79972,52.50215,122226
Fardīs,35.7555,50.9967,181174
Parand,35.47195,50.97547,97464
Moḩammadīyeh,36.22374,50.18247,90513
Shahrak-e Pardīsān,34.55734,50.80201,100000
Şabbāshahr,35.58026,51.11392,53971
Nasīm Shahr,35.56504,51.16332,200393
Pardīs,35.74687,51.81222,114249
Kāshān,34.00228,51.43879,304487
Jīroft,28.67806,57.74056,130429
Kahnūj,27.94034,57.69983,52624
Bandar-e Emam Khomeyni,30.43698,49.10288,78353
Mehestan,35.98907,50.74512,85200
Pākdasht,35.47854,51.6834,236319
Andīsheh,35.74708,51.27739,116062
Nasimshahr,35.56528,51.1583,200393
Bāghestān,35.64706,51.13378,83934
Sahand,37.95104,46.1103,82494
Reykjavík,64.13548,-21.89541,118918
Vittoria,36.95151,14.52788,50852
Trapani,38.0176,12.53617,67531
Siracusa,37.07542,15.28664,121605
Reggio Calabria,38.11047,15.66129,182455
Ragusa,36.92574,14.72443,74251
Quartu Sant'Elena,39.22935,9.25004,66620
Palermo,38.1166,13.3636,648260
Modica,36.85868,14.75966,54456
Messina,38.19394,15.55256,219948
Mazara del Vallo,37.65535,12.58986,51534
Marsala,37.7992,12.4367,77915
Gela,37.07381,14.24038,75001
Crotone,39.08077,17.12764,64603
Cosenza,39.2989,16.25307,63852
Catanzaro,38.88247,16.60086,78970
Catania,37.49223,15.07041,311584
Caltanissetta,37.49025,14.06216,62797
Cagliari,39.23054,9.11917,149257
Bagheria,38.07892,13.51237,53149
Vigevano,45.31407,8.85437,57970
Vicenza,45.54672,11.5475,111980
Viareggio,43.86693,10.2502,62169
Verona,45.43854,10.9938,258031
Venice,45.43713,12.33265,51298
Velletri,41.68573,12.77753,52911
Varese,45.82058,8.82511,80588
Udine,46.0693,13.23715,100170
Trieste,45.64953,13.77678,204338
Treviso,45.66673,12.2416,85760
Trento,46.06787,11.12108,120709
Trani,41.27733,16.41011,53981
Torre del Greco,40.78931,14.36806,85332
Turin,45.07049,7.68682,847287
Terni,42.56335,12.64329,111189
Teramo,42.66123,13.69901,54338
Taranto,40.46438,17.24707,198585
Siena,43.31822,11.33064,53901
Sesto San Giovanni,45.53329,9.22585,81822
Secondigliano,40.9,14.26667,51874
Savona,44.30905,8.47715,61345
Sassari,40.72586,8.55552,91895
San Severo,41.68564,15.38148,51919
Salerno,40.67545,14.79328,125797
Rovigo,45.06982,11.79022,50279
Rome,41.89193,12.51133,2318895
Rimini,44.05755,12.56528,148688
Reggio nell'Emilia,44.69825,10.63125,171944
Ravenna,44.41344,12.20121,80868
Quarto Oggiaro,45.51314,9.14343,182118
Prato,43.8805,11.09699,195089
Pozzuoli,40.84394,14.0952,81231
Potenza,40.64175,15.80794,56433
Portici,40.81563,14.33716,53801
Ponticelli,40.8542,14.33038,52284
Pistoia,43.93064,10.92365,73832
Pisa,43.70853,10.4036,109960
Pianura,40.85907,14.17314,57821
Piacenza,45.05242,9.69342,103607
Pescara,42.4584,14.20283,119554
Pesaro,43.90921,12.9164,77241
Perugia,43.1122,12.38878,120137
Pavia,45.19205,9.15917,65734
Parma,44.79935,10.32618,198292
Padua,45.40797,11.88586,203725
Olbia,40.92337,9.49802,60345
Novara,45.44694,8.62118,101916
Naples,40.85216,14.26811,909048
Monza,45.58005,9.27246,124398
Montesilvano,42.5114,14.14507,53275
Moncalieri,44.9994,7.68236,56134
Molfetta,41.20036,16.59905,59557
Modena,44.64783,10.92539,184732
Milan,45.46427,9.18951,1371498
Mestre,45.49167,12.24538,147662
Matera,40.66599,16.60463,60403
Massa,44.03541,10.13927,64783
Manfredonia,41.63065,15.91876,56932
Lucca,43.84369,10.50447,81748
Livorno,43.54427,10.32615,157017
Lido di Ostia,41.73212,12.27654,85301
Legnano,45.59788,8.91506,57589
Lecce,40.35481,18.17244,80695
Latina,41.46614,12.9043,76305
La Spezia,44.103,9.82375,93288
Imola,44.35916,11.7132,69953
Grosseto,42.76296,11.10941,60922
Giugliano in Campania,40.92849,14.20197,80269
Genoa,44.40478,8.94439,580097
Gallarate,45.66019,8.79164,50439
Fuorigrotta,40.83333,14.2,76521
Forlì,44.22177,12.04144,116696
Foligno,42.95488,12.70268,56918
Foggia,41.45845,15.55188,137032
Fiumicino,41.77093,12.23662,80738
Florence,43.77925,11.24626,367150
Ferrara,44.83804,11.62057,132009
Fano,43.84052,13.01665,60978
Ercolano,40.80783,14.35012,53576
Cuneo,44.39071,7.54828,55980
Cremona,45.13325,10.02129,71223
Como,45.80819,9.0832,84808
Cinisello Balsamo,45.55823,9.21495,75943
Cesena,44.1391,12.24315,97137
Cerignola,41.26523,15.89559,54056
Cava Dè Tirreni,40.69954,14.70773,53130
Castellammare di Stabia,40.70211,14.48685,66164
Casoria,40.90751,14.293,73918
Caserta,41.07262,14.33231,72844
Carrara,44.07926,10.09789,58666
Carpi,44.78237,10.8777,71148
Busto Arsizio,45.61128,8.84914,83405
Brindisi,40.63215,17.93607,87141
Brescia,45.53558,10.21472,200423
Bolzano,46.49067,11.33982,107436
Bologna,44.49381,11.33875,394843
Bitonto,41.11006,16.69086,51661
Bisceglie,41.24264,16.50104,55385
Bergamo,45.69601,9.66721,121200
Benevento,41.1307,14.77816,58418
Barletta,41.31429,16.28165,93279
Bari,41.12066,16.86982,316491
Aversa,40.97259,14.20745,52974
Asti,44.90162,8.20751,74348
Arezzo,43.46276,11.88068,100734
Aprilia,41.59452,12.65419,74977
Andria,41.23117,16.29797,99784
Ancona,43.60717,13.5103,89994
Altamura,40.82664,16.54952,70539
Alessandria,44.90924,8.61007,92104
Afragola,40.92298,14.30935,64470
Acilia-Castel Fusano-Ostia Antica,41.76337,12.33078,129362
Acerra,40.94477,14.3714,59910
Guidonia Montecelio,41.99362,12.72238,89165
Lamezia Terme,38.96255,16.30938,70501
San Carlo All'Arena,40.86511,14.26291,69094
Pozzo Strada,45.06837,7.62503,54766
Barriera di Milano,45.09228,7.69399,50354
Barriera di Lanzo,45.10981,7.65126,50000
Campo di Marte,43.77693,11.27707,88588
Arenella,40.85734,14.2228,67634
Circoiscrizione I,45.06639,7.6868,78523
Circoiscrizione II,45.05013,7.64052,141344
Circoiscrizione III,45.06279,7.63071,130709
Circoiscrizione IV,45.08125,7.63188,98787
Circoiscrizione V,45.10147,7.65538,126666
Circoiscrizione VI,45.1022,7.70029,107369
Circoiscrizione VII,45.07824,7.69718,89448
Circoiscrizione VIII,45.03789,7.67174,134028
Spanish Town,17.99107,-76.95742,145018
Portmore,17.97102,-76.88691,102861
New Kingston,18.00747,-76.78319,583958
Montego Bay,18.47116,-77.91883,82867
Kingston,17.99702,-76.79358,937700
Wādī as Sīr,31.9545,35.81831,181212
Mādabā,31.71599,35.79392,82335
Ma'an,30.19624,35.73405,50350
Khuraybat as Sūq,31.87913,35.92098,186158
Ḩayy Khildā,31.99202,35.84002,251000
Irbid,32.55556,35.85,569068
Zarqa,32.07275,36.08796,792665
As Salţ,32.03917,35.72722,107874
Ar Ramthā,32.55873,36.00816,155693
Amman,31.95522,35.94503,1275857
Mafraq,32.34289,36.20804,57118
Aqaba,29.52667,35.00778,95048
‘Ajlūn,32.33326,35.75279,125557
Russeifa,32.01778,36.04639,268237
Az̧ Z̧ulayl,32.1208,36.28008,50931
Rukban,33.31405,38.70342,85000
Ṣuwayliḥ,32.0221,35.84394,151016
Marj Al Hamam,31.90274,35.84645,82788
Atsugi,35.44272,139.36931,223960
Akashi,34.65524,135.00687,303601
Zushi,35.29483,139.57812,60055
Zama,35.4879,139.39101,132325
Yukuhashi,33.72873,130.983,71426
Yūki,36.3,139.88333,50645
Yoshikawa,35.89232,139.84184,73262
Yono,35.88333,139.63333,102364
Yonago,35.43333,133.33333,148720
Yokota,35.75,139.38333,69550
Yokosuka,35.28361,139.66722,409478
Yokohama,35.43333,139.65,3777491
Yokkaichi,34.96667,136.61667,305424
Yokkaichi,33.53537,131.32808,52771
Youkaichi,35.11626,136.19768,112819
Yawata,34.87009,135.7027,71656
Honmachi,32.50439,130.59952,123067
Yashio,35.82255,139.83905,93363
Yao,34.61667,135.6,273213
Yanagawa,33.16667,130.4,64475
Yamato-Takada,34.51667,135.75,61744
Yamaguchi,34.18333,131.46667,193966
Yaizu,34.86877,138.31952,139578
Utsunomiya,36.56667,139.88333,518757
Urayasu,35.65879,139.90055,171362
Uji,34.89044,135.80325,192925
Ueno-ebisumachi,34.75856,136.13108,61598
Ueda,36.40265,138.28161,157480
Ube,33.94306,131.25111,173733
Tsuyama,35.05215,133.99885,102294
Tsushima,35.16667,136.71667,67658
Tsurusaki,33.24528,131.69165,76968
Tsuruoka,38.72167,139.82167,125389
Tsuruga,35.653,136.06331,68482
Tsubame,37.6645,138.92518,77382
Tsu,34.73333,136.51667,274537
Toyota,35.08333,137.15,426162
Toyooka,35.54008,134.82038,78348
Toyonaka,34.78244,135.46932,401558
Toyokawa,34.81667,137.4,184661
Toyohashi,34.76667,137.38333,377453
Toyama,36.7,137.21667,415844
Tottori-shi,35.5,134.23333,188465
Tosu,33.36667,130.51667,74196
Tondabayashichō,34.50065,135.60211,132873
Tomigusuku,26.18583,127.68192,64612
Tokyo,35.6895,139.69171,9733276
Tokuyama,34.05,131.81667,101133
Tokushima,34.06667,134.56667,267345
Tokorozawa,35.79916,139.46903,344194
Tokoname,34.88333,136.85,58710
Toki,35.35,137.18333,58567
Tōkamachi,37.13333,138.76667,53333
Tochigi,36.38333,139.73333,159056
Tenri,34.58333,135.83333,71052
Tateyama,34.98333,139.86667,50064
Tatebayashi,36.25,139.53333,81274
Nishi-Tokyo-shi,35.72526,139.5383,207388
Tanashichō,35.72922,139.53813,82112
Tanabe,34.82242,135.76604,65903
Tanabe,33.73333,135.36667,70972
Tamano,34.51745,133.94574,67786
Tamana,32.94716,130.57446,64292
Takefu,35.90393,136.16687,75753
Takayama,36.13333,137.25,88473
Takatsuki,34.84833,135.61678,354468
Takasaki,36.33333,139.01667,372973
Takarazuka,34.79936,135.35697,226432
Takaoka,36.75,137.01667,170077
Takamatsu,34.33333,134.05,418994
Takaishi,34.51667,135.43333,60511
Tajimi,35.31667,137.13333,107818
Tahara,34.66799,137.26736,60206
Tagawa,33.63333,130.8,51608
Suzuka,34.88333,136.58333,195670
Suzaka,36.65,138.31667,54022
Sumida,35.73289,139.82085,287766
Suita,34.76143,135.51567,385567
Sōka,35.83643,139.79957,249645
Sōja,34.67534,133.75091,69030
Shizuoka,34.98333,138.38333,693389
Shiraoka,36.01839,139.66034,52214
Shiojiri,36.1,137.96667,67241
Shinagawa,33.63627,133.00572,422488
Shimonoseki,33.95548,130.93713,265684
Shimodate,36.3,139.98333,63666
Minato,34.2152,135.1501,375339
Shimada,34.81667,138.18333,95719
Shiki,35.83333,139.58333,76445
Shibukawa,36.48333,139,76098
Shibata,37.95,139.33333,96236
Settsu,34.77819,135.59512,87456
Seto,35.23333,137.1,127792
Sendai,31.81667,130.3,92403
Sekimachi,35.48333,136.91667,85283
Satte,36.07254,139.72615,55286
Sasebo,33.16834,129.72502,243223
Sano,36.31667,139.58333,117669
Sanjō,37.61667,138.95,94642
Sandachō,34.88444,135.22694,132858
Sakurai,34.5,135.85,58386
Saku,36.21667,138.48333,99131
Sakata,38.91667,139.855,100273
Sakaidechō,34.32278,133.8356,57090
Sakai,34.58216,135.46653,826161
Sakado,35.95694,139.38889,100275
Saiki,32.95,131.9,66851
Saga,33.23333,130.3,233301
Sabae,35.94647,136.18498,68302
Oyama,36.3,139.8,167647
Ōtsu,35,135.86667,345070
Ōta,36.3,139.36667,224358
Osaka,34.69379,135.50107,2753862
Onomichi,34.41667,133.2,131170
Ōmuta,33.03333,130.45,131974
Ōmura,32.92139,129.95389,95397
Ōme,35.78389,139.24306,133535
Okegawa,36,139.55722,75062
Okazaki,34.95,137.16667,384654
Okayama,34.65,133.93333,724691
Okaya,36.05659,138.0451,54286
Ōita,33.23333,131.6,477715
Ōi,35.85091,139.51998,50593
Ōgaki,35.35,136.61667,161539
Odawara,35.25556,139.15972,188856
Ōbu,35.01756,136.94947,93123
Numazu,35.1,138.86667,189486
Nonoichi,36.53333,136.61667,57238
Nōgata,33.74051,130.72263,56821
Noda,35.94897,139.86793,154114
Nobeoka,32.58333,131.66667,119521
Nishio,34.86667,137.05,169984
Nishinomiya,34.71562,135.33199,485587
Nikkō,36.75,139.61667,77661
Niitsu-honchō,37.80024,139.1224,65910
Niihama,33.96047,133.30522,123059
Niigata,37.92259,139.04125,797591
Nichinan,31.6,131.36667,51241
Narutochō-mitsuishi,34.19933,134.60932,64082
Nara-shi,34.68505,135.80485,367353
Nanao,37.04816,136.96795,50300
Nakatsugawa,35.48333,137.5,78930
Nakatsu,33.59811,131.1883,84701
Naha,26.213,127.67851,317625
Nagoya,35.18147,136.90641,2332176
Nago,26.61502,127.98543,63554
Nagasaki,32.75,129.88333,409118
Nagareyama,35.8563,139.90266,200136
Nagaoka,37.45,138.85,266936
Nagano,36.65,138.18333,372760
Nagahama,35.38333,136.26667,113636
Nabari,34.61667,136.08333,77022
Musashino,35.70611,139.55944,150149
Murakami,38.23333,139.48333,58300
Mukō,34.96545,135.70415,56859
Moriyama,35.06667,135.98333,85485
Moriguchi,34.73333,135.56667,143096
Miyoshi,34.8,132.85,53616
Miyazaki,31.91667,131.41667,401339
Miyakonojō,31.73333,131.06667,161137
Mishima,35.11667,138.91667,107851
Minoh,34.82691,135.47057,136868
Minamirinkan,35.49527,139.44279,224015
Miki,34.8,134.98333,75450
Mihara,34.4,133.08333,90573
Matsutō,36.51667,136.56667,110408
Matsumoto,36.23333,137.96667,241145
Matsue,35.48333,133.05,203616
Matsudo,35.77995,139.90144,498575
Matsubara,34.56667,135.55,130855
Marugame,34.28333,133.78333,109513
Maizuru,35.45,135.33333,92465
Maebashi,36.4,139.08333,332149
Maebaru-chūō,33.55916,130.20148,70339
Machida,35.54028,139.45083,431079
Kyoto,35.02107,135.75385,1463723
Kusatsu,35.01667,135.96667,143913
Kurume,33.31667,130.51667,303579
Kurihama,35.22796,139.70212,53782
Kure,34.23222,132.56658,214592
Kurashiki,34.58333,133.76667,483576
Kumamoto,32.80589,130.69181,738907
Kumagaya,36.13497,139.39004,195277
Kukichūō,36.06739,139.67498,150582
Kudamatsu,34.00964,131.86637,55887
Kōtari,34.92097,135.70547,80608
Koshigaya,35.89035,139.78916,345353
Kōnosu,36.06868,139.51684,116828
Kōnan,35.33165,136.87042,98255
Komatsu,36.40263,136.45088,108509
Komaki,35.28333,136.91667,148872
Kokubunji,35.70222,139.47556,129242
Kokubu-matsuki,31.73333,130.76667,57896
Koga,36.18333,139.71667,139344
Koga,33.73333,130.46667,58786
Kofu,35.66667,138.56667,189591
Kochi,33.55,133.53333,332059
Kobe,34.6913,135.183,1525152
Kiyosu,35.21667,136.83333,67352
Kitakyushu,33.85181,130.85034,940978
Kishiwada,34.46667,135.36667,205561
Kisarazu,35.38329,139.93254,136166
Kiryū,36.4,139.33333,108991
Kazo,36.11667,139.6,112792
Kawasaki,35.52056,139.71722,1538262
Kawanishi,34.81667,135.41667,155165
Kawaguchi,35.80521,139.71072,607373
Kawagoe,35.90861,139.48528,354571
Kasukabe,35.98308,139.74966,229792
Kasugai,35.24762,136.97229,308681
Kashiwazaki,37.36667,138.55,86183
Kashiwara,34.45,135.76667,120922
Kashiwa,35.86224,139.97732,433436
Kashihara-shi,34.50896,135.7929,124521
Kashihara,34.58333,135.61667,79058
Kasaoka,34.50597,133.50391,50160
Kariya,34.98333,136.98333,153834
Karatsu,33.4425,129.96972,117663
Kanuma,36.55,139.73333,94903
Kanoya,31.38333,130.85,101096
Kan’onjichō,34.1276,133.64598,57438
Kanazawa,36.6,136.61667,466029
Kamirenjaku,35.69423,139.55495,195391
Kameoka,35,135.58333,97181
Kamakura,35.31085,139.54698,172929
Kakogawachō-honmachi,34.76943,134.82905,271634
Kakegawa,34.76667,138.01667,117925
Kakamigahara,35.41667,136.86667,144521
Kashima-shi,35.96536,140.64474,66950
Kaizuka,34.45,135.35,92632
Kagoshima,31.56667,130.55,595049
Kadoma,34.7381,135.57442,131727
Izumo,35.36667,132.76667,172775
Izumisano,34.41667,135.31667,100131
Izumiōtsu,34.5,135.4,74412
Izumi,34.48333,135.43333,184615
Izumi,32.08333,130.36667,51994
Iwatsuki,35.96474,139.69644,108833
Iwata,34.7,137.85,166672
Iwakuni,34.16297,132.22,129125
Iwade,34.25,135.31667,53967
Itoman,26.12647,127.66918,61007
Itō,34.96667,139.08333,68773
Itami,34.78427,135.40126,198138
Itabashi,35.74893,139.71497,584483
Isesaki,36.31667,139.2,211850
Isehara,35.39932,139.31019,103401
Ise,34.48333,136.7,123533
Isahaya,32.84111,130.04306,135546
Inuyama,35.37995,136.94295,73995
Inazawa,35.25,136.78333,134751
Ina,35.82756,137.95378,68177
Imarichō-kō,33.27362,129.87877,57940
Imaichi,36.71667,139.68333,64323
Ikoma,34.68333,135.7,120741
Ikeda,34.82208,135.4298,104993
Iizuka,33.63654,130.68678,126364
Iida,35.51965,137.82074,101536
Ichinomiya,35.3,136.8,380073
Ibaraki,34.81641,135.56828,287730
Honjō,36.2378,139.19023,78569
Hōfu,34.05,131.56667,116925
Hita,33.3213,130.94098,64874
Hiroshima,34.4,132.45,1200754
Hiratsuka,35.32785,139.33735,258422
Hirakata,34.81352,135.64914,406331
Hino,35.67306,139.40028,190435
Himimachi,36.85609,136.9885,54510
Himeji,34.81667,134.7,530495
Hikone,35.25,136.25,113647
Higashiosaka,34.66667,135.58333,493940
Hekinan,34.88333,136.98333,72458
Hatsukaichi,34.35,132.33333,114173
Hatogaya-honchō,35.83314,139.7425,53062
Hashimoto,34.31667,135.61667,61063
Hanyū,36.16667,139.53333,58686
Hannō,35.85194,139.31806,80361
Handa,34.88333,136.93333,117884
Hamamatsu,34.7,137.73333,791707
Hamakita,34.8,137.78333,86502
Hamada,34.88333,132.08333,57142
Hadano,35.37111,139.22361,163787
Hachiōji,35.65583,139.32389,579355
Ōmihachiman,35.12861,136.0976,82233
Gyōda,36.14074,139.46011,86343
Gushikawa,26.35937,127.86735,65251
Gotemba,35.31859,138.94343,86614
Gion,34.43333,132.46667,68713
Ginowan,26.26265,127.76147,100125
Gifu,35.42291,136.76039,402557
Gamagōri,34.83333,137.23333,80063
Futtsu,35.3108,139.81877,51650
Honchō,35.70129,139.98648,644668
Fukuyama,34.48333,133.36667,468812
Fukuroi,34.75,137.91667,88395
Fukuoka,33.6,130.41667,1612392
Fukui-shi,36.06443,136.22257,262328
Fukuchiyama,35.3,135.11667,77306
Fukayachō,36.2,139.28333,141268
Fujisawa,35.34926,139.47666,439728
Fujioka,36.24624,139.07204,64539
Fujinomiya,35.21667,138.61667,132507
Fujieda,34.86667,138.26667,145032
Fuji,35.16667,138.68333,245392
Fuchūchō,34.5735,133.23513,50746
Daitō,34.71378,135.62033,119367
Chōfu,35.65924,139.54837,242614
Chiryū,35,137.03333,72193
Chino,35.9944,138.15428,56400
Chikushino-shi,33.49631,130.5156,103311
Chigasaki,35.33638,139.40434,242798
Chichibu,35.99028,139.07639,61159
Beppu,33.27945,131.49751,122643
Ashiya,34.72807,135.30264,93922
Ashikaga,36.33333,139.45,144746
Asakusa,35.71691,139.79575,62092
Annaka,36.33011,138.89585,57013
Anjō,34.95828,137.08054,188693
Anan,33.91667,134.65,70285
Amagasaki,34.71667,135.41667,459593
Kariya,34.75136,134.38734,52015
Aihara,35.6,139.31667,725493
Ageo,35.97145,139.61382,226940
Okinawa,26.33583,127.80139,142752
Hikari,33.955,131.95,51040
Hasuda,35.97113,139.6491,61540
Kamifukuoka,35.87266,139.51369,52323
Sayama,35.85295,139.41212,160843
Fussa,35.73667,139.32361,56786
Asaka,35.80472,139.60194,141083
Wako,35.78944,139.62333,83989
Shimotoda,35.815,139.6853,140899
Kimitsu,35.35043,139.87029,83058
Miura,35.14,139.61917,51483
Wakayama,34.23333,135.16667,356729
Uwajima,33.22375,132.56001,70809
Saijō,33.91667,133.18333,104791
Matsuyama,33.83916,132.76574,511192
Imabari,34.07001,133.00023,170986
Yotsukaidō,35.65,140.16667,95266
Yonezawa,37.91,140.11667,94486
Yokote,39.31691,140.55034,85555
Yamagata,38.23333,140.36667,248772
Yachimata,35.65,140.31667,68769
Ushiku,35.96667,140.13333,84651
Tsukuba,36.08333,140.11667,241656
Toride,35.9,140.08333,104524
Tomiya,38.39306,140.88611,52433
Tōgane,35.55,140.36667,66332
Tendō,38.35361,140.36972,65393
Tagajō-shi,38.3,141,62827
Sukagawa,37.28333,140.38333,74992
Shiroi,35.8,140.06667,62441
Shiogama,38.31667,141.03333,52662
Sendai,38.26667,140.86667,1096704
Sakura,35.71667,140.23333,173740
Ryūgasaki,35.9,140.18333,85761
Ōtawara,36.86667,140.03333,72087
Ōami,35.51667,140.31667,53239
Nihommatsu,37.58333,140.43333,53557
Natori-shi,38.16667,140.88333,78718
Narita,35.78333,140.31667,132906
Naka,36.05,140.16667,53137
Moriya,35.93333,140,68777
Morioka,39.7,141.15,290700
Mooka,36.43333,140.01667,78720
Mobara,35.42583,140.29608,88330
Mizusawa,39.13333,141.13333,61281
Miyako,39.64691,141.94057,51150
Mito,36.35,140.45,270685
Kuroiso,36.96667,140.05,61230
Kōriyama,37.4,140.38333,327692
Kitakami,39.28333,141.11667,93045
Kesennuma,38.90112,141.57746,61147
Katsuta,36.38333,140.53333,155968
Katori-shi,35.89767,140.49943,74469
Kasama,36.38333,140.26667,73664
Iwaki,37.05,140.88333,357309
Ishioka,36.18333,140.26667,73061
Ishinomaki,38.41667,141.3,140151
Inada,36.43333,140.51667,53502
Ichinoseki,38.91667,141.13333,114476
Ichihara,35.51667,140.08333,283531
Hitachi,36.6,140.65,174508
Hanamaki,39.38333,141.11667,94691
Furukawa,38.57167,140.95556,76312
Fukushima,37.75,140.46667,294237
Date,37.81667,140.5,59625
Choshi,35.73333,140.83333,58431
Chiba,35.6,140.11667,979768
Asahi,35.71667,140.65,64690
Akita,39.71667,140.11667,307672
Abiko,35.86667,140.01667,131771
Tomakomai,42.63694,141.60333,174806
Mutsu,41.28944,141.21694,56244
Sapporo,43.06667,141.35,1973832
Otaru,43.18944,141.00222,115333
Ōdate,40.27178,140.55756,69237
Obihiro,42.91722,143.20444,166536
Noshiro,40.20838,140.0274,52283
Muroran,42.31722,140.98806,96197
Kushiro,42.975,144.37472,167875
Kitami,43.80306,143.89083,119135
Iwamizawa,43.20028,141.75972,85107
Ishikari,43.23972,141.35389,58755
Kitahiroshima,42.97583,141.56722,58918
Hirosaki,40.59306,140.4725,168739
Hakodate,41.77583,140.73667,275730
Hachinohe,40.5,141.5,239046
Ebetsu,43.10806,141.55056,133953
Chitose,42.81944,141.65222,97950
Asahikawa,43.77063,142.36489,333530
Aomori,40.81667,140.73333,298394
Goshogawara,40.80444,140.44139,53576
Neyagawa,34.76615,135.62759,238549
Owariasahi,35.208,137.03,83144
Hitachi-Naka,36.39659,140.53479,156581
Chikusei,36.316,139.98238,100753
Tsuchiura,36.09047,140.21047,144399
Kamisu,35.89685,140.66666,95454
Bandō,36.06997,139.86705,57128
Azumino,36.28815,137.88705,94222
Chikuma,36.52715,138.08943,59381
Rittō,35.02745,135.99971,70312
Kōka,34.9802,136.15752,89619
Kashiba,34.53472,135.70925,78113
Imizu,36.76835,137.12572,90742
Ebina,35.38121,139.39651,136516
Tama,35.6436,139.46844,148285
Musashimurayama,35.74242,139.42635,70829
Akishima,35.72085,139.37999,113949
Higashiyamato,35.76298,139.44575,83901
"Misato, Saitama",35.84373,139.88347,142145
Niiza,35.82088,139.55791,166017
Kaga,36.3,136.33333,67793
Ōnojō,33.53567,130.47861,102085
Kasuga,33.52594,130.4611,111023
Aizu-Wakamatsu,37.49142,139.94546,118159
Minami-Sōma,37.62908,140.97868,59005
Urasoe,26.25902,127.73012,115690
Uruma,26.37609,127.85908,125303
Jōsō,36.03553,139.96143,60834
Midori,36.44492,139.28448,50266
Miyakojima,24.79016,125.31109,54908
Fujimino,35.90196,139.52489,113597
Hidaka,35.91664,139.36233,55294
Higashi-Matsuyama,36.03333,139.41667,91791
Iruma,35.818,139.368,147166
Kitamoto,36.03322,139.53775,66022
Tsurugashima,35.95996,139.40283,70117
Kinokawa,34.26973,135.41045,60592
Nasushiobara,36.97682,140.06642,115794
Shimotsuke,36.41323,139.86622,60274
Inzai,35.83479,140.16361,105463
Yachiyo,35.73531,140.12445,199498
Ōshū,39.13927,141.1685,112937
Ōsaki,38.58866,140.973,128763
Kurihara,38.75,141,66565
Kosai,34.70053,137.52253,59770
Susono,35.17388,138.90691,51216
Daisen,39.44116,140.48961,91143
Yurihonjō,39.3895,140.05813,76077
Towada,40.62049,141.21067,60697
Kitanagoya,35.24702,136.87832,86385
Nisshin,35.13676,137.05238,91795
Toyoake,35.038,136.99931,69295
Chita,35.00267,136.8642,84364
Aisai,35.16349,136.73222,60829
Hashima,35.329,136.68051,67909
Kani,35.40435,137.05595,102143
Minokamo,35.48199,137.02166,56972
Jōetsu,37.14828,138.23642,189430
Minamiuonuma,37.08259,138.87413,55354
Sado,38.02496,138.35931,51492
Fujiidera,34.5676,135.5974,63688
Habikino,34.55276,135.59097,109479
Hannan,34.33333,135.25,52350
Kawachi-Nagano,34.44108,135.58283,101692
Sayama,34.51685,135.56298,58435
Sennan,34.34835,135.26842,60102
Shijōnawate,34.73333,135.68333,55177
Saitama,35.90807,139.65657,1324854
Higashimurayama,35.75459,139.46852,151815
Kirishima,31.74087,130.76288,123205
Arashiyama,35.01481,135.67755,50000
Dazaifu,33.51278,130.52389,73164
Amakusa,32.45861,130.19306,83082
Kamigyō-ku,35.02954,135.75666,83000
Katsushika,35.73333,139.85,453093
Kita,35.75264,139.73348,332140
Ōta,35.56126,139.71605,748081
Toshima,35.76126,139.74491,301599
Yotsuya,35.68972,139.71641,74800
Nakano,35.70449,139.66946,344880
Katanawa,33.52111,130.42444,50112
Ōjima,35.68917,139.83282,63254
Arakawa,35.73825,139.78047,216900
Adachi,35.76318,139.80761,695043
Edogawe,35.69225,139.87308,697932
Eniwa,42.89357,141.576,70331
Minami-Alps,35.616,138.46344,71618
Kotō,32.77856,130.74537,543730
Arao,32.97888,130.44572,53675
Iga,34.75797,136.13468,88895
Kuwana,35.05192,136.66958,140051
Matsusaka,34.57895,136.53706,159145
Takizawa,39.8028,141.13466,55579
Yasu,35.10053,136.01778,50695
Yame,33.22792,130.64873,60608
Yamatokōriyama,34.60658,135.77033,83285
Yamato,35.47276,139.45101,242065
Takasago,34.76298,134.79229,87722
Tachikawa,35.7091,139.41891,183581
Sagamihara,35.56707,139.24167,720780
Ogōri,33.38738,130.54865,59360
Nagakute,35.17325,137.05667,60162
Munakata,33.7957,130.55895,97095
Mitoyo,34.21052,133.6746,65713
Kunitachi,35.6833,139.43848,77130
Kizugawa,34.73668,135.83994,77907
Katano,34.79329,135.68596,75033
Hyūga,32.42272,131.64093,60037
Sakai,36.1473,136.19408,92210
Higashihiroshima,34.40861,132.73682,196608
Higashikurume,35.75202,139.51169,117020
Hamura,35.76232,139.31952,54622
Fuchū,35.67452,139.48216,262790
Ayase,35.43515,139.4256,83913
Aira,31.77429,130.59208,76348
Ama,35.18307,136.7997,86126
Kodaira,35.72603,139.48508,198739
Kiyose,35.77952,139.53014,76208
Jōyō,34.84396,135.80561,74607
Tome,38.70882,141.15578,77897
Kamagaya,35.76971,140.00238,109932
Tatsuno,34.83184,134.54338,74316
Kai,35.68463,138.50979,75313
Warabi,35.82188,139.68545,75614
Miyoshi,35.08971,137.08998,61952
Itoshima,33.54225,130.18421,98877
Akiruno,35.72854,139.2318,81912
Shikokuchūō,33.9754,133.54895,82754
Narashino,35.68184,140.04152,176197
Sodegaura,35.41368,140.02135,64901
Echizen,35.88571,136.17073,83078
Shirakawa,37.11954,140.26211,59491
Mizuho,35.3943,136.66898,56388
Tanba,35.16034,135.03914,62152
Tōkai,35.02269,136.90887,113787
Kōshi,32.89271,130.77567,61772
Uki,32.62217,130.66177,59928
Kyōtanabe,34.8045,135.76681,73753
Kyōtango,35.60623,135.04429,50860
Konan,34.99921,136.09674,54607
Inagi,35.63295,139.49967,93151
Koganei,35.70014,139.51109,126074
Komae,35.63424,139.57546,84772
Sanyōonoda,34.03246,131.16028,60326
Shūnan,34.08053,131.82564,149632
Fuefuki,35.63526,138.63853,69463
Fukutsu,33.783,130.49114,67033
Asakura,33.41439,130.71877,50273
Chiyoda,35.68449,139.75056,66680
Setagaya,35.64188,139.64715,940071
Shinjuku,35.69115,139.70854,349385
Akihabara,35.69848,139.77253,77200
Taito,35.70749,139.7788,211444
Meguro,35.6322,139.70174,288088
Bunkyo,35.5331,139.4217,240069
Shibuya,35.6589,139.70665,230609
Suginami,36.2013,140.28406,588354
Ichikawa,35.73413,139.9065,496676
Fuchū,34.38793,132.51001,51155
Tamba,35.17483,135.03101,61471
Minamiarupusu,35.60855,138.46473,69459
Chūō,35.67004,139.77544,169179
Minato City,35.6581,139.7515,260486
Wanguru,-0.68393,37.35701,51722
Wajir,1.7471,40.05732,90116
Voi,-3.39605,38.55609,53353
Ukunda,-4.2929,39.56404,77686
Thika,-1.03326,37.06933,251407
Ruiru,-1.14665,36.96087,490120
Nyeri,-0.42013,36.94759,80081
Ngong,-1.3527,36.6699,102323
Narok,-1.08083,35.87111,65430
Nanyuki,0.00624,37.07398,72813
Nakuru,-0.30719,36.07225,570674
Naivasha,-0.71383,36.43261,198444
Nairobi,-1.28333,36.81667,4397073
Mwala,-1.35255,37.45482,181896
Mombasa,-4.05466,39.66359,1208333
Migori,-1.06343,34.47313,71668
Meru,0.04626,37.65587,80191
Mbale,0.08213,34.72139,60000
Matuga,-4.168,39.57068,194252
Mandera,3.93726,41.85688,114718
Malindi,-3.21799,40.11692,119859
Machakos,-1.52233,37.26521,63767
Lodwar,3.11988,35.59642,82970
Limuru,-1.1136,36.64205,159314
Ongata Rongai,-1.3953,36.764,172569
Kitale,1.01572,35.00622,162174
Kisumu,-0.10221,34.76171,397957
Kisii,-0.68174,34.76666,112417
Kiserian,-1.4275,36.6865,76903
Kimilili,0.78775,34.71562,56050
Kilifi,-3.63045,39.84992,74270
Kikuyu,-1.24627,36.66291,323881
Kiambu,-1.17139,36.83556,147870
Khwisero,0.17124,34.59466,113294
Kericho,-0.36774,35.28314,53804
Karuri,-1.17641,36.7564,194342
Karuri,-0.7,37.18333,194342
Kapenguria,1.23889,35.11194,56000
Kakamega,0.28422,34.75229,1867579
Jomvu,-3.98623,39.6082,163415
Isiolo,0.35462,37.58218,78650
Githunguri,-1.05754,36.77625,63319
Gilgil,-0.50397,36.31845,60711
Upper Gilgil,-0.21209,36.27248,60711
Garissa,-0.45275,39.64601,163399
Embu,-0.53987,37.45743,64979
El Wak,2.80922,40.92885,60732
Eldoret,0.52036,35.26993,475716
Busia,0.46005,34.11169,71886
Bungoma,0.5635,34.56055,68031
Athi River,-1.4563,36.97826,81302
Kitengela,-1.47612,36.96144,154436
Juja,-1.10148,37.0132,156041
Lang'ata,-1.3666,36.73324,172569
Imara Daima Estate,-1.32323,36.88021,52837
Mlolongo,-1.39639,36.94028,136351
Mtwapa,-3.93938,39.74877,90677
Githunguri,-1.29996,36.99047,63319
Tokmok,42.84194,75.30149,71443
Osh,40.52828,72.7985,322164
Karakol,42.49047,78.39197,84351
Manas,40.94498,72.99313,123239
Bishkek,42.87,74.59,900000
Phnom Penh,11.56245,104.91601,1573544
Ta Khmau,11.48333,104.95,52066
Takeo,10.99081,104.78498,843931
Siem Reap,13.36179,103.86056,139458
Pursat,12.53878,103.9192,52476
Preaek Prasab,12.35367,106.03562,64466
Paoy Paet,13.65805,102.56365,98934
Dangkao,11.50881,104.89144,76421
Sihanoukville,10.60932,103.52958,73036
Kampong Chhnang,12.25,104.66667,75244
Kampong Cham,11.99339,105.4635,61750
Battambang,13.10271,103.19822,119251
Anlong Veaeng,14.23223,104.08107,56927
Moroni,-11.70216,43.25506,74749
Wŏnsan,39.15278,127.44361,329207
Ŭnch’ŏn-ŭp,38.56556,125.42722,95597
Ŭllyul,38.51389,125.18972,107997
Tŏkch’ŏn,39.75261,126.25798,237133
T’aet’an-ŭp,38.08822,125.2983,64258
Sunch’ŏn,39.43167,125.93278,437000
Songnim-ni,38.76349,125.64096,152425
Sinwŏn-ŭp,38.23532,125.76244,83161
Sinch’ŏn-ŭp,38.35323,125.48423,141407
Sariwŏn-si,38.50722,125.75583,310100
Samch’ŏn,38.35944,125.32586,86042
Pyongyang,39.03385,125.75432,3222000
P’yŏngsŏng,39.24639,125.87194,100000
Pongch’ŏn-ŭp,38.12389,126.20472,79740
Paech’ŏn-ŭp,37.99306,126.30139,159825
Ongjin,37.93472,125.36194,64247
Namp’o,38.7375,125.40778,455000
Man’gyŏngdae-ri,38.99182,125.65871,321690
Kwail-ŭp,38.44611,125.01861,89895
Kangsŏn,38.93639,125.58111,102436
Kangnyŏng,37.9075,125.51,106827
Kaesŏng,37.97083,126.55444,338155
Kaech’ŏn,39.70056,125.89333,319554
Hŭngnam,39.84198,127.63206,346082
Hamhŭng,39.91833,127.53639,559056
Haeju,38.04056,125.71472,222396
Ch’ŏngdan-ŭp,37.97028,125.9375,142607
Chaeryŏng-ŭp,38.39917,125.61556,53330
Chaeryŏng-ni,38.73583,125.23083,125631
Anju,39.61778,125.66472,50196
Paek'ak,39.46275,125.60594,125924
Yuktae-dong,40.02472,128.15972,76427
Ŭndŏk,42.51878,130.33479,89244
Uiju,40.19944,124.53167,50081
Sinŭiju,40.10056,124.39806,288112
Sinp’o,40.03971,128.1943,152759
Ŏrang,41.44778,129.65556,87757
Namyang-nodongjagu,42.95389,129.85722,65956
Rajin,42.25559,130.28308,66224
Hwasŏng,41.25556,129.49278,99557
Myŏngch’ŏn,41.07056,129.42917,65797
Manp’o,41.15472,126.28944,116760
Kilju,40.96417,129.32778,63652
Kanggye,40.96946,126.58523,209530
Hyesan-dong,41.3953,128.18727,97794
Hyesan,41.40167,128.17778,192680
Hwadae,40.83806,129.49694,67677
Hongwŏn,40.02528,127.95583,70923
Chongjin,41.79556,129.77583,327000
Changam-ch’on,40.60611,128.78194,207299
Myŏnggan-dong,41.13722,129.49472,99557
Yeongju,36.82167,128.63083,84625
Yeonggwang,35.27814,126.51181,51688
Eisen,35.9675,128.93083,56006
Yeoju,37.29583,127.63389,111897
Yecheon,36.6574,128.45514,54873
Yangsan,35.34199,129.03358,358074
Yangp'yŏng,37.48972,127.49056,83367
Yangju,37.83311,127.06169,179923
Wŏnju,37.35139,127.94528,332849
Tallang-dong,33.49028,126.47528,54954
Wanju,35.84509,127.14752,84009
Ulsan,35.53722,129.31667,1098421
Uijeongbu-si,37.7415,127.0474,479141
Daejeon,36.34913,127.38493,1441203
Daegu,35.87028,128.59111,2365523
Boryeong,36.34931,126.59772,94191
Suwon,37.29111,127.00889,1234582
Suncheon,34.9505,127.48784,276375
Seoul,37.566,126.9784,10349312
Seosan,36.78167,126.45222,74208
Sokcho,38.20701,128.59181,81164
Siheungdong,37.45177,126.91079,128142
Sangju,36.41528,128.16056,101267
Pyeongtaek,36.99472,127.08889,364694
Buyeo,36.27472,126.90906,59823
Busan,35.10168,129.03004,3285147
Bucheon-si,37.49889,126.78306,850731
Pohang,36.02917,129.36481,492041
Osan,37.15222,127.07056,238788
Asan,36.78361,127.00417,97749
Okcheon,36.3012,127.568,56634
Kosong,38.37881,128.4676,62446
Nangen,35.41,127.38583,81257
Mungyeong,36.59458,128.19946,77304
Muan,34.99014,126.47899,92009
Mokpo,34.81282,126.39181,268402
Miryang,35.49333,128.74889,53103
Masan,35.12725,126.83149,434371
Gyeongsan-si,35.82333,128.73778,266951
Gyeongju,35.84278,129.21167,245365
Kwangyang,34.97528,127.58917,89281
Gwangju,37.41,127.25722,81780
Gwangju,35.15472,126.91556,1401235
Guri-si,37.5986,127.1394,195236
Gunsan,35.97861,126.71139,264656
Gunpo,37.3675,126.94694,286485
Gumi,36.1136,128.336,404691
Goyang-si,37.65639,126.835,1061752
Gongju,36.45556,127.12472,72435
Kyosai,34.85028,128.58861,72124
Koch'ang,35.43333,126.7,72996
Gimpo-si,37.62361,126.71417,203391
Kimhae,35.23417,128.88111,531966
Gimcheon,36.12176,128.11981,150000
Gijang,35.24417,129.21389,176388
Gapyeong,37.83101,127.51059,55415
Gangneung,37.75266,128.87239,208161
Iksan,35.94389,126.95444,307000
Incheon,37.45646,126.70515,3015482
Icheon-si,37.27917,127.4425,196230
Hwasun,35.06125,126.98746,59914
Hwaseong-si,37.20682,126.8169,640890
Hongseong,36.6009,126.665,89174
Hongch’ŏn,37.6918,127.8857,75251
Tongyeong,34.84957,128.42779,70641
Chungju,36.97666,127.9287,209483
Chuncheon,37.87472,127.73417,284855
Jeonju,35.82194,127.14889,638421
Cheongju-si,36.63722,127.48972,852147
Cheonan,36.8065,127.1522,658831
Chinju,35.19278,128.08472,307242
Chinch'ŏn,36.85667,127.44333,60964
Jeju City,33.50972,126.52194,488844
Changwon,35.22806,128.68111,1025702
Anyang-si,37.3925,126.92694,595644
Anseong,37.01083,127.27028,69255
Ansan-si,37.32361,126.82194,623256
Andong,36.56636,128.72275,153348
Sinhyeon,34.8825,128.62667,82560
Yeosu,34.76062,127.66215,268823
Gwangyang,34.9414,127.69569,154266
Donghae City,37.54389,129.10694,101128
Pubal,37.29167,127.50778,63026
Seongnam-si,37.43861,127.13778,914832
Hanam,37.54,127.20556,254415
Hwado,37.6525,127.3075,106358
Namyangju,37.63667,127.21417,90798
Ungsang,35.40611,129.16861,83360
Wabu,37.58972,127.22028,96775
Naesŏ,35.24972,128.52,80987
Hwawŏn,35.80167,128.50083,64718
Gwangmyeong,37.47722,126.86639,357545
Sinan,34.8262,126.10863,53150
Uiwang,37.36528,126.94778,63040
Seogwipo,33.25333,126.56181,178552
Changnyeong,35.54145,128.49506,74668
Geoje,34.81379,128.70556,232921
Sejong,36.59245,127.29223,394630
Jeongeup,35.60004,126.91699,139876
Yeongam,34.80059,126.69669,51573
Ḩawallī,29.33278,48.02861,164212
As Sālimīyah,29.33389,48.07611,147649
Ar Rumaythīyah,29.31167,48.07417,58135
Ar Riqqah,29.14583,48.09472,52068
Kuwait City,29.367,47.97429,60064
Al Faḩāḩīl,29.0825,48.13028,68290
Al Farwānīyah,29.2775,47.95861,86525
Al Aḩmadī,29.07694,48.08389,637411
Şabāḩ as Sālim,29.25722,48.05722,139163
Zhanaozen,43.34116,52.86192,103598
Oral,51.24601,51.42558,330000
Qulsary,46.95307,54.01978,51216
Karagandy,49.80187,73.10211,497777
Atyrau,47.1048,51.88427,290700
Aktobe,50.27969,57.20718,500757
Aktau,43.66105,51.17392,147443
Zhezqazghan,47.79411,67.70628,104357
Taraz,42.89799,71.37334,358153
Turkistan,43.29458,68.25685,227098
Temirtau,50.05197,72.95497,170600
Taldykorgan,45.01556,78.37389,116558
Shymkent,42.30988,69.60042,1200000
Semey,50.42064,80.25025,292780
Sarqant,45.41322,79.91713,76919
Rudnyy,52.97244,63.11055,124000
Kyzylorda,44.85278,65.50917,354800
Kostanay,53.21435,63.62463,210000
Petropavl,54.87343,69.15065,200920
Pavlodar,52.27601,76.96881,329002
Ust-Kamenogorsk,49.97143,82.60586,319067
Satpayev,47.90409,67.54112,69782
Baikonur,45.61667,63.31667,70000
Ridder,50.34524,83.51562,52664
Kokshetau,53.28414,69.39364,150649
Kentau,43.51672,68.50463,57408
Ekibastuz,51.72371,75.32287,121470
Balqash,46.84546,74.98213,81364
Astana,51.1801,71.44598,1544142
Almaty,43.25249,76.9115,1977011
Vientiane,17.96667,102.6,840940
Xam Nua,20.4164,104.045,56900
Savannakhet,16.5703,104.7622,125760
Pakse,15.12022,105.79898,77900
Thakhèk,17.41027,104.83068,90800
Luang Prabang,19.8933,102.1525,55027
Ban Khoan,20.35008,100.09022,65348
Zahlé,33.84675,35.90203,78145
Tripoli,34.43352,35.84415,229398
Tyre,33.27333,35.19389,135204
Sidon,33.55751,35.37148,163554
Ra’s Bayrūt,33.9,35.48333,1251739
Jounieh,33.98083,35.61778,96315
Aarsâl,34.17944,36.42083,50000
Habboûch,33.40753,35.48177,98433
Beirut,33.89332,35.50157,1916100
Nabatîyé et Tahta,33.37889,35.48389,120000
Ghazieh,33.5175,35.36889,50000
Aley,33.80528,35.6,130000
Vavuniya,8.7514,80.4971,60176
Valvedditturai,9.81667,80.16667,78205
Trincomalee,8.5778,81.2289,108420
Point Pedro,9.81667,80.23333,89810
Pita Kotte,6.8905,79.9015,118179
Negombo,7.2083,79.8358,137223
Dehiwala-Mount Lavinia,6.84019,79.87116,219827
Moratuwa,6.773,79.8816,168280
Matara,5.94851,80.53528,76254
Maharagama,6.848,79.9265,195355
Sri Jayewardenepura Kotte,6.88297,79.90708,115826
Kotikawatta,6.9269,79.9095,64565
Kolonnawa,6.9329,79.8848,64887
Katunayaka,7.16992,79.88837,84643
Kandy,7.2906,80.6336,111701
Kalmunai,7.40902,81.83472,100171
Jaffna,9.66845,80.00742,169102
Hendala,6.9909,79.883,56978
Galle,6.0461,80.2103,93118
Dambulla,7.86,80.65167,66716
Colombo,6.93548,79.84868,648034
Beliatta,6.0496,80.73252,58675
Batticaloa,7.7102,81.6924,86742
Battaramulla South,6.8964,79.9181,75633
Anuradhapura,8.31223,80.41306,60943
Ambalantota,6.1196,81.0214,80506
Ambalangoda,6.2355,80.0538,56783
Monrovia,6.30054,-10.7969,1542549
Kakata,6.53104,-10.35368,52247
Gbarnga,6.99543,-9.47122,86031
Ganta,7.235,-8.98444,63523
Buchanan,5.87693,-10.04964,75854
Maseru,-29.31667,27.48333,359753
Maputsoe,-28.8866,27.89915,61916
Vilnius,54.68916,25.2798,542366
Šiauliai,55.93333,23.31667,99462
Panevėžys,55.73186,24.35983,85885
Klaipėda,55.7068,21.13912,172292
Kaunas,54.90156,23.90909,289380
Dainava (Kaunas),54.91525,23.96831,70000
Luxembourg,49.60982,6.13268,76684
Riga,56.946,24.10589,742572
Liepāja,56.50474,21.01085,67421
Jūrmala,56.968,23.77038,52001
Jelgava,56.65,23.71278,54834
Daugavpils,55.88333,26.53333,78126
Tobruk,32.08963,23.95385,141499
Darnah,32.76704,22.63669,102581
Benghazi,32.11486,20.06859,757490
Al Marj,32.49257,20.82909,85315
Al Bayḑā’,32.76272,21.75506,129439
Ajdabiya,30.75545,20.22625,131773
Zliten,32.46739,14.56874,203790
Tarhuna,32.43501,13.6332,52420
Tripoli,32.88743,13.18733,1302947
Tājūrā’,32.88167,13.35056,100000
Sirte,31.20892,16.58866,106705
Şurmān,32.75668,12.57159,77114
Şabrātah,32.79335,12.48845,83398
Sabha,27.03766,14.42832,149329
Qaşr Bin Ghashīr,32.68333,13.18333,100069
Misratah,32.37535,15.09254,355657
Janzūr,32.81868,13.01727,154389
Zawiya,32.75222,12.72778,186123
Az Zāwīyah,32.7571,12.72764,200000
As Sawānī,32.71667,13.06667,57069
Al Ajaylat,32.75718,12.37633,130546
Al Khums,32.64861,14.26191,201943
Al Jumayl,32.85286,12.0612,102000
Al Jadīd,27.05,14.4,126386
Al Ḩurshah,32.76472,12.67389,81119
Al ‘Azīzīyah,32.53194,13.0175,52404
Msalātah,32.58345,14.03627,73907
Youssoufia,32.24634,-8.52941,73848
Tiznit,29.69742,-9.73162,81569
Tirhanimîne,35.23619,-3.95453,55827
Tiflet,33.89469,-6.30649,94684
Tétouan,35.57845,-5.36837,415810
Temara,33.92866,-6.90656,342345
Taza,34.21,-4.01,162110
Taroudant,30.47028,-8.87695,87520
Taourirt,34.40731,-2.89732,112908
Tan-Tan,28.43799,-11.10321,79942
Tangier,35.76727,-5.79975,1035141
Souq Sebt Oulad Nemma,32.2973,-6.70301,65601
Sidi Slimane,34.26479,-5.92598,101541
Sidi Kacem,34.22149,-5.70775,82632
Sidi Bennour,32.65236,-8.42769,60948
Settat,33.00103,-7.61662,155333
Sefrou,33.83186,-4.828,87234
Salé,34.0531,-6.79846,972299
Safi,32.29939,-9.23718,336883
Rabat,34.01325,-6.83255,1655753
Oulad Teïma,30.39467,-9.20897,97608
Oujda,34.68139,-1.90858,539711
Oued Zem,32.8627,-6.57359,104029
Ouezzane,34.79584,-5.57849,65088
Ouarzazate,30.91894,-6.89341,77603
Nador,35.16813,-2.93352,176600
Al Aaroui,35.0109,-3.00938,51976
Mohammedia,33.68607,-7.38298,227799
Midelt,32.6852,-4.74512,60390
Meknes,33.89352,-5.54727,568295
Mdiq,35.68313,-5.32871,61398
Martil,35.61662,-5.27522,70274
Marrakesh,31.63416,-7.99994,995871
Larache,35.19321,-6.15572,136505
Ksar El Kebir,35.00044,-5.90378,138262
Khouribga,32.88108,-6.9063,214241
Khenifra,32.93492,-5.66167,128318
Kenitra,34.26101,-6.5802,470949
Kasba Tadla,32.5977,-6.26844,51697
Inezgane,30.35535,-9.53639,142320
Ifrane,33.52666,-5.11019,73782
Guercif,34.22568,-3.35361,99238
Guelmim,28.98696,-10.05738,129200
Fnidek,35.84906,-5.35747,84558
Al Fqih Ben Çalah,32.50213,-6.68771,111402
Fès al Bali,34.0701,-4.95473,156000
Fes,34.03313,-5.00028,1191905
Essaouira,31.5125,-9.77,85137
El Kelaa des Srarhna,32.05121,-7.41079,103982
El Jadida,33.25682,-8.50882,212863
Ad Darwa,33.37487,-7.5356,52108
Dar Bouazza,33.51535,-7.81677,165295
Casablanca,33.58831,-7.61138,3665954
Bouskoura,33.44976,-7.65239,112501
Berkane,34.92,-2.32,119284
Benslimane,33.61601,-7.12153,62352
Ben Jerrar,30.26224,-9.50377,53026
Beni Mellal,32.33725,-6.34983,210397
Beni Enzar,35.26,-2.93,61786
Ben Guerir,32.24088,-7.95397,96777
Berrechid,33.26553,-7.58754,149201
Azrou,33.43443,-5.22126,59348
Khemisset,33.82404,-6.06627,143640
Al Hoceïma,35.25165,-3.93723,395644
Aïn Harrouda,33.63737,-7.44971,68161
Ain El Aouda,33.80333,-6.79461,54397
Agadir,30.42018,-9.59815,698310
Skhirate,33.8527,-7.03171,65272
Errachidia,31.9314,-4.42663,100870
Dakhla,30.41145,-9.55344,55618
Dchira El Jihadia,30.37345,-9.54761,109564
Ait Melloul,30.34164,-9.50356,187652
Lqoliaa,30.29759,-9.46597,90890
My Drarga,30.37733,-9.47342,55631
Sidi Taibi,34.18698,-6.68176,51050
Salé Al Jadida,33.99722,-6.74047,200000
Bejaâd,32.77133,-6.39231,51206
Ouislane,33.91406,-5.48969,95995
Lahraouyine,33.54138,-7.52848,70783
Souk El Arbaa,34.68473,-6.00344,75635
Tiraspol,46.84275,29.6284,157000
Rîbniţa,47.76817,29.01,55455
Chisinau,47.00902,28.85938,635994
Bender,46.83158,29.47671,110175
Bălţi,47.76291,27.92854,125000
Podgorica,42.44124,19.26309,236852
Nikšić,42.7731,18.94446,58212
Toamasina,-18.1492,49.40234,345107
Toliara,-23.35,43.66667,178725
Tôlanaro,-25.03249,46.98329,71258
Sambava,-14.26667,50.16667,89003
Morondava,-20.28869,44.31782,56671
Moramanga,-18.94948,48.23007,60456
Mahajanga,-15.71667,46.31667,260556
Ivato,-18.8,47.48333,52376
Imerintsiatosika,-18.98333,47.31667,74085
Fianarantsoa,-21.45267,47.08569,203105
Antsiranana,-12.31732,49.29188,136959
Antsirabe,-19.86586,47.03333,260907
Antsalova,-18.66667,44.61667,58280
Antanifotsy,-19.65,47.31667,70626
Antananarivo,-18.91368,47.53613,1349501
Antalaha,-14.90033,50.27876,71898
Hell-Ville,-13.39718,48.26663,53219
Ambovombe,-25.17838,46.08722,69265
Ambilobe,-13.2,49.05,66029
Ambatondrazaka,-17.83333,48.41667,50463
Ambanja,-13.669,48.453,63884
Veles,41.71719,21.77196,57873
Tetovo,42.00989,20.97138,63176
Skopje,41.99646,21.43141,474889
Prilep,41.34558,21.5537,73814
Kumanovo,42.13279,21.71585,75051
Gostivar,41.79627,20.90799,50974
Bitola,41.03226,21.33553,69287
Čair,42.01528,21.44111,64773
Kisela Voda,41.94889,21.50278,58216
Timbuktu,16.77348,-3.00742,84208
Sikasso,11.31755,-5.66654,349324
Ségou,13.44032,-6.25947,205787
San,13.29701,-4.89627,103227
Nioro,15.23074,-9.59356,51933
Niono,14.25054,-5.98679,52584
Mopti,14.4843,-4.18296,186187
Markala,13.68427,-6.07352,53738
Koutiala,12.38723,-5.46507,218031
Koulikoro,12.86273,-7.55985,64128
Kita,13.03885,-9.48817,75598
Kayes,14.44776,-11.44393,194716
Kati,12.74409,-8.07257,130254
Kalaban Koro,12.57329,-8.02907,148247
Gao,16.27167,-0.04472,133110
Pèlèngana,13.4274,-6.222,50552
Fana,12.7787,-6.9564,56809
Bougouni,11.41769,-7.48323,90234
Bamako,12.60915,-7.97522,4227569
Dialakorodji,12.70354,-7.96463,70619
Yenangyaung,20.46504,94.8712,110553
Yawnghwe,20.65973,96.93376,188083
Yamethin,20.43189,96.13875,59867
Taungoo,18.94291,96.43408,106945
Thongwa,16.75998,96.52498,52496
Thayetmyo,19.32076,95.18272,98185
Thaton,16.91867,97.37001,123727
Tharyarwady,17.65399,95.78813,54386
Thanhlyin,16.78195,96.24678,78667
Thanbyuzayat,15.96893,97.72745,57208
Dawei,14.0823,98.19151,136783
Taunggyi,20.78919,97.03776,160115
Taungdwingyi,20.0065,95.54531,70094
Taikkyi,17.31439,95.96293,88000
Tachilek,20.4475,99.88083,51553
Thanlyin,16.76887,96.24503,69448
Sittwe,20.14624,92.89835,177743
Shwegu,24.22673,96.79085,58696
Shwebo,22.56925,95.69818,88914
Sagaing,21.8787,95.97965,78739
Yangon,16.80528,96.15611,4477638
Pyinmana,19.7381,96.20742,97409
Pyay,18.81996,95.21562,135308
Bago,17.33521,96.48135,244376
Pakokku,21.33489,95.08438,126938
Hpa-An,16.88953,97.63482,50000
Nyaunglebin,17.95363,96.72247,89626
Myitkyina,25.38327,97.39637,90894
Myingyan,21.46002,95.3884,141713
Myaungmya,16.59875,94.92111,58205
Mu-se,23.99742,97.90109,165022
Mudon,16.25624,97.7246,89123
Mawlamyine,16.49051,97.62825,438861
Monywa,22.10856,95.13583,182011
Möng Yang,21.8478,99.67651,117108
Mogok,22.91766,96.50982,89855
Mingaladon,16.92406,96.09768,136000
Minbu,20.18059,94.87595,57342
Myeik,12.43954,98.60028,173298
Meiktila,20.87776,95.85844,177442
Pyin Oo Lwin,22.03501,96.45683,117303
Mandalay,21.97473,96.08359,1208099
Manaung,18.85479,93.72913,50680
Magway,20.14956,94.93246,96954
Lashio,22.9359,97.7498,131000
Lakang,24.66051,97.18923,85423
Kyauktan,16.63736,96.32512,132765
Kyaukse,21.6056,96.13508,50480
Kyaukpyu,19.42793,93.55134,180000
Kyaiklat,16.44502,95.72373,52425
Kēng Tung,21.63093,99.92676,171620
Kyimyindine,16.80852,96.12415,111514
Kawthoung,9.98238,98.55034,57949
Kanbe,16.70728,96.00168,58146
Kalemyo,23.19014,94.06405,348573
Kalaw,20.63459,96.56454,93032
Insein,16.88874,96.10257,247675
Hpākān,25.6138,96.31482,60123
Hinthada,17.64944,95.45705,134947
Heho,20.72315,96.82278,93041
Gwa,17.59369,94.57996,66015
Dawbon,16.51634,95.60285,75325
Chauk,20.89921,94.81784,90870
Buthidaung Town,20.87537,92.53,55545
Bogale,16.29415,95.39742,68938
Bhamo,24.25256,97.23357,54721
Pathein,16.77919,94.73212,237089
Ann,19.79537,94.04791,119714
Amarapura,21.90709,96.04894,237618
Myaydo,19.36838,95.21512,57395
San Chaung,17.0953,96.0992,99619
Set Ka Lay,16.81435,96.11393,111514
Nay Pyi Taw,19.745,96.12972,925000
Hlaingthaya,16.85,96.06667,687867
Sangyoung,16.80607,96.13355,89618
Mingala Tangnyunt,16.78855,96.17234,132494
Ulan Bator,47.90771,106.88324,844818
Erdenet,49.03333,104.08333,97814
Darhan,49.48667,105.92278,83883
Taipa,22.15583,113.55694,112051
Macau,22.20056,113.54611,649335
Sé,22.19089,113.54733,52200
Fort-de-France,14.60365,-61.07418,89995
Zouérat,22.73542,-12.47134,55183
Nouakchott,18.08581,-15.9785,1184530
Nouadhibou,20.94188,-17.03842,146048
Néma,16.61702,-7.25649,60000
Kiffa,16.62073,-11.40208,62051
Kaédi,16.15071,-13.50582,56283
Ksar,18.0995,-15.9574,57758
Dar Naim,18.10808,-15.92666,61089
Mbera,15.85615,-5.79067,58985
Vacoas,-20.29806,57.47833,115289
Quatre Bornes,-20.26381,57.4791,77308
Port Louis,-20.16194,57.49889,155226
Curepipe,-20.31628,57.52594,78618
Beau Bassin-Rose Hill,-20.23325,57.46609,111355
Male,4.17521,73.50916,103693
Karonga,-9.93333,33.93333,69486
Zomba,-15.38596,35.3188,118440
Mzuzu,-11.46556,34.02071,249564
Mangochi,-14.47815,35.26448,60338
Lilongwe,-13.96692,33.78725,1115815
Kasungu,-13.03333,33.48333,66152
Blantyre,-15.78499,35.00854,902588
Ciudad Valles,21.99631,-99.01093,124644
Zumpango,19.7967,-99.09946,280455
Yautepec,18.88188,-99.06715,105780
Xochimilco,19.25465,-99.10356,442178
Xico,19.27032,-98.95088,384327
Álvaro Obregón,19.35867,-99.20329,726664
Villahermosa,17.98625,-92.93928,353577
Gustavo Adolfo Madero,19.49392,-99.11075,1185772
Veracruz,19.18095,-96.1429,428323
Tuxtla,16.75357,-93.11578,604147
Túxpam de Rodríguez Cano,20.95777,-97.40805,84750
Tultepec,19.685,-99.12806,65338
Tulancingo,20.08055,-98.36831,102406
Toluca,19.28786,-99.65324,489333
San Bernardino Tlaxcalancingo,19.02867,-98.27698,54517
Tlalpan,19.29513,-99.16206,574577
Tlalnepantla,19.54005,-99.19538,653410
Tláhuac,19.28689,-99.00507,305076
Teziutlan,19.8173,-97.35992,103583
Texcoco de Mora,19.51194,-98.88293,105165
Cuautitlán Izcalli,19.64388,-99.21598,555163
Tepeji del Río de Ocampo,19.90546,-99.34229,80612
Teoloyucan,19.74423,-99.18113,51255
Temixco,18.84578,-99.22367,97788
Tehuacán,18.46422,-97.39735,248716
Taxco de Alarcón,18.55462,-99.60592,50399
Tapachula,14.90541,-92.25891,353706
Tampico,22.28519,-97.87777,309003
Santo Domingo Tehuantepec,16.32463,-95.24104,67739
Santa María Chimalhuacán,19.42155,-98.95038,70519
Santa Cruz Xoxocotlán,17.02958,-96.73518,67086
San Pablo de las Salinas,19.66658,-99.09477,156191
Zinacantepec,19.28428,-99.73394,54220
San Mateo Atenco,19.26757,-99.53214,67890
San Martin Texmelucan de Labastida,19.28431,-98.43885,155738
San Juan del Río,20.38897,-99.99637,138878
Tuxtepec,18.0883,-96.12535,159452
San Cristóbal de las Casas,16.73006,-92.63825,215874
San Andrés Tuxtla,18.4487,-95.21327,61769
Salina Cruz,16.17535,-95.19424,84438
Rioverde,21.93115,-99.99488,53128
Ciudad Río Bravo,25.98507,-98.08964,95647
Reynosa,26.08005,-98.28456,589466
Puebla,19.04778,-98.20723,1692181
Poza Rica de Hidalgo,20.53315,-97.45946,185242
Polanco,19.43332,-99.19919,50000
Playa del Carmen,20.6274,-87.07987,149923
Pijijiapan,15.68618,-93.20938,50079
Paraiso,18.40116,-93.21406,86632
Papantla de Olarte,20.44655,-97.32494,53546
Pachuca de Soto,20.11697,-98.73329,256584
Orizaba,18.85195,-97.09957,123182
Oaxaca,17.06025,-96.72544,255029
Nuevo Laredo,27.47629,-99.51639,416055
Nicolás Romero,19.64177,-99.3068,281799
Naucalpan de Juárez,19.47851,-99.23963,834434
Montemorelos,25.18897,-99.82933,67428
Miramar,22.36094,-97.89997,118614
Minatitlán,18.00011,-94.5569,112046
Mérida,20.967,-89.62318,1201000
Heroica Matamoros,25.87972,-97.50417,510739
Martínez de la Torre,20.07082,-97.06078,60074
Magdalena Contreras,19.33212,-99.21118,238431
Los Reyes Acaquilpan,19.36357,-98.97707,85359
Linares,24.85798,-99.56768,70378
Kanasín,20.93485,-89.55822,77240
Heroica Ciudad de Juchitán de Zaragoza,16.43375,-95.02181,88280
Jiutepec,18.88139,-99.17778,215357
Xalapa de Enríquez,19.53124,-96.91589,424755
Ixtapaluca,19.31556,-98.88284,322271
Iztapalapa,19.35529,-99.06224,1835486
Iztacalco,19.39528,-99.09778,384326
Iguala de la Independencia,18.34536,-99.5413,118468
Huauchinango,20.17376,-98.05491,56206
Ciudad de Huajuapan de León,17.80787,-97.77956,53043
Ciudad Mante,22.74277,-98.97172,84787
Ecatepec de Morelos,19.60492,-99.06064,1645352
Cuernavaca,18.9261,-99.23075,338650
Cuautla,18.81302,-98.95513,157336
Cuautitlán,19.67052,-99.17989,178847
Delegación Cuajimalpa de Morelos,19.3692,-99.29089,160491
Cozumel,20.50038,-86.94272,77236
Coyoacán,19.3467,-99.16174,614447
Córdoba,18.8842,-96.92559,204721
Comitán,16.24004,-92.13668,166178
Coatzacoalcos,18.14905,-94.4447,310698
Coatepec,19.45229,-96.96148,53621
Coacalco,19.62923,-99.10689,277959
Ciudad Victoria,23.74061,-99.14364,332100
Ciudad Nezahualcoyotl,19.40061,-99.01483,1077208
Ciudad Madero,22.2475,-97.83665,197216
Mexico City,19.42847,-99.12766,12294193
Ciudad del Carmen,18.64592,-91.82991,191238
Cholula,19.06406,-98.30352,292881
Chilpancingo,17.55228,-99.50124,187251
Chicoloapan,19.41687,-98.90202,172919
Chetumal,18.51957,-88.30397,169028
Chalco,19.26174,-98.89775,168720
Cárdenas,18.00135,-93.37559,91558
Cancún,21.17429,-86.84656,888797
Campeche,19.84073,-90.51676,220389
Cadereyta Jiménez,25.59051,-100.00095,68111
Cadereyta,25.58333,-99.98333,67994
Azcapotzalco,19.48698,-99.18594,414711
Atlixco,18.90815,-98.43613,86690
Ciudad López Mateos,19.55793,-99.25675,489160
Amozoc de Mota,19.04611,-98.045,95322
Altamira,22.39309,-97.93857,59536
Acayucan,17.94979,-94.91386,50934
Acapulco de Juárez,16.84942,-99.90891,658609
Huamantla,19.31451,-97.9252,51996
Tlaxcala,19.31777,-98.23846,84670
Villa Vicente Guerrero,19.12123,-98.16572,60001
Tepexpan,19.61387,-98.9364,102667
Benito Juarez,19.3984,-99.15766,355017
Venustiano Carranza,19.44361,-99.10499,430978
Miguel Hidalgo,19.43411,-99.20024,372889
Cuauhtémoc,19.44506,-99.14612,531831
Huixquilucan,19.35985,-99.35016,124846
Santiago Teyahualco,19.65985,-99.12493,53684
Ojo de Agua,19.68028,-99.01,386290
Buenavista,19.60833,-99.16944,216776
Ixtapa-Zihuatanejo,17.64344,-101.55212,67408
Zapopan,20.72111,-103.38742,1476491
Zamora de Hidalgo,19.98404,-102.28634,186102
Zacatecas,22.76843,-102.58141,129011
Zacapu,19.81523,-101.79198,50112
Frontera,26.92814,-101.45212,69462
El Pueblito,20.54006,-100.44093,71254
García,25.80092,-100.58612,93641
Ciudad de Villa de Álvarez,19.26722,-103.73778,117600
Valle de Santiago,20.39148,-101.19103,68058
Uruapan,19.41677,-102.05842,299523
Uriangato,20.14162,-101.17875,51382
Torreón,25.54389,-103.41898,735340
Tonalá,20.62263,-103.24168,408759
Tlaquepaque,20.64121,-103.29342,650123
Tijuana,32.5027,-117.00371,1922523
San Francisco Tesistán,20.79729,-103.47712,62397
Tepic,21.50733,-104.89332,332863
Tepatitlán de Morelos,20.81692,-102.76347,91959
Tecomán,18.91614,-103.87713,85689
Tecate,32.566,-116.63187,64764
Soledad de Graciano Sánchez,22.18912,-100.93792,332072
Silao de la Victoria,20.94361,-101.42696,74242
Santa Catarina,25.67325,-100.45813,304052
San Nicolás de los Garza,25.74167,-100.30222,412199
San Miguel de Allende,20.91528,-100.74389,174615
San Luis Río Colorado,32.4555,-114.77037,176685
San Luis Potosí,22.15234,-100.97135,722772
Cabo San Lucas,22.89088,-109.91238,202694
San José del Cabo,23.05406,-109.70367,136285
San Francisco del Rincón,21.01889,-101.85844,71139
Saltillo,25.42595,-100.97963,709671
Salamanca,20.56979,-101.1977,160682
Sahuayo de Morelos,20.057,-102.7164,64431
Sabinas,27.85591,-101.11738,54905
Rosarito,32.36044,-117.04645,100660
Ramos Arizpe,25.53928,-100.94742,66554
Santiago de Querétaro,20.58806,-100.38806,1594212
Puerto Vallarta,20.617,-105.23018,224166
Puerto Peñasco,31.31716,-113.53799,62689
Piedras Negras,28.70007,-100.52353,150178
Pátzcuaro,19.5132,-101.60995,55298
Ocotlán,20.35116,-102.76832,83769
Nuevo Casas Grandes,30.41552,-107.91166,55553
Navojoa,27.07057,-109.44345,113836
Morelia,19.70078,-101.18443,743275
Monterrey,25.68435,-100.31721,1135512
Monclova,26.90687,-101.42056,215271
Mexicali,32.62781,-115.45446,1032686
Mazatlán,23.22163,-106.41885,381583
Matehuala,23.64824,-100.64334,77328
Matamoros,25.52699,-103.2285,52233
Manzanillo,19.11695,-104.34214,159853
Los Mochis,25.79097,-108.99825,256613
León de los Aldama,21.12183,-101.68253,1579803
La Piedad de Cabadas,20.34107,-102.02251,83323
La Paz,24.14231,-110.31316,250141
Lagos de Moreno,21.35875,-101.93311,98206
Ciudad Benito Juárez,25.6466,-100.09142,308285
Jacona de Plancarte,19.95625,-102.30557,53860
Irapuato,20.671,-101.35577,380941
Hidalgo del Parral,26.92987,-105.66618,104836
Heróica Zitácuaro,19.43657,-100.35639,84307
Nogales,31.30862,-110.94217,264782
Heroica Caborca,30.71833,-112.15837,59922
Hermosillo,29.08874,-110.96677,812229
Heroica Guaymas,27.91989,-110.89888,117253
Guasave,25.56792,-108.46949,71196
Guanajuato,21.01858,-101.2591,72237
Guamúchil,25.4587,-108.07732,72500
Guadalupe,25.67663,-100.25907,673616
Guadalupe,22.74678,-102.5188,170029
Guadalajara,20.67738,-103.34749,1385629
Gómez Palacio,25.56871,-103.4996,257352
Ciudad General Escobedo,25.79663,-100.31767,454967
San Pedro Garza García,25.66158,-100.4034,132128
Fresnillo,23.1749,-102.86785,143281
Ensenada,31.87149,-116.60071,443807
Victoria de Durango,24.02032,-104.65756,518709
Culiacán,24.80209,-107.39421,808416
Cuauhtémoc,28.4063,-106.86667,168482
Cortazar,20.48301,-100.96352,61658
Colima,19.24473,-103.7127,146965
Ciudad Obregón,27.48642,-109.94079,329404
Lerdo,25.53611,-103.52485,79669
Ciudad Juárez,31.72024,-106.46084,1512450
Ciudad Hidalgo,19.68957,-100.55502,60542
Ciudad Guzmán,19.70413,-103.46383,111975
Ciudad Delicias,28.19013,-105.47012,148045
Ciudad Acuña,29.32322,-100.95217,216099
Chihuahua,28.63528,-106.08889,925762
Celaya,20.52181,-100.81399,340387
Arandas,20.70551,-102.34514,52175
Ciudad Apodaca,25.78143,-100.18911,467157
Apatzingán,19.08864,-102.35704,102362
Aguascalientes,21.88262,-102.2843,722250
Agua Prieta,31.3224,-109.54251,77254
Acámbaro,20.03248,-100.72434,57972
Dolores Hidalgo,21.15611,-100.9325,67101
Ciudad Lázaro Cárdenas,17.96256,-102.19887,196003
Benito Juárez,19.3727,-99.1564,385439
Colonia del Valle,19.38611,-99.16204,250000
Colonia Lindavista,19.49156,-99.12475,100000
Colonia Nativitas,19.38119,-99.13685,60000
Hacienda Santa Fe,20.51806,-103.38056,86935
Fuentes del Valle,19.6325,-99.13861,74087
San Salvador Tizatlalli,19.26028,-99.59083,61367
Jardines de la Silla,25.62944,-100.18778,53742
Maran,3.586,102.773,111056
Tanjong Malim,3.681,101.5198,66103
Kuala Kubu Baharu,3.5638,101.6581,194387
Parit Sulung,1.976,102.8835,82399
Batu Pahat,1.8548,102.9325,156236
Simpang Renggam,1.825,103.3107,59033
Kampung Pasir Gudang Baru,1.4726,103.878,145639
Pasir Gudang,1.462,103.9053,534659
Kampung Larkin Lama,1.5024,103.744,500000
Kota Tinggi,1.7381,103.8999,52743
Taman Senai,1.6006,103.6419,73176
Kulai,1.6561,103.6032,63762
Skudai,1.53741,103.65779,159733
Kempas,1.5489,103.6965,62011
Pelentong,1.5243,103.824,583640
Masai,1.4907,103.8788,141730
Johor Bahru,1.4655,103.7578,858118
Gelang Patah,1.4484,103.5873,64375
Kluang,2.03046,103.31689,323762
Segamat,2.5148,102.8158,69816
Pagoh,2.1495,102.7704,95202
Muar,2.0442,102.5689,314776
Kuala Selangor,3.35,101.25,55887
Kapar,3.13333,101.38333,269627
Shah Alam,3.08507,101.53281,740750
Klang,3.03667,101.44333,240016
Cukai,4.25,103.41667,82425
Val Dor,5.25198,100.49046,88600
Kota Kinabalu,5.9749,116.0724,500421
Donggongon,5.90702,116.10146,78086
Putatan,5.9258,116.06094,78340
Semporna,4.48178,118.61119,62641
Labuan,5.28028,115.2475,95120
Lahad Datu,5.02298,118.32897,105622
Sandakan,5.8402,118.1179,439050
Keningau,5.3378,116.1602,77650
Tawau,4.24482,117.89115,372615
Kulim,5.36499,100.56177,170889
Padang Serai,5.51307,100.55356,50757
Bau,1.41667,110.15,52643
Simpang Empat,4.95,100.63333,58004
Taiping,4.85,100.73333,217647
Ipoh,4.5841,101.0829,759952
Kuala Terengganu,5.3302,103.1408,426500
Malacca,2.196,102.2405,579000
Semenyih,2.9516,101.843,92491
Seremban,2.7297,101.9381,372917
Port Dickson,2.52462,101.79651,119300
Sepang,2.6931,101.7498,212050
Taman Senawang Indah,2.691,101.989,64497
Temerluh,3.4506,102.4176,59916
Butterworth,5.3991,100.36382,107591
Perai,5.38333,100.38333,65301
Bukit Mertajam,5.36301,100.4667,212329
Tasek Glugor,5.48032,100.49849,135786
Bayan Lepas,5.29992,100.26052,130455
George Town,5.41123,100.33543,158336
Serendah,3.3646,101.6041,71202
Rawang,3.3213,101.5767,199095
Sungai Buloh,3.21,101.561,222858
Petaling Jaya,3.10726,101.60671,807879
Kuala Lumpur,3.1412,101.68653,1453975
Setapak,3.207,101.727,353268
Batu Caves,3.238,101.682,254083
Ampang,3.15,101.76667,126285
Hulu Langat,3.1137,101.8142,55251
Kuantan,3.8077,103.326,548014
Parit,4.48333,100.91667,60988
Sitiawan,4.2168,100.6996,156234
Teluk Intan,4.02219,101.02083,232800
Yan Besar,5.7989,100.37264,67653
Sungai Petani,5.647,100.48772,544851
Pasir Puteh,5.83333,102.4,137400
Kuala Krai,5.5313,102.19925,105007
Kuching,1.55,110.33333,402738
Sibu,2.3,111.81667,198239
Kangar,6.4414,100.19862,63869
Jitra,6.26812,100.42167,63489
Alor Setar,6.12104,100.36014,417800
Pasir Mas,6.04934,102.13987,230424
Kota Bharu,6.12361,102.24333,568900
Bintulu,3.16667,113.03333,151617
Marudi,4.18333,114.31667,90100
Miri,4.39928,113.99163,300543
Ulu Tiram,1.6,103.81667,75350
Seri Kembangan,3.03333,101.71667,130252
Serian,1.16667,110.56667,58059
Sentul,3.18333,101.68333,100000
Puchong,3,101.61667,375181
Kepong,3.21398,101.64018,85960
Kampung Kangkar Teberau,1.532,103.7549,412373
Kampung Sungai Kajang,3.4161,101.173,84031
Kampung Sungai Glugur,5.36966,100.31353,145600
Kampung Sungai Ara,5.32699,100.27348,140849
Kampong Sidam,5.53333,100.56667,60983
Pendang,5.99516,100.47885,94033
Ijok,3.31667,101.4,100899
Kampong Dungun,3.21667,101.31667,58674
Kampung Bukit Baharu,2.2152,102.2851,55656
Kampung Baru Subang,3.15,101.53333,833571
Kampong Baharu Cheras Batu Sebelas,3.05,101.76667,232100
Kampung Baru Balakong,3.02938,101.74714,69302
Jelutong,5.38998,100.31885,63507
Cheras,3.108,101.726,135823
Bukit Tengah,5.34605,100.43917,54416
Putrajaya,2.93527,101.69112,50000
Kota Kuala Muda,5.58822,100.37085,544984
Cyberjaya,2.92281,101.65718,79200
Bandar Labuan,5.28319,115.25371,54752
Bercham,4.6411,101.1393,150000
Kampung Manjoi,4.6192,101.0685,86266
Johor Jaya,1.5392,103.8092,66000
Sri Petaling,3.06881,101.68971,50000
Seri Manjung,4.1987,100.67,100000
Selayang Baru Utara,3.2549,101.6668,542409
Subang Jaya,3.04384,101.58062,708296
Iskandar Puteri,1.39324,103.62322,575977
Putra Heights,2.99361,101.57255,60000
Kajang,2.99424,101.78875,236240
Bukit Bintang,3.14657,101.71023,120529
Bandar Sunway,3.0693,101.6074,200000
Kota Damansara,3.15454,101.58022,500000
Damansara Damai,3.19893,101.59184,85000
Kuala Nerus,5.37293,103.02053,93485
Taman Petaling,3.19916,101.64983,423062
Taman Melati,3.22124,101.72324,50000
Ara Damansara,3.11898,101.58656,60000
Seremban 2,2.68982,101.90766,62000
Bukit Indah,1.47999,103.65959,60000
Wangsa Maju,3.20056,101.73972,215600
Kuchai Lama,3.08469,101.69086,50000
Taman Melawati,3.21083,101.74825,99304
Perling,1.48061,103.68381,101263
Mukim Pulai,1.53333,103.66667,505661
Bandar Mahkota Cheras,3.0542,101.79844,100000
Paya Terubong,5.37278,100.27972,226712
Setia Alam,3.10155,101.45565,150000
Bandar Kinrara,3.04926,101.64153,93822
Bandar Bukit Raja,3.08737,101.43339,146534
Pandamaran,3.01083,101.42081,53916
Bandar Saujana Utama,3.20663,101.47729,72000
Bukit Rahman Putra,3.21727,101.5608,607000
Setia Tropika,1.54631,103.71829,60279
Bandar Tasik Puteri,3.28531,101.4741,150000
Titiwangsa,3.17822,101.70312,122096
Bandar Seri Alam,1.50434,103.87525,220000
Bandar Utama,3.14818,101.61407,200000
Bukit Jalil,3.04913,101.68036,200000
Xai-Xai,-25.05194,33.64417,154356
Mocuba,-16.8375,36.98556,196001
Dondo,-19.60944,34.74306,82260
Tete,-16.15639,33.58667,357000
Ressano Garcia,-25.44278,31.99528,110000
Quelimane,-17.87861,36.88833,349842
Pemba,-12.97395,40.51775,232932
Nampula,-15.11646,39.2666,770379
Nametil,-15.72028,39.3425,52457
Nacala,-14.56257,40.68538,239808
Montepuez,-13.12556,38.99972,88442
Monapo,-14.91694,40.30222,50134
Mozambique,-15.03466,40.73447,55829
Maxixe,-23.85972,35.34722,126408
Matola,-25.96222,32.45889,1198988
Maputo,-25.96553,32.58322,1254837
Manhiça,-25.40222,32.80722,65240
Mandimba,-14.3525,35.65056,118922
Lichinga,-13.31278,35.24056,281341
Inhambane,-23.865,35.38333,95388
Gurúè,-15.46694,36.97778,168971
Cuamba,-14.80306,36.53722,91780
Chokwé,-24.53333,32.98333,63695
Chimoio,-19.11639,33.48333,422046
Chibuto,-24.68667,33.53056,73393
Beira,-19.84361,34.83889,687764
Angoche,-16.2325,39.90861,104540
Windhoek,-22.55941,17.08323,386219
Swakopmund,-22.67842,14.52663,53009
Rundu,-17.91796,19.77314,75180
Walvis Bay,-22.9575,14.50528,73598
Nouméa,-22.27407,166.44884,93060
Birni N Konni,13.79599,5.25026,85494
Zinder,13.80716,8.9881,318874
Tessaoua,13.75737,7.9874,58750
Tahoua,14.8888,5.2692,159468
Niamey,13.51366,2.1098,1323691
Maradi,13.5,7.10174,361702
Gaya,11.88435,3.44919,61533
Dosso,13.049,3.1937,79406
Dogondoutchi,13.6403,4.02649,50037
Diffa,13.31536,12.61135,54082
Arlit,18.73694,7.38528,106448
Alaghsas,17.0187,8.0168,88561
Agadez,16.97333,7.99111,149549
Zaria,11.11128,7.7227,980000
Yola,9.20839,12.48146,460000
Yenagoa,4.92675,6.26764,365000
Wukari,7.87139,9.77786,92933
Warri,5.51737,5.75006,910000
Uyo,5.05127,7.9335,436606
Uromi,6.7,6.33333,108608
Umuahia,5.52491,7.49461,370000
Ughelli,5.48956,6.00407,79986
Ugep,5.80865,8.08098,200276
Uga,5.93576,7.0793,64179
Surulere,6.50153,3.35808,191920
Suleja,9.18059,7.17939,162135
Sokoto,13.06269,5.24322,1040000
Shomolu,6.53891,3.3742,154390
Saki,8.66762,3.39393,178677
Shagamu,6.8485,3.64633,214558
Sapele,5.89405,5.67666,305000
Saminaka,10.41227,8.68748,500000
Potiskum,11.71391,11.08108,86002
Port Harcourt,4.77742,7.0134,2120000
Pindiga,9.98433,10.95229,106322
Ozubulu,5.95753,6.85305,73812
Oyo,7.85367,3.93235,736072
Oyan,8.05,4.76667,73622
Owo,7.1962,5.58681,276574
Owerri,5.48363,7.03325,545000
Ota,6.68867,3.23202,251546
Osogbo,7.77104,4.55698,645000
Oshodi,6.55504,3.34363,170870
Orita-Eruwa,7.55632,3.44107,71027
Onitsha,6.14978,6.78569,1553000
Ondo,7.09316,4.83528,375000
Olupona,7.60039,4.19264,95002
Okrika,4.74215,7.08368,133271
Okigwe,5.82917,7.35056,115499
Okene,7.55122,6.23589,479178
Oke Mesi,7.81667,4.91667,79563
Ohafia-Ifigh,5.61455,7.81191,73355
Ogbomoso,8.13373,4.24014,433030
Ogaminana,7.59383,6.21798,84373
Offa,8.14911,4.72074,113830
Ode,7.7899,5.7117,75463
Obonoma,4.71131,6.79084,68584
Numan,9.46374,12.03062,77617
Nsukka,6.85783,7.39577,111017
Nnewi,6.01962,6.91729,193987
Nkwerre,5.75917,7.10384,62973
Nkpor,6.15038,6.83042,103733
Nguru,12.87695,10.45536,111014
Mushin,6.52799,3.35411,199000
Mubi,10.26858,13.26701,225705
Modakeke,7.38299,4.26031,119529
Minna,9.61524,6.54776,425000
Malumfashi,11.78935,7.62061,70709
Makurdi,7.73375,8.52139,390000
Makoko,6.49611,3.38778,85840
Maiduguri,11.84692,13.15712,1110000
Lokoja,7.79688,6.74048,60579
Lere,10.38584,8.57286,93290
Lalupon,7.46791,4.06594,81130
Lagos,6.45407,3.39467,15388000
Lafiagi,8.85299,5.41641,102779
Lafia,8.4939,8.51532,127236
Kuje,8.87952,7.22756,97367
Kontagora,10.40319,5.4708,98754
Kisi,9.08297,3.85196,155510
Keffi,8.84651,7.87354,85911
Kaura Namoda,12.59371,6.58648,69725
Katsina,12.99082,7.60177,670000
Kano,12.00012,8.51672,4910000
Kagoro,9.60776,8.39043,77008
Kafanchan,9.58126,8.2926,79522
Kaduna,10.52641,7.43879,1850000
Jos,9.92849,8.89212,1040000
Jimeta,9.27949,12.45819,248148
Jega,12.22336,4.37971,73495
Jalingo,8.89367,11.3596,117757
Iwo,7.63527,4.18156,250443
Isieke,6.38186,8.03736,89990
Iseyin,7.97022,3.59626,365300
Ise-Ekiti,7.46478,5.42333,190063
Irewe,6.41692,3.14058,139494
Ipoti,7.87377,5.07691,82113
Inisa,7.84855,4.32981,164161
Ilorin,8.49664,4.54214,1080000
Ilobu,7.83879,4.48672,118089
Ilesa,7.62789,4.74161,325000
Ila Orangun,8.01714,4.90421,179192
Ikot Ekpene,5.18194,7.71481,254806
Ikom,5.96669,8.70632,79103
Ikirun,7.91283,4.66741,134240
Ikire,7.36983,4.1863,222160
Ikere-Ekiti,7.49748,5.23041,103054
Ikeja,6.59651,3.34205,313196
Ikare,7.52591,5.75342,465000
Ijero-Ekiti,7.81514,5.06716,167632
Ijebu Ode,6.81944,3.91731,360000
Ijebu-Jesa,7.68287,4.81769,51730
Ijebu-Igbo,6.97198,3.99938,109261
Ihiala,5.85475,6.85944,83265
Igede-Ekiti,7.6685,5.12627,87282
Igbo-Ukwu,6.01798,7.02027,75224
Igbo-Ora,7.43383,3.28788,92719
Igboho,8.83784,3.75628,136764
Igbara-Odo,7.50251,5.06258,74121
Ifo,6.81491,3.19518,88272
Ile-Ife,7.4824,4.56032,560000
Idanre,7.1127,5.1159,86468
Idah,7.11345,6.73866,68703
Ibadan,7.37756,3.90591,3649000
Hadejia,12.45347,10.04115,110753
Gusau,12.17024,6.66412,226857
Gombe,10.28969,11.16729,560000
Gbongan,7.47734,4.35351,139485
Gboko,7.32275,9.00108,365000
Gashua,12.87398,11.04057,125817
Gamboru,12.37299,14.2069,84672
Funtua,11.52351,7.31174,136811
Fiditi,7.71393,3.91665,71461
Ezza-Ohu,6.44094,8.08432,67414
Esuk Oron,4.80293,8.25341,112033
Epe,6.58412,3.98336,84711
Enugu-Ukwu,6.17146,7.00525,68785
Enugu,6.44132,7.49883,950000
Emure-Ekiti,7.43636,5.45925,90645
Ekpoma,6.743,6.14029,59618
Ejigbo,7.90303,4.31364,138357
Eha Amufu,6.65915,7.75961,70779
Efon-Alaaye,7.65649,4.92235,279319
Effium,6.63105,8.05814,86945
Ede,7.73635,4.43536,159866
Ebute Ikorodu,6.60086,3.48818,535619
Daura,11.5541,11.406,78277
Calabar,4.95893,8.32695,540000
Buguma,4.73614,6.86236,135404
Biu,10.61285,12.19458,95005
Birnin Kebbi,12.45389,4.1975,108164
Bida,9.08044,6.0099,400000
Benin City,6.33815,5.62575,1782000
Bende,5.55874,7.63359,79618
Bauchi,10.31032,9.84388,693700
Bama,11.52134,13.68952,118121
Azare,11.67478,10.19069,105687
Awka,6.21269,7.07199,167738
Auchi,7.06756,6.2636,62907
Atani,6.01277,6.74768,230000
Asaba,6.19824,6.73187,73374
Aramoko-Ekiti,7.70483,5.04054,74491
Apomu,7.35156,4.18335,71656
Amaigbo,5.78917,7.83829,127300
Aliayabiagba,6.45,3.33333,228000
Alasia,6.47489,3.16914,100000
Akure,7.25256,5.19312,730000
Aku,6.70902,7.31826,73742
Agulu,6.10045,7.061,79021
Agege,6.61563,3.33337,683600
Agbor,6.25375,6.1942,67610
Afikpo,5.89258,7.93534,71866
Ado-Ekiti,7.62329,5.22087,435000
Abuja,9.05785,7.49508,2690000
Abeokuta,7.15571,3.34509,735000
Abakaliki,6.32485,8.11368,134102
Aba,5.10658,7.36667,1160000
Obalende,6.44694,3.41528,342000
Ajegunle,6.45197,3.33115,550000
Alimosho,6.60656,3.30235,308290
Akowonjo,6.61012,3.30968,308900
Lekki,6.44632,3.47717,401272
Chakwama,11.55965,9.66407,200000
Tipitapa,12.19732,-86.09706,50000
Nueva Guinea,11.68758,-84.45616,52929
Mateare,12.23512,-86.42809,61234
Matagalpa,12.92795,-85.91906,109089
Masaya,11.97316,-86.09587,130113
Managua,12.13282,-86.2504,973087
León,12.43527,-86.87862,144538
Juigalpa,12.10591,-85.36549,50000
Jinotega,13.09103,-86.00234,55000
Granada,11.93062,-85.95368,89409
Estelí,13.09291,-86.35589,96422
El Viejo,12.66348,-87.16663,53504
Chinandega,12.62951,-87.13133,126387
Ciudad Sandino,12.15889,-86.34417,50000
Zwolle,52.5125,6.09444,129840
Zoetermeer,52.0575,4.49306,115845
Zeist,52.09,5.23333,60949
Zaanstad,52.45313,4.81356,140085
Zaandam,52.43854,4.82643,71708
Vlaardingen,51.9125,4.34167,73798
Venlo,51.37,6.16806,101988
Velsen-Zuid,52.46,4.65,67758
Veenendaal,52.02863,5.55891,61271
Utrecht,52.09083,5.12222,376435
Tilburg,51.55551,5.0913,221947
Spijkenisse,51.845,4.32917,74988
's-Hertogenbosch,51.69917,5.30417,160783
The Hague,52.07667,4.29861,474292
Schiedam,51.91917,4.38889,75438
Rotterdam,51.9225,4.47917,868135
Roosendaal,51.53083,4.46528,77725
Purmerend,52.505,4.95972,80117
Oss,51.765,5.51806,76430
Oosterhout,51.645,4.85972,53107
Nijmegen,51.8425,5.85278,177359
Nieuwegein,52.02917,5.08056,61489
Maastricht,50.84833,5.68889,122378
Lelystad,52.50833,5.475,79811
Leiden,52.15833,4.49306,119713
Leeuwarden,53.20271,5.80973,124481
Hoorn,52.6425,5.05972,68852
Hoofddorp,52.3025,4.68889,132734
Hilversum,52.22333,5.17639,83640
Hengelo,52.26583,6.79306,82311
Helmond,51.48167,5.66111,74740
Heerlen,50.88365,5.98154,93084
Hardenberg,52.57583,6.61944,57909
Haarlem,52.38084,4.63683,162543
Groningen,53.21917,6.56667,244807
Gouda,52.01667,4.70833,71952
Enschede,52.21833,6.89583,153655
Emmen,52.77917,6.90694,57010
Eindhoven,51.44083,5.47778,235691
Ede,52.03333,5.65833,67670
Dordrecht,51.81,4.67361,119260
Deventer,52.255,6.16389,97331
Den Helder,52.95988,4.75933,59569
Delft,52.00667,4.35556,95060
Capelle aan den IJssel,51.92917,4.57778,65255
Breda,51.58656,4.77596,184126
Bergen op Zoom,51.495,4.29167,66256
Assen,52.99667,6.5625,68836
Arnhem,51.98,5.91111,162424
Apeldoorn,52.21,5.96944,136670
Amsterdam,52.37403,4.88969,741636
Amstelveen,52.30083,4.86389,79639
Amersfoort,52.155,5.3875,139914
Alphen aan den Rijn,52.12917,4.65546,70251
Almere Stad,52.37025,5.21413,176432
Almelo,52.35667,6.6625,72725
Alkmaar,52.63167,4.74861,94853
Amsterdam-Zuidoost,52.3075,4.97222,87854
Noord,52.39079,4.90994,116777
Amsterdam Nieuw-West,52.3565,4.80636,151677
Amsterdam-Oost,52.35206,4.93353,135767
Amsterdam-Centrum,52.37406,4.89938,86422
Amsterdam-Zuid,52.34691,4.87683,144432
Amsterdam-West,52.37761,4.86601,143842
Trondheim,63.43049,10.39506,216518
Tønsberg,59.26754,10.40762,55387
Stavanger,58.97005,5.73332,151669
Skien,59.20962,9.60897,50595
Sarpsborg,59.28391,11.10962,59038
Sandnes,58.85244,5.73521,85386
Sandefjord,59.13118,10.21665,64345
Oslo,59.91273,10.74609,1082575
Lillestrøm,59.95597,11.04918,89684
Kristiansand,58.14671,7.9956,117237
Fredrikstad,59.2181,10.9298,83761
Drammen,59.74389,10.20449,106013
Bergen,60.39299,5.32415,294029
Asker,59.83333,10.43721,61906
Ålesund,62.47225,6.15492,52626
Rājbirāj,26.53968,86.74796,69803
Pokhara,28.26689,83.96851,600051
Pātan,27.67658,85.31417,299283
Bhimdatta,28.96399,80.17715,88381
Lahān,26.72022,86.48258,102955
Kathmandu,27.70169,85.3206,1442271
Janakpur,26.72882,85.92628,195438
Hetauda,27.42839,85.03219,195951
Gulariyā,28.2058,81.34532,53107
Dharān,26.81436,87.27972,173096
Dhangaḍhi̇̄,28.70159,80.58991,204788
Chautārā,27.7763,85.7127,51347
Butwāl,27.69121,83.45251,195054
Birgañj,27.01736,84.88047,268273
Biratnagar,26.45505,87.27007,244750
Bharatpur,27.68027,84.43647,369377
Siddharthanagar,27.5,83.45,63367
Banepā,27.6327,85.52201,67629
Birendranagar,28.59669,81.61658,154886
Nepalgunj,28.05,81.61667,166258
Inaruwa,26.60675,87.1478,70093
Triyuga,26.7919,86.699,71405
Madhyapur Thimi,27.68056,85.3875,119955
Wellington,-41.28664,174.77557,381900
Porirua,-41.13333,174.85,61500
Palmerston North,-40.35636,175.61113,90500
North Shore,-36.8,174.75,258697
New Plymouth,-39.06667,174.08333,90100
Nelson,-41.27078,173.28404,54400
Napier,-39.4926,176.91233,66400
Manukau City,-36.99282,174.87986,362000
Lower Hutt,-41.21667,174.91667,114200
Invercargill,-46.4,168.35,58000
Hastings,-39.6381,176.84918,88300
Hamilton,-37.78333,175.28333,192100
Dunedin,-45.87416,170.50361,132800
Christchurch,-43.53333,172.63333,419200
Auckland,-36.84853,174.76349,1547200
Tauranga,-37.68611,176.16667,161000
Whangarei,-35.73167,174.32391,50900
Papatoetoe,-36.9682,174.84019,56010
Rotorua,-38.13874,176.24516,65901
Sur,22.56667,59.52889,71152
Sohar,24.34745,56.70937,108274
Samā’il,23.29838,57.9531,80538
Şalālah,17.01505,54.09237,163140
Şaḩam,24.17222,56.88861,140000
Qurayyāt,23.26298,58.92014,63133
Nizwá,22.93333,57.53333,72076
Muscat,23.58413,58.40778,797000
‘Ibrī,23.22573,56.51572,163473
Bawshar,23.57769,58.39982,383257
Barkā’,23.67872,57.88605,81647
Bahlā’,22.97886,57.3047,54338
As Suwayq,23.84944,57.43861,107143
Seeb,23.67027,58.18911,470878
Rustaq,23.39083,57.42444,120000
Al Khābūrah,23.97144,57.09313,50223
Al Buraymī,24.25088,55.79312,73670
Tocumen,9.08939,-79.3831,50844
San Miguelito,9.05032,-79.47068,321501
Pedregal,9.0661,-79.42577,51641
Panama City,8.9936,-79.51973,408168
Las Cumbres,9.09211,-79.53895,69102
La Chorrera,8.87763,-79.78007,61232
Juan Díaz,9.04059,-79.44083,100636
David,8.42729,-82.43085,82907
Colón,9.36025,-79.90019,78000
Arraiján,8.9398,-79.64038,76815
Tumbes,-3.55592,-80.44258,96946
Trujillo,-8.11599,-79.02998,1067700
Tingo María,-9.29532,-75.99574,53177
Talara,-4.57722,-81.27194,99074
Sullana,-4.90389,-80.68528,160789
San Juan,-3.77611,-73.28139,78153
Pucallpa,-8.37915,-74.55387,326040
Piura,-5.18192,-80.65715,630000
Paita,-5.08917,-81.11444,56151
Moyobamba,-6.03441,-76.97423,50073
Jaén,-5.70729,-78.80785,52493
Iquitos,-3.74814,-73.2529,377609
Huaraz,-9.52614,-77.52869,118836
Huánuco,-9.92882,-76.23989,196627
Chulucanas,-5.0925,-80.1625,68835
Chimbote,-9.07508,-78.59373,316966
Chiclayo,-6.77008,-79.85495,609400
Catacaos,-5.26667,-80.68333,57304
Cajamarca,-7.16378,-78.50027,201329
Belen,-3.76016,-73.2497,57824
Tarma,-11.41899,-75.68992,51350
Tacna,-18.01465,-70.25362,286240
Santiago de Surco,-12.13588,-77.00742,251648
San Isidro,-12.09655,-77.04258,68309
Puno,-15.84003,-70.02198,128637
Puerto Maldonado,-12.58946,-69.19948,85024
Pisco,-13.71029,-76.20538,61869
Moquegua,-17.19747,-70.93587,69882
Miraflores,-12.11331,-77.03274,187401
Lima,-12.04318,-77.02824,7737002
Juliaca,-15.5,-70.13333,245675
Villa Poeta José Gálvez Barrenechea,-12.21312,-76.90522,61000
Ilo,-17.63185,-71.34108,53476
Ica,-14.07538,-75.73422,282407
Huaral,-11.495,-77.20778,62174
Huancayo,-12.06866,-75.21027,456250
Huacho,-11.11718,-77.60584,54545
Cusco,-13.53188,-71.96701,428450
Chosica,-11.94306,-76.70944,88606
Chincha Alta,-13.40985,-76.13235,153076
Cerro de Pasco,-10.66577,-76.25309,58899
Callao,-12.05162,-77.13452,1226200
Ayacucho,-13.1638,-74.22345,140033
Arequipa,-16.39899,-71.53747,1195700
Abancay,-13.63426,-72.8838,72277
Santa Anita - Los Ficus,-12.05048,-76.97335,184614
San Martin,-5.18591,-80.66927,130000
San Francisco De Borja,-12.08911,-76.99876,105076
Ciudad Satelite,-16.43085,-71.52921,76410
Chilca,-12.08628,-75.20827,73371
San Fernando,-8.39818,-74.53774,67844
Jesus Maria,-12.06982,-77.04495,66171
Wanchaq,-13.52493,-71.96531,59134
Selva Alegre,-16.37057,-71.52724,72696
Santiago,-13.52728,-71.9843,64075
Breña,-12.05605,-77.05295,81909
San Miguel,-15.47798,-70.12498,60850
Port Moresby,-9.47723,147.15089,283733
Lae,-6.72333,146.99611,76255
Zaragoza,15.44903,120.79627,53090
Zamboanga,6.91028,122.07389,1018849
Virac,13.5848,124.2374,75135
Villasis,15.90167,120.58833,65086
Victorias,10.90154,123.0705,86510
Victoria,13.17722,121.27806,52215
Valenzuela,14.7,120.9667,725173
NIA Valencia,7.90639,125.09417,223620
Urdaneta,15.97611,120.57111,145935
Ualog,10.57396,123.3933,60548
Tupi,6.33444,124.95278,78599
Tunasan,14.37917,121.0525,61374
Tuguegarao,17.61577,121.72285,167297
Tubod,8.0555,123.7904,50395
Toledo,10.3773,123.6386,206692
Tinongan,10.215,123.03528,62146
Taytay,14.55883,121.13285,231460
Tayabas,14.0259,121.5929,115318
Tarlac City,15.48017,120.59794,401892
Tanza,14.6753,120.9389,105510
Tanjay,9.5162,123.158,84593
Tanay,14.4968,121.2846,59950
Tanauan,14.08627,121.14975,68456
Talisay,10.7375,122.9666,109204
Talisay,10.24472,123.84944,133148
Talavera,15.5883,120.9192,64610
Magugpo Poblacion,7.4475,125.8046,233254
Taguig,14.5243,121.0792,1308085
Tagbilaran City,9.65556,123.85219,86411
Tagaytay,14.09532,120.93355,87811
Tacurong,6.6925,124.67639,116945
Tacloban,11.24333,125.00472,259353
Tabuk,17.47378,121.46799,122771
Tabaco,13.35861,123.73361,57860
Surigao,9.789,125.495,87832
Surallah,6.37527,124.74521,91412
Sultan Kudarat,7.22889,124.25778,124965
Subic,14.8787,120.23194,67664
Sorsogon,12.97389,123.99333,187670
Solana,17.6528,121.691,71475
Sipalay,9.75194,122.40417,73847
Siocon,7.70611,122.13528,51239
Silang,14.21567,120.97137,119475
Sibonga,10.0168,123.6171,54610
Santo Tomas,14.1079,121.14136,57438
Santol,15.16222,120.5675,298976
Santiago,16.68808,121.5487,108414
Santa Rosa,14.31222,121.11139,216650
Santa Cruz,14.6,120.98333,126735
Santa Cruz,15.7654,119.9092,66647
Santa Cruz,14.2814,121.4161,108145
San Pedro,14.3595,121.0473,348968
San Pablo,14.0683,121.3256,300166
San Miguel,15.1423,120.97568,65661
San Mateo,14.6982,121.1236,134327
San Leonardo,15.363,120.9639,69180
San Juan,14.6,121.0333,134312
San Jose del Monte,14.81389,121.04528,357828
San Jose,12.35275,121.06761,143495
San Ildefonso,15.0809,120.941,65669
San Francisco,8.53556,125.95,79718
San Fernando,16.61591,120.31663,83003
San Fernando,15.03425,120.68445,251248
Sagay,10.94472,123.42417,72153
Sablayan,12.8346,120.769,91406
Roxas City,11.58528,122.75111,185236
Rosario,13.6323,121.2207,128352
Rosales,15.89444,120.63278,67510
Quezon City,14.6488,121.0509,3084270
Quezon,7.73028,125.09889,114521
Putatan,14.39861,121.05028,102146
Pulong Santa Cruz,14.27324,121.07643,126844
Pulilan,14.90167,120.84917,111384
Puerto Princesa,9.73917,118.73528,222673
Prosperidad,8.58,125.89639,90162
Port Area,14.58945,120.96698,72605
Polomolok,6.22167,125.06398,63987
Polangui,13.2923,123.4855,89176
Plaridel,14.88722,120.85722,120939
Patuto,14.11667,120.96667,52883
Pateros,14.5391,121.0726,63840
Pasay,14.53748,121.00144,416522
Paranaque City,14.48156,121.01749,703245
Paombong,14.83111,120.78917,58453
Paniqui,15.6689,120.5806,106190
Pandi,14.865,120.95722,162725
Panalanoy,11.25111,125.00639,189090
Panabo,7.30806,125.68417,211242
Pagbilao,13.96689,121.69835,82132
Pagadian,7.8257,123.437,206483
Paco,14.588,120.993,79839
Ozamiz City,8.1481,123.8405,93082
Oroquieta,8.4859,123.8048,71373
Ormoc,11.00639,124.6075,238545
Orion,14.62056,120.58167,63044
Olongapo,14.82917,120.28278,221178
Obando,14.7098,120.9362,59929
Oas,13.2593,123.4963,64890
Norzagaray,14.9109,121.0493,140697
Navotas,14.66667,120.95,249463
Nasugbu,14.06694,120.63181,62857
Naic,14.31812,120.76609,55195
Naga,13.61917,123.18139,174931
Naga,10.20898,123.758,138727
Muricay,7.8275,123.4782,132094
Muntinlupa,14.39028,121.0475,552225
Muñoz,15.71611,120.90306,85061
Rodriguez,14.76011,121.19993,134432
Monkayo,7.81528,126.05444,96405
Minglanilla,10.24498,123.7964,62058
Midsayap,7.19083,124.53028,117365
Meycauayan,14.73694,120.96083,228023
Mercedes,14.1093,123.0109,53702
Mauban,14.191,121.7309,70135
Mati,6.95508,126.21655,105908
Masinloc,15.5363,119.9502,56579
Mariveles,14.43385,120.48569,156200
Marilao,14.75778,120.94833,83276
Marikina City,14.6481,121.1133,471323
Mariano,8.83333,125.11667,70516
Marawi City,8.0034,124.28395,259993
Maramag,7.76333,125.00528,109864
Mantampay,8.16667,124.21667,265032
Mansilingan,10.63111,122.97889,454150
Manolo Fortich,8.36972,124.86444,118075
Manila,14.6042,120.9822,1600000
Mangaldan,16.07,120.4025,88818
Mandaue City,10.32361,123.92222,331320
Mandaluyong City,14.5832,121.0409,465902
Manaoag,16.0438,120.4861,59115
Maluñgun,6.27917,125.28167,52248
Malolos,14.8443,120.81039,269809
Malita,6.415,125.61167,118438
Malaybalay,8.1575,125.12778,61524
Malapatan,5.96917,125.28944,82577
Malabon,14.67333,120.93972,365525
Makati City,14.55027,121.03269,510383
Magsaysay,6.76667,125.18333,57936
Magalang,15.2151,120.6596,68988
Maco,7.36194,125.85528,87680
Mabalacat City,15.22303,120.57117,188050
Lupon,6.89814,126.00961,68717
Lucena,13.93139,121.61722,228758
Lubao,14.9405,120.6011,55645
Los Baños,14.17025,121.24181,117030
Lipa City,13.9411,121.1631,212287
Lingayen,16.02182,120.23194,56580
Limay,14.56194,120.59833,81960
Libon,13.2997,123.4386,68846
Libertad,8.94417,125.50194,250353
Legaspi,13.14125,123.74073,179481
La Trinidad,16.455,120.5875,142925
Las Piñas,14.45056,120.98278,615549
Lapu-Lapu City,10.31028,123.94944,497813
La Paz,15.44125,120.72863,71978
Laoag,18.1978,120.5957,112117
Lambayong,6.51944,125.04444,81288
La Carlota,10.4242,122.9212,67740
Koronadal,6.50306,124.84694,201844
Kidapawan,7.00833,125.08944,79652
Kawit,14.44426,120.90164,73210
Kalibo,11.7086,122.3648,93218
Kalamansig,6.55187,124.05111,52257
Kabankalan,9.9839,122.81423,210893
Jolo,6.05222,121.00222,101002
Itogon,16.36389,120.67694,59736
Isulan,6.62944,124.605,101455
City of Isabela,6.70407,121.97117,67336
Iriga City,13.4324,123.4115,115306
Indang,14.19528,120.87694,70092
Imus,14.42972,120.93667,481949
Impasugong,8.30972,125.00194,55901
Iloilo,10.69694,122.56444,473728
Iligan City,8.25,124.4,312323
Iligan,8.2289,124.24344,342618
Ilagan,17.14854,121.88924,164020
Himamaylan,10.09889,122.87056,117286
Hagonoy,14.83413,120.73271,123531
Guyong,14.8361,120.97844,155391
Guiguinto,14.83333,120.88333,118173
Gubat,12.92056,124.12306,61095
Gingoog,8.82778,125.09972,138895
General Trias,14.38694,120.88167,96022
General Santos,6.11278,125.17167,722059
Gapan,15.3072,120.9464,129610
Estancia,11.4551,123.152,54882
Escalante,10.84028,123.49917,97050
Enrique B. Magalona,10.87879,122.97707,64290
El Nido,11.18583,119.39556,51367
Dumaguete,9.30646,123.30769,113541
Don Carlos,7.68,125.005,73592
Dipolog,8.56697,123.33471,93549
Dinalupihan,14.87827,120.45221,66670
Dinaig,7.16985,124.20836,116768
Digos,6.74972,125.35722,116122
Davao,7.07306,125.61278,1848947
Dasmariñas,14.32944,120.93667,441876
Dapitan,8.6561,123.4227,87699
Danao,10.52083,124.02722,70270
Dagupan,16.04313,120.33325,171271
Daet,14.1122,122.9553,78142
Daanbantayan,11.24681,124.01462,95080
Cupang,14.43409,121.03619,57482
Cotabato,7.22361,124.24639,383383
Concepcion,15.32546,120.65723,178549
Cebu City,10.31672,123.89071,965332
Cavite City,14.48369,120.89878,115932
Catbalogan,11.77528,124.88611,107896
Catarman,12.4989,124.6377,97738
Carmona,14.3132,121.0576,112140
Cogan,10.59306,124.01778,60230
Cardona,14.48646,121.22752,51493
Capas,15.33117,120.5898,162724
Candelaria,13.93111,121.42333,137933
Calumpit,14.91639,120.76583,122187
Caloocan,14.64953,120.96788,1712945
Calbayog City,12.0668,124.5962,67921
Calauan,14.14989,121.3152,89670
Calauag,13.9575,122.288,68999
Calasiao,16.0111,120.36,100686
Calapan,13.4117,121.1803,66008
Calamba,14.21167,121.16528,575046
Calabanga,13.7068,123.2087,88918
Cainta,14.5786,121.1222,283172
Cagayan de Oro,8.48222,124.64722,741617
Cadiz,10.9465,123.288,129053
Cabuyao,14.2726,121.1262,308745
Cabanatuan City,15.48586,120.96648,343672
Butuan,8.94917,125.54361,309709
Bustos,14.95806,120.91778,80565
Burauen,10.97556,124.89278,54635
Bunawan,8.16722,125.99083,50999
Buluan,6.72028,124.80194,60931
Bulaon,15.08262,120.66288,131818
Bulacan,14.79278,120.87889,83101
Buenavista,8.97694,125.40889,70691
Budta,7.20417,124.43972,1273715
Brookes Point,8.77201,117.8371,76715
Borongan,11.60806,125.43194,71431
Bongabon,15.6321,121.1448,69376
Bocaue,14.79833,120.92611,98649
Bislig,8.21528,126.31639,99872
Binonga,10.7719,122.9817,83980
Binangonan,14.4646,121.1929,219204
Biñan,14.34267,121.08071,300000
Bayugan,8.75611,125.7675,110313
Bayawan,9.3649,122.804,126744
Bayambang,15.8127,120.4557,129506
Bauang,16.53083,120.33306,77670
Batangas,13.7567,121.0584,237370
Batac City,18.0554,120.56489,56781
Bantayan,11.1683,123.7223,87394
Bañga,6.42389,124.77833,58855
Banga,6.42381,124.77603,91536
Bambang,16.3865,121.1066,60146
Bamban,15.27386,120.56683,78260
Baliuag,14.95472,120.89694,135679
Balayan,13.93714,120.73224,50115
Balanga,14.67611,120.53611,72954
Balagtas,14.81667,120.86667,59826
Bais,9.59111,123.12278,88050
Baguio,16.41639,120.59306,272714
Bagong Barrio,14.66638,120.99322,77490
Bago City,10.53333,122.83333,192993
Bacoor,14.45896,120.93851,356974
Bacolod City,10.66667,122.95,454898
Arayat,15.1505,120.7697,87987
Aparri,18.3566,121.6406,68368
Apalit,14.95333,120.77,121057
Antipolo,14.62578,121.12251,913712
Angono,14.5266,121.1536,134975
Angeles City,15.15,120.58333,483452
Angat,14.9285,121.03,67862
Alicia,16.77936,121.69734,74699
Alabel,6.10179,125.29048,90120
Malingao,7.16083,124.475,1121974
Jose Rizal,8.87722,117.50415,59040
Commonwealth,14.6969,121.08006,215034
Bagong Silangan,14.706,121.108,106886
Pasig City,14.58691,121.0614,853050
Poblacion,14.3787,121.025,124554
Tabuk,17.4084,121.2785,122771
Banco Filipino Homes,14.43379,121.02231,92752
Bagong Silang,14.7783,121.04487,261729
Mandaluyong,14.57837,121.03522,425000
Sharifabad,33.4341,73.36276,55027
Rawalakot,33.85782,73.76043,50000
Pir Jo Goth,27.59178,68.61848,54266
Khairpur Mir’s,27.52948,68.75915,191044
Zhob,31.34082,69.4493,50537
Zahir Pir,28.81284,70.52341,76979
Yazman,29.12122,71.74459,60738
Wazirabad,32.44324,74.12,152624
Vihari,30.0445,72.3556,112840
Usta Muhammad,28.17723,68.04367,64632
Umarkot,25.36329,69.74184,144558
Ubauro,28.16429,69.73114,50981
Turbat,26.00122,63.04849,75694
Tordher,33.99047,72.2863,150000
Topi,34.07034,72.62147,74867
Toba Tek Singh,30.97127,72.48275,123102
Thul,28.2403,68.7755,88554
Taunsa,30.70358,70.65054,115704
Tando Muhammad Khan,25.12384,68.53677,114406
Tando Jam,25.42813,68.52923,71760
Tando Bago,24.78914,68.96535,426535
Tando Allahyar,25.4605,68.71745,421923
Tando Adam,25.76818,68.66196,174291
Talhar,24.88454,68.81437,200014
Talagang,32.92766,72.41594,79431
Swabi,34.12018,72.46982,97363
Sukkur,27.70323,68.85889,563851
Skardu,35.29787,75.63372,260000
Sinjhoro,26.03008,68.80867,354709
Sibi,29.54299,67.87726,64069
Sialkot,32.49268,74.53134,911817
Shujaabad,29.88092,71.29344,151115
Shorkot,31.91023,70.87757,67439
Shikarpur,27.95558,68.63823,204938
Shekhupura,31.71287,73.98556,591424
Shakargarh,32.26361,75.16008,126742
Shahkot,31.5709,73.48531,244868
Shahdadpur,25.92539,68.6228,113342
Shahdad Kot,27.84726,67.90679,120687
Shabqadar,34.21599,71.5548,102340
Sargodha,32.08586,72.67418,975886
Sarai Alamgir,32.90495,73.75518,73967
Sangla Hill,31.71667,73.38333,103709
Sanghar,26.04694,68.94917,62033
Sambrial,32.47835,74.35338,119571
Sakrand,26.13845,68.27444,72040
Sahiwal,31.97386,72.33109,538344
Sahiwal,30.66595,73.10186,538344
Saddiqabad,28.3091,70.12652,274210
Rohri,27.69203,68.89503,92135
Renala Khurd,30.87878,73.59857,100054
Rawalpindi,33.59733,73.0479,3357612
Ratodero,27.80227,68.28902,81935
Rajanpur,29.10408,70.32969,50682
Raja Jang,31.22078,74.25483,100000
Rahim Yar Khan,28.41987,70.30345,517000
Rabwah,31.75511,72.91403,70000
Quetta,30.18414,67.00141,1565546
Qubo Saeed Khan,27.87437,67.70886,99308
Kambar,27.58753,68.00066,77481
Qadirpur Ran,30.29184,71.67164,200000
Qabula,30.17784,73.0651,52495
Pir Mahal,30.76663,72.43455,52476
Pindi Gheb,33.24095,72.2648,63810
Pindi Bhattian,31.89844,73.27339,493222
Phalia,32.43104,73.579,62453
Peshawar,34.008,71.57849,4758762
Pattoki,31.02021,73.85333,113735
Pasrur,32.26286,74.66327,102717
Pano Aqil,27.85619,69.11111,102701
Pakpattan,30.34314,73.38944,126706
Paharpur,32.10502,70.97055,76027
Pabbi,34.00968,71.79445,52701
Okara,30.81029,73.45155,533693
New Mirpur City,33.14782,73.75187,124352
Nawabshah,26.23939,68.40369,363138
Narowal,32.10197,74.87303,130692
Nankana Sahib,31.4501,73.70653,130041
Muzaffargarh,30.07258,71.19379,235541
Muzaffarābād,34.37002,73.47082,725000
Muridke,31.80258,74.25772,254291
Multan,30.19679,71.47824,2169915
Moro,26.66317,68.00016,142685
Model Town,31.48104,74.32563,100000
Mithi,24.73701,69.79707,52376
Mirpur Mathelo,28.02136,69.54914,74651
Mirpur Khas,25.5276,69.01255,267833
Mingora,34.7795,72.36265,361112
Minchinabad,30.16356,73.56858,67164
Mianwali,32.57756,71.52847,129500
Mian Channun,30.44067,72.35679,140112
Matli,25.0429,68.65591,50398
Mardan,34.19794,72.04965,300424
Mansehra,34.33023,73.19679,66486
Manjhand,25.90827,68.23683,140766
Mandi Bahauddin,32.58704,73.49123,129733
Malir Cantonment,24.94343,67.20591,300000
Mailsi,29.80123,72.17398,125431
Lodhran,29.5339,71.63244,144512
Layyah,30.96128,70.93904,151274
Larkana,27.55898,68.21204,364033
Lalian,31.82462,72.80116,52542
Lala Musa,32.70138,73.95746,65197
Lahore,31.558,74.35071,13004135
Kunri,25.17874,69.56572,237063
Kunjah,32.52982,73.97486,90905
Kotri,25.36566,68.30831,106615
Kot Radha Kishan,31.17068,74.10126,102057
Kot Mumin,32.18843,73.02987,51021
Kot Malik Barkhurdar,30.20379,66.98723,69359
Kot Addu,30.46907,70.96699,104217
Kohat,33.58196,71.44929,151427
Khuzdar,27.81193,66.61096,218112
Khushāb,32.29667,72.3525,102793
Khurarianwala,31.49936,73.26763,96743
Khewra,32.6491,73.01059,80000
Kharian,32.81612,73.88697,103036
Khanpur,28.64739,70.65694,142426
Garhi Khairo,28.05717,67.97898,193297
Kasur,31.11866,74.45025,510875
Karachi,24.8608,67.0104,11624219
Kandhkot,28.24574,69.17974,99155
Kamoke,31.97526,74.22304,292023
Kamalia,30.72708,72.64607,166617
Kahror Pakka,29.6243,71.91437,69743
Kahna Nau,31.36709,74.36899,79301
Kabirwala,30.40472,71.86269,91932
Chak Jhumra,31.56808,73.18317,385169
Jhelum,32.93448,73.73102,190425
Jhang Sadr,31.26981,72.31687,606533
Jauharabad,32.29016,72.28182,113188
Jaranwala,31.3332,73.41868,150380
Jamrud,34.00152,71.38007,56642
Jampur,29.64235,70.59518,155243
Jalalpur Pirwala,29.5051,71.22202,500000
Jalalpur Jattan,32.64118,74.20561,146743
Jahanian,30.03928,71.8167,50318
Jahangira,33.96416,72.22097,57011
Jacobabad,28.28187,68.43761,219315
Islamabad,33.72148,73.04329,601600
Hyderabad,25.39689,68.37718,1921275
Hujra Shah Muqim,30.74168,73.82327,76462
Haveli Lakha,30.45097,73.69371,122389
Hasilpur,29.69221,72.54566,168146
Harunabad,29.61206,73.13802,149679
Haripur,33.99783,72.93493,56977
Hala,25.81459,68.42198,71094
Hafizabad,32.07095,73.68802,318621
Gwadar,25.12163,62.32541,70852
Gujrat,32.5742,74.07542,574240
Gujranwala,32.15567,74.18705,2511118
Gujar Khan,33.25411,73.30433,69374
Gojra,31.14926,72.68323,214000
Gilgit,35.91869,74.31245,216760
Ghotki,28.00437,69.31569,119879
Gambat,27.3517,68.5215,93884
Fort Abbas,29.19344,72.85525,83192
Fatehjang,33.56492,72.64281,81321
Faruka,31.88642,72.41362,60000
Faqirwali,29.46799,73.03489,61586
Faisalabad,31.41554,73.08969,3800193
Eminabad,32.04237,74.25996,150646
Dullewala,31.83439,71.43639,54277
Dokri,27.37421,68.09715,125000
Dipalpur,30.66984,73.65306,99858
Dinga,32.64101,73.72039,89922
Dijkot,31.21735,72.99621,96934
Digri,25.15657,69.11098,234578
Dera Ismail Khan,31.83129,70.9017,763195
Dera Ghazi Khan,30.04587,70.64029,494464
Daur,26.45528,68.31835,128958
Daska Kalan,32.32422,74.35039,126924
Darya Khan,31.78447,71.10197,68622
Dajal,29.55769,70.37614,200000
Dadu,26.73033,67.7769,201017
Chunian,30.96621,73.97908,634236
Chuhar Kana,31.75,73.8,69321
Chitral,35.8518,71.78636,57157
Chishtian,29.79713,72.85772,149939
Chiniot,31.72091,72.97836,318165
Chichawatni,30.5301,72.69155,112191
Charsadda,34.14822,71.7406,120170
Chaman,30.91769,66.45259,130139
Chakwal,32.93286,72.85394,101200
Burewala,30.16667,72.65,361664
Buni,36.27333,72.25929,50000
Bhawana,31.56884,72.64917,373841
Bhalwal,32.26576,72.89809,74744
Bhakkar,31.62685,71.06471,131658
Phool Nagar,31.2024,73.94857,114530
Bat Khela,34.6178,71.97247,73525
Battagram,34.67719,73.02329,700000
Basirpur,30.57759,73.83912,65541
Bannu,32.98527,70.60403,1357890
Bahawalpur,29.39779,71.6752,903795
Bahawalnagar,29.99835,73.25272,241873
Badin,24.656,68.837,117455
Attock City,33.76671,72.35977,141945
Arifwala,30.29058,73.06574,854462
Ahmadpur East,29.14269,71.25771,196718
Abbottabad,34.1463,73.21168,275890
Bahawalnagar,30.55083,73.39083,241873
Dera Murad Jamali,28.54657,68.22308,106952
Dhirkot,34.03917,73.57694,195000
Nowshera Kalan,34.0191,71.97445,88003
Daharki,28.05361,69.70249,90177
Arif Wala,26.32478,66.29587,157063
Alahabad,30.87696,74.05524,80084
Wah Cantt,33.77094,72.75116,400733
Hub,25.02555,66.88534,195661
Żoliborz,52.26896,20.98644,50934
Zamość,50.72314,23.25196,66034
Wola,52.23477,20.96004,140958
Wawer,52.19656,21.17752,77205
Warsaw,52.22977,21.01178,1702139
Tomaszów Mazowiecki,51.53131,20.00855,67197
Tarnów,50.01381,20.98698,117799
Tarnobrzeg,50.57304,21.67937,50459
Targówek,52.29185,21.04845,124279
Suwałki,54.11175,22.93087,69222
Starachowice,51.0374,21.07126,53739
Stalowa Wola,50.58286,22.05334,66495
Śródmieście,52.22904,21.01644,99950
Siedlce,52.16772,22.29006,77185
Rzeszów,50.04132,21.99901,198317
Radom,51.40253,21.14714,226794
Przemyśl,49.78498,22.76728,67013
Pruszków,52.17072,20.81214,55371
Ostrowiec Świętokrzyski,50.92936,21.38525,73989
Ostrołęka,53.08621,21.57566,53740
Olsztyn,53.78376,20.49272,169793
Ochota,52.22096,20.98526,82774
Nowy Sącz,49.62177,20.69705,84376
Mokotów,52.1934,21.03487,217683
Mielec,50.28709,21.4239,59509
Lublin,51.25058,22.57009,336339
Łomża,53.17806,22.05935,62019
Legionowo,52.40149,20.92664,50786
Kielce,50.87033,20.62752,192468
Ełk,53.82824,22.36469,55769
Chełm,51.14312,23.4716,60231
Bielany,52.29242,20.93531,131910
Białystok,53.13333,23.16433,295683
Białołeka,52.32127,20.97204,129106
Biała Podlaska,52.03238,23.11652,57541
Bemowo,52.2546,20.90844,123932
Żory,50.04523,18.70062,63174
Zielona Góra,51.93548,15.50643,118433
Zgierz,51.85561,19.40623,58036
Zawiercie,50.48766,19.41679,53159
Zabrze,50.32492,18.78576,192177
Wrzeszcz,54.37648,18.60753,65000
Wrocław,51.10286,17.03006,672545
Włocławek,52.64817,19.0678,120339
Wałbrzych,50.77141,16.28432,127431
Tychy,50.13717,18.96641,130000
Toruń,53.01375,18.59814,196935
Tczew,54.09242,18.77787,60133
Tarnowskie Góry,50.44548,18.86147,60938
Szczecin,53.42894,14.55302,395513
Świętochłowice,50.29636,18.91726,55600
Świdnica,50.84378,16.48859,60351
Stargard,53.33672,15.0499,71224
Sosnowiec,50.28682,19.10385,227295
Słupsk,54.46405,17.02872,98608
Siemianowice Śląskie,50.32738,19.02901,73121
Rybnik,50.09713,18.54179,142510
Ruda Śląska,50.2584,18.85632,146189
Racibórz,50.09195,18.21928,58464
Poznań,52.40692,16.92993,536151
Płock,52.54682,19.70638,127474
Piotrków Trybunalski,51.40547,19.70321,80128
Piła,53.15145,16.73782,75532
Piekary Śląskie,50.38017,18.92653,59757
Pabianice,51.66446,19.35473,70542
Ostrów Wielkopolski,51.65501,17.80686,72898
Opole,50.67119,17.92604,127676
Mysłowice,50.20745,19.16668,72124
Lubin,51.40089,16.20149,77532
Łódź,51.77058,19.47395,639890
Leszno,51.84034,16.57494,63565
Legnica,51.21006,16.1619,106033
Kraków,50.06143,19.93658,816614
Koszalin,54.19438,16.17222,107450
Konin,52.22338,18.25121,81258
Kędzierzyn-Koźle,50.34984,18.22606,65636
Katowice,50.2597,19.02173,286960
Kalisz,51.76109,18.09102,108759
Jelenia Góra,50.89973,15.72899,77366
Jaworzno,50.20528,19.27498,96541
Jastrzębie Zdrój,49.95542,18.57479,95813
Inowrocław,52.79886,18.26387,77597
Grudziądz,53.48411,18.75366,92552
Gorzów Wielkopolski,52.73371,15.22505,114567
Gniezno,52.53481,17.58259,70269
Głogów,51.66361,16.0845,65400
Gliwice,50.29761,18.67658,198835
Gdynia,54.51889,18.53188,257000
Gdańsk,54.35227,18.64912,487371
Fordon,53.14821,18.17036,70000
Elbląg,54.1522,19.40884,127558
Dąbrowa Górnicza,50.33394,19.20479,116971
Częstochowa,50.79646,19.12409,248125
Chorzów,50.30582,18.9742,113430
Bytom,50.34802,18.93282,189186
Bydgoszcz,53.1235,18.00762,330038
Bielsko-Biala,49.82245,19.04686,176515
Bełchatów,51.36883,19.35671,62896
Będzin,50.32607,19.12565,58236
Ursynów,52.15051,21.05041,149775
Praga Północ,52.25443,21.03472,93192
Praga Południe,52.24424,21.08545,179836
Śródmieście,51.11316,17.08145,99088
Psie Pole,51.14595,17.03519,95615
Arecibo,18.47245,-66.71573,87754
Bayamón,18.39856,-66.15572,203499
Caguas,18.23412,-66.0485,86804
Carolina,18.38078,-65.95739,170404
Guaynabo,18.35745,-66.111,81360
Mayagüez,18.20107,-67.13962,73077
Ponce,18.01031,-66.62398,137491
San Juan,18.46633,-66.10572,418140
Trujillo Alto,18.35467,-66.00739,75243
Rafaḩ,31.29722,34.24357,126305
Khān Yūnis,31.34018,34.30627,173183
Jabālyā,31.5272,34.48347,168568
Gaza,31.50161,34.46672,410000
Dayr al Balaḩ,31.41834,34.34933,59504
Bayt Lāhyā,31.5464,34.49514,56919
Nablus,32.22111,35.25444,130326
Battir,31.7,35.11667,56746
Hebron,31.52935,35.0938,160470
East Jerusalem,31.78336,35.23388,428304
Setúbal,38.5244,-8.8882,118166
Rio de Mouro,38.76613,-9.32804,54695
Queluz,38.75657,-9.25451,103399
Odivelas,38.79269,-9.1838,54624
Monsanto,39.46203,-8.7118,50000
Loures,38.83091,-9.16845,66231
Lisbon,38.72509,-9.1498,517802
Leiria,39.74362,-8.80705,128640
Funchal,32.66568,-16.92547,105795
Faro,37.01869,-7.92716,70347
Évora,38.56587,-7.90405,53591
Corroios,38.64004,-9.1508,52520
Cacém,38.76698,-9.29793,93982
Barreiro,38.66314,-9.0724,51280
Amora,38.62961,-9.11557,52577
Amadora,38.75382,-9.23083,178858
Algueirão,38.79764,-9.3437,66250
Viseu,40.66165,-7.90905,103502
Vila Nova de Gaia,41.12401,-8.61241,70811
Porto,41.1485,-8.61097,252687
Felgueiras,41.36806,-8.19396,58065
Coimbra,40.20686,-8.41996,140796
Braga,41.5514,-8.42311,193324
Aveiro,40.64575,-8.64643,80880
Villa Hayes,-25.093,-57.52725,57217
Villa Elisa,-25.3676,-57.59274,64099
San Lorenzo,-25.33968,-57.50879,227876
San Antonio,-25.42126,-57.54725,55754
Presidente Franco,-25.56384,-54.61097,54292
Pedro Juan Caballero,-22.54925,-55.7387,75109
Nemby,-25.3949,-57.53574,94641
Limpio,-25.16611,-57.48562,96143
Lambaré,-25.34682,-57.60647,126377
Itauguá,-25.39258,-57.35421,64997
Fernando de la Mora,-25.3386,-57.52167,120167
Encarnación,-27.33176,-55.86662,74983
Coronel Oviedo,-25.44613,-56.43928,51286
Mariano Roque Alonso,-25.20791,-57.53202,72008
Ciudad del Este,-25.5036,-54.65067,301815
Capiatá,-25.3552,-57.44545,198553
Caaguazú,-25.47104,-56.01603,54808
Caacupé,-25.38575,-57.14217,56864
Asunción,-25.28646,-57.647,1482200
Az̧ Z̧a‘āyin,25.57744,51.48306,54339
Ar Rayyān,25.29194,51.42444,272465
Doha,25.28545,51.53096,344939
Al Manşūrah,25.26807,51.53219,65493
Al Maţār al ‘Atīq,25.25138,51.55569,76774
Lusail,25.4175,51.5075,198600
Saint-Pierre,-21.3393,55.47811,84077
Saint-Paul,-21.00961,55.27134,105240
Saint-Louis,-21.28585,55.41124,53935
Saint-Denis,-20.88231,55.4504,154765
Saint-André,-20.96333,55.65031,57150
Le Tampon,-21.2766,55.51766,81943
Zalău,47.2,23.05,52359
Vaslui,46.63333,27.73333,63035
Tulcea,45.1787,28.80501,65624
Târgu Mureş,46.54245,24.55747,212752
Târgu Jiu,45.05,23.28333,73545
Târgovişte,44.92543,25.4567,66965
Timişoara,45.75372,21.22571,250849
Suceava,47.63333,26.25,84308
Slatina,44.43333,24.36667,63487
Sibiu,45.8,24.15,134309
Sfântu Gheorghe,45.86667,25.78333,50080
Satu Mare,47.79926,22.86255,112490
Roman,46.92119,26.92646,67819
Râmnicu Vâlcea,45.1,24.36667,93151
Reşiţa,45.30083,21.88917,81228
Ploieşti,44.95,26.01667,180540
Piteşti,44.85,24.86667,141275
Piatra Neamţ,46.91667,26.33333,102688
Oradea,47.0458,21.91833,183105
Mediaş,46.16667,24.35,53040
Iaşi,47.16667,27.6,378954
Hunedoara,45.75,22.9,69136
Giurgiu,43.88664,25.9627,54551
Galaţi,45.43687,28.05028,217851
Focșani,45.7,27.18333,66648
Drobeta-Turnu Severin,44.62693,22.65288,79865
Deva,45.88333,22.9,67802
Craiova,44.31667,23.8,234140
Constanţa,44.18073,28.63432,317832
Cluj-Napoca,46.76667,23.6,286598
Buzău,45.15,26.83333,103481
Bucharest,44.43225,26.10626,1877155
Braşov,45.64861,25.60613,253200
Brăila,45.27152,27.97429,154686
Botoşani,47.75,26.66667,90010
Bistriţa,47.13316,24.50011,78877
Bârlad,46.23175,27.66907,67818
Baia Mare,47.65729,23.56808,108759
Bacău,46.56718,26.91384,136087
Arad,46.18333,21.31667,169065
Alba Iulia,46.06667,23.58333,64227
Sector 1,44.49239,26.04831,225453
Sector 2,44.4528,26.13321,290507
Sector 3,44.4234,26.16874,385439
Sector 4,44.37571,26.12085,287828
Sector 5,44.38808,26.07144,271575
Sector 6,44.43579,26.01649,367760
Zrenjanin,45.38361,20.38194,79773
Zemun,44.8458,20.40116,155591
Vranje,42.55139,21.90028,56199
Smederevo,44.66436,20.92763,62000
Pančevo,44.87177,20.64167,76654
Novi Pazar,43.13667,20.51222,85996
Novi Beograd,44.80556,20.42417,209763
Niš,43.32472,21.90333,250000
Leskovac,42.99806,21.94611,94758
Kruševac,43.58,21.33389,75256
Kraljevo,43.72583,20.68944,82846
Kragujevac,44.01667,20.91667,147473
Čačak,43.89139,20.34972,117072
Belgrade,44.80401,20.46513,1273651
Valjevo,44.27513,19.89821,61035
Užice,43.85861,19.84878,63577
Subotica,46.1,19.66667,100000
Šabac,44.74667,19.69,55114
Novi Sad,45.25167,19.83694,215400
Sosnovka,60.01667,30.35,66227
Zyuzino,55.65608,37.56846,121000
Zyablikovo,55.61667,37.76667,129000
Zlatoust,55.17182,59.65471,191366
Zhulebino,55.7,37.85,150000
Zhukovsky,55.59528,38.12028,97200
Zhigulëvsk,53.40332,49.51055,57094
Zheleznogorsk,52.34198,35.35917,97900
Zheleznodorozhnyy,55.744,38.01684,141648
Zelenograd,55.9825,37.18139,215727
Zelenodolsk,55.84376,48.51784,99600
Zarechnyy,53.20356,45.19227,63579
Zamoskvorech’ye,55.73333,37.63333,55000
Yoshkar-Ola,56.63877,47.89078,268272
Yeysk,46.69263,38.27907,87814
Yessentuki,44.04826,42.85638,81015
Yelets,52.61435,38.50935,115688
Yelabuga,55.76232,52.04425,72643
Yegor’yevsk,55.37952,39.04122,85200
Yasenevo,55.60686,37.51991,180000
Yartsevo,55.06491,32.69693,52706
Yaroslavl,57.62987,39.87368,608722
Vyshniy Volochëk,57.5888,34.56854,53800
Vyksa,55.32058,42.17402,61664
Vykhino-Zhulebino,55.70196,37.81178,216000
Vyborg,60.70763,28.75283,78633
Vyaz’ma,55.20997,34.29695,55500
Votkinsk,57.04867,53.9872,98633
Voskresensk,55.313,38.691,77086
Voronezh,51.66833,39.19204,1047549
Altuf’yevskiy,55.88333,37.58333,54000
Volzhsky,48.78583,44.77973,323293
Volzhsk,55.86661,48.35931,58000
Vol’sk,52.04172,47.38267,70500
Vologda,59.2239,39.88398,312420
Nagornyy,55.65,37.61667,76000
Volgograd,48.71378,44.4976,1013533
Volgodonsk,47.51141,42.15269,167731
Novovladykino,55.85,37.58333,50000
Vladimir,56.13854,40.39976,357024
Vladikavkaz,43.04101,44.66986,306258
Vidnoye,55.5523,37.70885,51721
Veshnyaki,55.72393,37.81952,122000
Velikiye Luki,56.34063,30.54377,103149
Vatutino,55.88441,37.69055,50000
Vagonoremont,55.9,37.55,50000
Uzlovaya,53.9839,38.15984,58458
Uritsk,59.83889,30.17528,55037
Ulyanovsk,54.32824,48.38657,626540
Ukhta,63.56904,53.69141,102187
Ufa,54.74306,55.96779,1120547
Tver,56.85836,35.90057,420065
Tuymazy,54.60638,53.71179,68829
Tula,54.19609,37.61822,482873
Tuapse,44.10083,39.08326,64234
Troparëvo,55.65625,37.48496,118000
Tolyatti,53.5303,49.3461,702879
Timashyovsk,45.61694,38.94528,53940
Tikhvin,59.63924,33.52555,62075
Tikhoretsk,45.85307,40.11874,64387
Tyoply Stan,55.62047,37.49338,125000
Tekstil’shchiki,55.70033,37.74271,100000
Tambov,52.73632,41.44102,293661
Taganrog,47.23627,38.9053,279056
Taganskiy,55.73333,37.66667,116000
Syzran,53.1585,48.4681,189338
Syktyvkar,61.66393,50.8163,245083
Sviblovo,55.85,37.63333,60000
Stupino,54.89735,38.06796,60999
Strogino,55.81838,37.41224,152000
Sterlitamak,53.63793,55.9533,267231
Stavropol,45.03442,41.9642,433931
Staryy Oskol,51.3025,37.84613,226977
Sosnovyy Bor,59.8996,29.08574,68563
Solntsevo,55.63711,37.38115,120000
Solnechnogorsk,56.17527,36.97082,58891
Solikamsk,59.66686,56.74267,100812
Sokol’niki,55.80202,37.67159,57000
Sokol,55.8,37.51667,57000
Sochi,43.59699,39.72477,327608
Smolensk,54.77826,32.05088,330025
Slavyansk-na-Kubani,45.25145,38.12129,65196
Sibay,52.71793,58.66667,61590
Shuya,56.84864,41.3869,60705
Mikhaylovsk,45.13097,42.02703,59198
Shchukino,55.8,37.45,102000
Shchyolkovo,55.92497,37.97218,113000
Shchëkino,54.00734,37.50647,60700
Shakhty,47.71916,40.21603,221312
Severomorsk,69.06936,33.40807,53921
Severodvinsk,64.55825,39.82971,194292
Severnyy,55.93583,37.54889,200000
Serpukhov,54.9198,37.41618,128158
Sergiyev Posad,56.31204,38.13869,109252
Semënovskoye,55.68333,37.55,50000
Sarov,54.94802,43.31521,88000
Saratov,51.54048,45.9901,844858
Sarapul,56.47633,53.79782,98830
Saransk,54.18485,45.17166,318841
Saint Petersburg,59.93863,30.31413,5351935
Samara,53.20767,50.13553,1163399
Sal’sk,46.47494,41.54159,61000
Salavat,53.3828,55.91094,159893
Rzhev,56.26289,34.3289,62246
Rybinsk,58.04562,38.83811,216724
Rybatskoye,59.8393,30.49873,55076
Ryazan’,54.62696,39.70415,538962
Rostov-on-Don,47.21997,39.70769,1130305
Rossosh’,51.1209,38.5116,64323
Rossosh’,50.19645,39.56631,62000
Roslavl’,53.95387,32.86409,56971
Revda,56.80239,59.93774,61785
Reutov,55.76273,37.86303,78370
Ramenskoye,55.56341,38.24152,96000
Ramenki,55.7,37.5,130000
Pyatigorsk,44.05,43.05036,142865
Pushkino,55.99456,37.82897,102816
Pushkin,59.71417,30.39642,92889
Pskov,57.81922,28.33181,210501
Prokhladnyy,43.75741,44.0297,60800
Kotlovka,55.65928,37.60404,64000
Pokrovskoye-Streshnëvo,55.80797,37.45814,55000
Podolsk,55.42419,37.55472,179400
Ryazanskiy,55.73333,37.76667,101000
Petrozavodsk,61.78491,34.34691,279190
Petrodvorets,59.89565,29.80145,61973
Peterhof,59.88333,29.9,73199
Pervouralsk,56.90528,59.94361,133600
Perm,58.01046,56.25017,982419
Novo-Peredelkino,55.64528,37.33583,115536
Penza,53.19568,45.01075,523553
Pavlovskiy Posad,55.78187,38.65025,60051
Ozerki,60.03947,30.31128,95000
Otradnyy,53.37596,51.3452,50127
Ostankinskiy,55.82957,37.61604,60000
Orsk,51.23206,58.48802,246836
Orenburg,51.76712,55.09883,564773
Orël,52.96879,36.0791,303696
Orekhovo-Zuyevo,55.81242,38.99155,120000
Orekhovo-Borisovo Severnoye,55.61667,37.68333,128000
Sunzha,43.32059,45.04903,71841
Oktyabrsky,54.48147,53.47103,108200
Odintsovo,55.66977,37.27716,137041
Ochakovo-Matveyevskoye,55.68432,37.44654,114000
Obninsk,55.10993,36.61238,107392
Novyye Kuz’minki,55.7,37.75,143000
Novyye Cherëmushki,55.7,37.58333,101000
Novotroitsk,51.20099,58.31318,106186
Novoshakhtinsk,47.76037,39.93335,99478
Novorossiysk,44.73188,37.76176,241856
Novomoskovsk,54.01098,38.29084,130982
Novokuz’minki,55.71667,37.78333,50000
Novokuybyshevsk,53.09709,49.94001,111800
Novokhovrino,55.86667,37.5,50000
Novogireyevo,55.75455,37.81834,95000
Novocherkassk,47.4222,40.09373,166974
Novocheboksarsk,56.11095,47.47755,128468
Velikiy Novgorod,58.52131,31.27104,222868
Noginsk,55.86486,38.44853,115979
Nizhny Tagil,57.91944,59.965,381116
Nizhniy Novgorod,56.32867,44.00205,1259013
Nizhnekamsk,55.63794,51.81502,234297
Nikol’skoye,55.68333,37.48333,50000
Nevinnomyssk,44.6333,41.9444,134345
Neftekamsk,56.08879,54.26383,126805
Nazran,43.22597,44.77323,164131
Naro-Fominsk,55.38752,36.73307,72632
Nalchik,43.49806,43.61889,239300
Naberezhnyye Chelny,55.73718,52.41961,509870
Mytishchi,55.91099,37.72964,160542
Murom,55.56853,42.02388,126931
Murmansk,68.96778,33.09922,295374
Moscow,55.75204,37.61781,10381222
Mineralnye Vody,44.21028,43.13528,76280
Mikhaylovka,50.06187,43.23335,58898
Michurinsk,52.90761,40.4823,93499
Meleuz,52.96467,55.93277,65362
Maykop,44.60789,40.10242,141970
Mar’ino,55.65,37.71667,243000
Yaroslavskiy,55.88333,37.71667,91000
Makhachkala,42.97782,47.50027,596356
Magnitogorsk,53.39808,59.0066,413351
Lyublino,55.67738,37.76005,172000
Lyubertsy,55.67719,37.89322,154650
Lytkarino,55.57653,37.91245,50619
Lys’va,58.10737,57.81063,68660
Lobnya,56.02714,37.46793,61772
Liski,50.9824,39.50403,55939
Lipetsk,52.5876,39.55151,509735
Likhobory,55.85,37.56667,50000
Lianozovo,55.89783,37.5868,86000
Komendantsky aerodrom,60.00448,30.27523,84052
Leninogorsk,54.5971,52.45124,66263
Tsaritsyno,55.6254,37.65032,123000
Lefortovo,55.76667,37.7,91000
Labinsk,44.63604,40.7357,61945
Kuznetsk,53.11675,46.60037,90480
Kuz’minki,55.7,37.8,143000
Kursk,51.72689,36.18457,448733
Kupchino,59.859,30.388,54198
Kuntsevo,55.74216,37.40225,147497
Kungur,57.41435,56.97157,66389
Kumertau,52.76493,55.78785,65321
Kstovo,56.1475,44.19865,67242
Krymsk,44.92625,37.99025,57555
Kropotkin,45.43722,40.5704,79599
Biryulëvo Zapadnoye,55.58726,37.64579,89000
Krasnokamsk,58.0787,55.75622,52689
Krasnogorsk,55.81904,37.32984,92932
Krasnodar,45.04534,38.98178,899541
Presnenskiy,55.75894,37.55816,122000
Kozhukhovo,55.70601,37.67563,50000
Kozeyevo,55.86667,37.61667,50000
Kovrov,56.35752,41.31893,154224
Kotlas,61.25663,46.6537,59180
Kostroma,57.76638,40.92828,277280
Kolpino,59.75069,30.58856,138979
Kolomna,55.07108,38.78399,147690
Klintsy,52.76033,32.23905,66336
Klin,56.33169,36.7292,80778
Klimovsk,55.36352,37.52984,55206
Kizlyar,43.84686,46.70977,50564
Kislovodsk,43.91333,42.72083,132771
Kirovo-Chepetsk,58.55091,50.031,90252
Kirov,58.59809,49.65783,507155
Kirishi,59.47417,32.04007,56190
Kingisepp,59.37627,28.61409,50566
Kineshma,57.43665,42.12766,92983
Kimry,56.87456,37.35957,52070
Khoroshëvo-Mnevniki,55.78363,37.47137,159000
Khimki,55.9001,37.42848,239967
Khasavyurt,43.24872,46.58571,126829
Kazan,55.78874,49.12214,1243500
Kaspiysk,42.88165,47.63919,81752
Kamyshin,50.0885,45.41277,128626
Kamensk-Shakhtinsky,48.31779,40.25948,75814
Kaluga,54.53063,36.27,340851
Korolev,55.91417,37.82556,139798
Kaliningrad,54.70639,20.51102,475056
Izmaylovo,55.7966,37.78242,104000
Izhevsk,56.85225,53.19862,648213
Ivanteyevka,55.97111,37.92083,51085
Ivanovskoye,55.76667,37.83333,128000
Ivanovo,56.99988,40.97257,406113
Ishimbay,53.44769,56.03873,70421
Gus’-Khrustal’nyy,55.61171,40.65023,62746
Gukovo,48.05133,39.93048,66079
Gubkin,51.28375,37.5351,87000
Grozny,43.31195,45.68895,297137
Grazhdanka,60.017,30.417,71128
Gol’yanovo,55.82299,37.81306,158000
Glazov,58.14,52.65619,100676
Georgiyevsk,44.1494,43.47019,72649
Gelendzhik,44.58014,38.06646,50715
Gatchina,59.57639,30.12833,89761
Fryazino,55.96131,38.04643,52255
Fryazevo,55.73321,38.46458,53212
Fili,55.74543,37.48837,80000
Ezhva,61.81281,50.72834,56000
Engels,51.48389,46.10528,196011
Elista,46.30794,44.25537,106971
Elektrostal’,55.78647,38.45713,144387
Dzerzhinsk,56.24422,43.45543,233126
Dubna,56.74049,37.18648,60604
Dorogomilovo,55.7418,37.54706,68000
Donetsk,48.33711,39.95229,50850
Domodedovo,55.44223,37.75372,53887
Dolgoprudnyy,55.94958,37.50183,68259
Dmitrov,56.34485,37.52041,61607
Dimitrovgrad,54.21386,49.61838,132226
Derbent,42.06622,48.28759,105965
Dachnoye,59.84167,30.25583,72822
Chusovoy,58.28915,57.81261,50205
Chistopol’,55.36612,50.64399,62200
Cherkessk,44.22375,42.04624,122395
Cherepovets,59.13333,37.9,315738
Cherëmushki,55.66473,37.56135,106587
Chekhov,55.14552,37.46193,75643
Cheboksary,56.13218,47.246,492331
Chaykovskiy,56.76323,54.11256,86712
Chapayevsk,52.9771,49.7086,70147
Buzuluk,52.77825,52.25854,87714
Buynaksk,42.81802,47.12684,62689
Buguruslan,53.6554,52.442,53511
Bugulma,54.5378,52.7985,91900
Budyonnovsk,44.78389,44.16583,67962
Bryansk,53.27096,34.32143,427236
Brateyevo,55.63755,37.76438,102000
Borovichi,58.39418,33.91864,56571
Borisoglebsk,51.36892,42.09804,68597
Bor,56.35944,44.07304,60647
Bogorodskoye,55.81396,37.72117,103000
Biryulëvo,55.58635,37.67781,144000
Bibirevo,55.88333,37.6,159000
Berezniki,59.4091,56.8204,167748
Beloretsk,53.96206,58.39996,70468
Belorechensk,44.77002,39.87246,54526
Belgorod,50.60343,36.58091,345289
Belebey,54.10774,54.11741,62582
Bataysk,47.13746,39.75713,109962
Balashov,51.55103,43.17069,98107
Balashikha,55.79479,37.94794,150103
Balakovo,52.02639,47.79671,199572
Novaya Balakhna,56.48989,43.60114,63083
Babushkin,55.86931,37.72966,86000
Azov,47.1069,39.41486,82133
Astrakhan,46.34968,48.04076,533925
Arzamas,55.39563,43.8381,109479
Armavir,44.99849,41.11472,199548
Arkhangel’sk,64.5461,40.55183,349742
Apatity,67.58267,33.41339,61186
Anapa,44.89497,37.31623,53600
Al’met’yevsk,54.90395,52.31793,140437
Aleksin,54.50484,37.06697,66885
Alekseyevka,55.63,37.8,78000
Aleksandrov,56.39733,38.71404,64088
Levoberezhnyy,55.86477,37.47342,52000
Adler,43.42896,39.92391,70200
Pavlovo,55.9686,43.0912,63338
Zarechnyy,53.13333,46.58333,62139
Zarinsk,53.70821,84.94307,52209
Yurga,55.72306,84.88611,84220
Yekaterinburg,56.85733,60.61529,1495066
Vorkuta,67.50867,64.0667,80039
Verkhnyaya Pyshma,56.97047,60.58219,59061
Zelenogorsk,56.10921,94.58698,71354
Tyumen,57.15222,65.52722,768358
Troitsk,54.09224,61.56756,82338
Tomsk,56.50049,84.98216,574002
Tobolsk,58.19807,68.25457,113800
Talnakh,69.4865,88.3972,59051
Surgut,61.25757,73.41775,300367
Shadrinsk,56.08616,63.63816,79479
Serov,59.59737,60.58608,98438
Rubtsovsk,51.51473,81.20613,161065
Prokop’yevsk,53.91518,86.71891,219000
Polevskoy,56.44222,60.18778,65770
Omsk,54.99244,73.36859,1172070
Nyagan,62.14056,65.39361,52137
Noyabrsk,63.19309,75.43728,110000
Novyy Urengoy,66.08333,76.63333,94212
Novosibirsk,55.02259,82.93175,1612833
Novokuznetsk,53.75752,87.13599,539616
Novoaltaysk,53.41426,83.94108,61050
Norilsk,69.3535,88.2027,140800
Nizhnevartovsk,60.9344,76.5531,244937
Nefteyugansk,61.09979,72.60349,112632
Nazarovo,56.01138,90.41656,55252
Minusinsk,53.70117,91.70797,72781
Miass,55.04552,60.10756,167500
Mezhdurechensk,53.68993,88.06221,101026
Lesosibirsk,58.23544,92.48351,65945
Leninsk-Kuznetsky,54.6567,86.1737,109023
Kyzyl,51.71108,94.43776,116983
Kurgan,55.44905,65.34344,309285
Krasnoyarsk,56.03742,92.93136,1090811
Krasnoturinsk,59.7666,60.2086,62600
Kopeysk,55.11686,61.61807,70780
Kiselëvsk,53.99,86.6621,104000
Khanty-Mansiysk,61.00187,69.02728,101466
Kemerovo,55.35417,86.10435,558973
Kansk,56.20218,95.71848,101502
Kamensk-Ural’skiy,56.40626,61.93347,182500
Iskitim,54.64261,83.30353,61827
Ishim,56.11254,69.48722,67762
Gorno-Altaysk,51.96056,85.91892,63214
Chernogorsk,53.82878,91.30953,71582
Chelyabinsk,55.1611,61.42877,1202371
Biysk,52.53423,85.19661,215430
Berëzovskiy,55.66951,86.27485,55000
Berdsk,54.75352,83.09624,90250
Belovo,54.42119,86.29907,75764
Barnaul,53.36199,83.72786,632372
Asbest,57.00816,61.46344,74583
Anzhero-Sudzhensk,56.07568,86.02434,82526
Akademgorodok,54.8523,83.106,50000
Achinsk,56.26792,90.50145,117634
Abakan,53.7154,91.42593,184168
Snezhinsk,56.07834,60.74785,50086
Ozersk,55.75556,60.70278,81023
Zheleznogorsk,56.25109,93.53142,93834
Novoural’sk,57.25483,60.09052,93849
Seversk,56.60056,84.88639,109844
Yakutsk,62.03114,129.72288,235600
Vladivostok,43.10562,131.87353,604901
Ust’-Ilimsk,58.00056,102.66194,100271
Ussuriysk,43.80467,131.95734,157068
Usol’ye-Sibirskoye,52.75194,103.64528,85900
Ulan-Ude,51.82648,107.59979,360278
Tulun,54.56759,100.57659,51330
Svobodnyy,51.37498,128.1401,61017
Neryungri,56.65836,124.72499,66320
Nakhodka,42.8436,132.91831,146920
Krasnokamensk,50.09284,118.03224,54316
Komsomolsk-on-Amur,50.55034,137.00995,275908
Khabarovsk,48.46204,135.0971,618150
Irkutsk,52.29566,104.29076,623869
Chita,52.04311,113.49171,349005
Cheremkhovo,53.14745,103.08192,57395
Blagoveshchensk,50.27593,127.52637,225091
Birobidzhan,48.793,132.92033,73623
Belogorsk,50.91239,128.51238,67911
Artëm,43.35757,132.19137,102300
Arsen’yev,44.15695,133.27331,58700
Angarsk,52.55968,103.91413,243158
Bratsk,56.1325,101.61417,256600
Yuzhno-Sakhalinsk,46.9543,142.73559,198973
Petropavlovsk-Kamchatsky,53.06393,158.62751,181216
Magadan,59.56274,150.80211,92782
Chertanovo Yuzhnoye,55.59072,37.59519,142000
Orekhovo-Borisovo,55.61252,37.72639,144000
Metrogorodok,55.80961,37.78739,50000
Kogalym,62.26537,74.47906,57800
Lesnoy,57.6198,63.0784,55100
Krasnaya Glinka,53.7383,52.9392,85566
Kurortnyy,60.16562,29.908,70589
Chernaya Rechka,59.98594,30.30338,56429
Untolovo,60.0122,30.20897,50000
Petrogradka,59.96567,30.31154,130455
Vasyl'evsky Ostrov,59.94091,30.25377,203058
Parnas,60.06964,30.3487,66693
Kalininskiy,59.99675,30.3899,504641
Krasnogvargeisky,59.97305,30.47607,337091
Admiralteisky,59.923,30.3,157897
Akademicheskoe,60.01375,30.39471,103304
Finlyandskiy,59.96824,30.36415,72292
Centralniy,59.93111,30.36072,214625
Svetlanovskiy,60.00276,30.33051,85508
Vostochnoe Degunino,55.8801,37.55758,95000
Obruchevo,55.6591,37.52291,85616
Kisilevsk,53.99623,86.64847,83431
gorod Solnetchnogorsk,56.18595,36.97561,62000
Musanze,-1.49984,29.63497,153368
Nyagatare,-1.2952,30.3226,100000
Muhanga,-2.02269,29.70691,82797
Kigali,-1.94995,30.05885,1132686
Gitarama,-2.07444,29.75667,87613
Gisenyi,-1.70278,29.25639,172357
Butare,-2.59667,29.73944,62823
Yanbu,24.08954,38.0618,200161
Ţurayf,31.672,38.663,66014
Tārūt,26.5733,50.04028,85371
Tabuk,28.3998,36.57151,667000
Unaizah,26.1,44,183319
Sulţānah,24.49258,39.58572,946697
Sayhāt,26.48345,50.04849,66702
Sakakah,29.96974,40.20641,128332
Şabyā,17.1495,42.62537,228375
Ras Tanura,26.70742,50.06735,62314
Rābigh,22.79856,39.03493,72928
Bīshah,20.00054,42.6052,115537
Najrān,17.49326,44.12766,505652
Makkah,21.42664,39.82563,1578722
King Faisal Military City,28.45,45.96667,65000
Khamis Mushait,18.3,42.73333,387553
Jizan,16.88917,42.55111,105198
Jeddah,21.49012,39.18624,4697000
Ha'il,27.52188,41.69073,605930
Hafar Al-Batin,28.43279,45.97077,271642
Buraydah,26.32599,43.97497,745353
Baljurashi,19.85944,41.55722,51787
Az Zulfī,26.29945,44.81542,125000
Dhahran,26.28864,50.11396,99540
Ta’if,21.27028,40.41583,688693
Thuqbah,26.26022,50.20486,248888
Riyadh,24.68773,46.72185,4205961
Ar Rass,25.86944,43.4973,81728
Arar,30.97531,41.03808,148540
Qurayyat,31.33176,37.34282,102903
Al Qaţīf,26.56542,50.0089,98259
Al Mubarraz,25.40768,49.59028,290802
Madinah,24.46861,39.61417,1300000
Al Līth,20.14804,40.27224,72000
Khobar,26.27944,50.20833,165799
Al Kharj,24.15541,47.33457,425300
Al Khafjī,28.43905,48.49132,54857
Al Jubayl,27.0174,49.62251,237274
Al Hufūf,25.36467,49.58764,293179
Al Bahah,20.01288,41.46767,88419
Ad Dir‘īyah,24.75187,46.53874,61609
Ad Dawādimī,24.50772,44.39237,86861
Dammam,26.43442,50.10326,1252523
Abū ‘Arīsh,16.96887,42.83251,69632
Abha,18.21639,42.50528,210886
Ash Shafā,21.07268,40.31842,72190
Sabt Alalayah,19.5773,41.96357,100000
Bariq,18.92966,41.92953,75351
Honiara,-9.43333,159.95,56298
Dongola,19.18163,30.47689,56167
Wad Medani,14.40118,33.51989,332714
Umm Ruwaba,12.9061,31.2158,56833
Omdurman,15.64453,32.47773,1849659
Singa,13.1483,33.93117,250000
Shendi,16.6915,33.4341,63746
Sennar,13.56907,33.56718,130122
Rabak,13.18087,32.73999,135281
Nyala,12.04888,24.88069,565734
Mellit,14.13333,25.55,50165
Kosti,13.1629,32.66347,345068
Kassala,15.45099,36.39998,401477
Kas,12.50974,24.28519,55255
Kadugli,11.01111,29.71833,87666
New Halfa,15.33021,35.59854,63589
Dilling,12.05,29.65,59089
Port Sudan,19.61745,37.21644,489725
Burām,10.85826,25.15921,65473
Atbara,17.70217,33.98638,112021
Er Roseires,11.8659,34.3869,58712
An Nuhūd,12.7,28.43333,108008
El Obeid,13.18421,30.21669,393311
Al Qadarif,14.03493,35.38344,363945
Al Manāqil,14.2459,32.9891,128297
Khartoum North,15.64925,32.53458,1012211
Khartoum,15.55177,32.53241,1974647
El Geneina Fort,13.47481,22.45744,134264
Al-Junaynah,13.45262,22.44725,162981
El Fasher,13.62793,25.34936,252609
Ad Douiem,14.0012,32.3116,87068
El Daein,11.46186,26.12583,264734
Ad-Damir,17.59898,33.97205,103941
Ad-Damazin,11.7891,34.3592,186051
Gereida,11.27543,25.14026,120000
'Ārdamatā,13.47546,22.48531,55637
Umeå,63.82842,20.25972,130224
Luleå,65.58415,22.15465,77832
Växjö,56.87767,14.80906,71282
Västerås,59.61617,16.55276,127799
Vasastaden,59.35,18.03333,58458
Uppsala,59.85882,17.63889,177074
Täby,59.4439,18.06872,58123
Sundsvall,62.39129,17.3063,57606
Stockholm,59.32938,18.06871,1515017
Solna,59.36004,18.00086,66909
Sollentuna,59.42804,17.95093,139606
Södertälje,59.19554,17.62525,70777
Södermalm,59.31278,18.07577,127323
Örebro,59.27412,15.2066,155989
Norrköping,58.59419,16.1826,93765
Mölndal,57.6554,12.01378,59430
Malmö,55.60587,13.00073,362133
Lund,55.70584,13.19321,87244
Linköping,58.41086,15.62157,166673
Kungsholmen,59.33183,18.04118,69363
Karlstad,59.3793,13.50357,61492
Karlskrona,56.16156,15.58661,66675
Jönköping,57.78145,14.15618,112766
Huddinge,59.23705,17.98192,90182
Helsingborg,56.04673,12.69437,104250
Haninge,59.16775,18.14478,74968
Halmstad,56.67446,12.85676,70480
Gothenburg,57.70716,11.96679,608462
Gävle,60.67452,17.14174,74884
Eskilstuna,59.36661,16.5077,67359
Bromma,59.34,17.94,72000
Borås,57.72101,12.9401,71700
Ulu Bedok,1.33333,103.93333,276990
Toa Payoh New Town,1.33611,103.85,120650
Tampines Estate,1.35806,103.94028,265340
Singapore,1.28967,103.85007,5638700
Serangoon,1.36278,103.8975,116900
Sembawang Estate,1.45083,103.82861,110090
Punggol,1.41444,103.90694,204150
Matilda Estate,1.39944,103.90278,52200
Kampong Pasir Ris,1.37833,103.93194,144260
Kembangan,1.32228,103.91135,130252
Kallang,1.33333,103.86667,101290
Geylang,1.31953,103.88689,110201
Bukit Timah,1.328,103.791,85900
Bukit Merah Estate,1.28417,103.82306,151250
Bishan New Town,1.3504,103.84875,87320
Bukit Batok New Town,1.35903,103.76368,158030
Hougang New Town,1.35667,103.89083,227560
Jurong East,1.32888,103.73995,72960
Jurong Town,1.33417,103.72278,262730
Jurong West,1.35028,103.72278,253840
Serangoon New Town,1.35083,103.87083,116900
Tampines New Town,1.34917,103.94972,259900
Yishun New Town,1.43333,103.83111,228730
Woodlands,1.43801,103.78877,254440
Ang Mo Kio New Town,1.38028,103.83972,159340
Bukit Panjang New Town,1.37972,103.76472,138050
Bedok New Town,1.32639,103.94167,276990
Clementi Housing Estate,1.31583,103.76472,92420
Pasir Ris New Town,1.37222,103.94778,54420
Queenstown Estate,1.29417,103.8025,101480
Choa Chu Kang New Town,1.3825,103.74972,187550
Novena,1.31697,103.8438,53160
Sengkang New Town,1.39167,103.89444,267600
Maribor,46.55583,15.64593,96209
Ljubljana,46.05108,14.50513,272220
Prešov,48.99923,21.2355,82927
Košice,48.71441,21.25802,225044
Žilina,49.22315,18.73941,81219
Trnava,48.37773,17.58603,62806
Trenčín,48.89452,18.04436,58278
Petržalka,48.12331,17.12866,112380
Nitra,48.30763,18.08453,86329
Martin,49.06651,18.92399,51139
Bratislava,48.14816,17.10674,423737
Banská Bystrica,48.73947,19.14932,74590
Waterloo,8.3389,-13.07091,55000
Makeni,8.88605,-12.04417,85116
Koidu,8.64387,-10.9714,128030
Kenema,7.87687,-11.19025,255110
Freetown,8.48714,-13.2356,802639
Bo,7.96472,-11.73833,233684
Ziguinchor,12.56801,-16.27326,214874
Yoff,14.74671,-17.49003,89442
Touba,14.86229,-15.87532,1120824
Tivaouane,14.95186,-16.8152,102658
Tiébo,14.63333,-16.23333,100289
Thiès Nones,14.78333,-16.96667,252320
Thiès,14.78944,-16.92602,317763
Tambacounda,13.77073,-13.66734,149071
Saint-Louis,16.01793,-16.48962,254171
Rufisque,14.71542,-17.27334,295459
Richard-Toll,16.4625,-15.70083,73147
Pikine,14.76457,-17.39071,1170791
Keur Médoune,14.75835,-15.90434,77255
Mbour,14.42196,-16.96375,284189
Mbaké,14.79032,-15.90803,101451
Louga,15.61867,-16.22436,113365
Kolda,12.8939,-14.94125,103574
Kaolack,14.15197,-16.07259,298904
Kaffrine,14.10594,-15.5508,57307
Dougnane,14.95856,-16.86999,69556
Diourbel,14.64792,-16.24363,157554
Dakar,14.6937,-17.44406,2646503
Bargny Guèdj,14.68698,-17.22808,51188
Bargny,14.69707,-17.23015,69242
Bargny Ngoude,14.69407,-17.2353,51188
Guédiawaye,14.77446,-17.40212,329659
Rufisque est,14.7162,-17.27283,221066
Ruqi,9.97293,43.4276,148702
Qoryooley,1.78784,44.52999,51720
Mogadishu,2.03711,45.34375,2587183
Marka,1.71594,44.77166,230100
Kismayo,-0.35817,42.54536,234852
Kaambooni,-1.63772,41.5866,79000
Hargeysa,9.56,44.065,477876
Gebiley,9.70028,43.62444,77320
Garoowe,8.40207,48.48284,57300
Gaalkacyo,6.76972,47.43083,61200
El Dibir,11.76667,51.21667,200000
Cabudwaaq,6.24585,46.2247,120000
Burao,9.52213,45.53363,99270
Bosaso,11.28421,49.18158,74287
Borama,9.93611,43.18278,597842
Berbera,10.43959,45.01432,242344
Beledweyne,4.73583,45.20361,55410
Baidoa,3.11383,43.6498,129839
Afgooye,2.1381,45.1212,65461
Balanbale,5.76897,45.76297,68000
Laascaanood,8.47738,47.35971,60100
Beled Hawo,3.9284,41.87997,73000
Paramaribo,5.86638,-55.16682,223757
Yei,4.09444,30.67639,260720
Winejok,9.01222,27.57081,300000
Wau,7.70111,27.98972,127384
Malakal,9.53342,31.66049,160765
Kuacjok,8.30278,27.98,78000
Juba,4.85165,31.58247,450000
São Tomé,0.33756,6.7299,53300
Usulután,13.34467,-88.43994,51910
Soyapango,13.71024,-89.13989,329708
Sonsonate,13.71726,-89.72304,59468
Santa Ana,13.98827,-89.55685,176661
San Salvador,13.68935,-89.18718,525990
San Miguel,13.48261,-88.18211,247126
San Marcos,13.66108,-89.18252,54615
Santa Tecla,13.67741,-89.28335,124694
Mejicanos,13.72397,-89.188,160317
Delgado,13.72171,-89.16874,71594
Apopa,13.80722,-89.17917,112158
Ţarţūs,34.88902,35.88659,458327
Tadmur,34.5624,38.28402,51015
As Salamīyah,35.01127,37.05324,94887
Kabbasin,36.43274,37.56857,51230
al-Yarmūk,33.4699,36.3018,99999
Muadamiyat al-Sham,33.46466,36.20175,52738
Manbij,36.52815,37.95495,99497
Jaramānā,33.4862,36.34614,99999
Jablah,35.36211,35.92759,65915
Idlib,35.93062,36.63393,128840
Homs,34.72405,36.72559,775404
Ḩamāh,35.13179,36.75783,460602
Aleppo,36.20124,37.16117,2098210
Dūmā,33.57175,36.4027,111864
Damascus,33.5102,36.29128,1569394
Deir ez-Zor,35.33588,40.14084,271800
Dārayyā,33.45835,36.23256,71596
Dar‘ā,32.61889,36.10213,97969
Babīlā,33.47101,36.33076,50880
I‘zāz,36.58662,37.04628,66138
‘Ayn al ‘Arab,36.89095,38.35347,50000
At Tall,33.61033,36.3107,55561
Al-Tabqa,35.83758,38.54828,87880
As-Suwayda,32.70896,36.56951,59052
As Safīrah,36.07696,37.37251,63708
Ar Rastan,34.92667,36.73241,53152
Ar Raqqah,35.95283,39.00788,531952
Al Qāmishlī,37.05215,41.23142,184231
Al Mayādīn,35.01982,40.45154,54534
Latakia,35.53125,35.79088,709000
Al Ḩasakah,36.50237,40.74772,422445
Al Bāb,36.37051,37.5157,130745
Ālbū Kamāl,34.45226,40.91854,57572
Mbabane,-26.31667,31.13333,76218
Manzini,-26.49884,31.38004,110537
Goz Beida,12.22643,21.40983,58941
Am Timan,11.0433,20.28342,74691
Abéché,13.82916,20.8324,139983
Sarh,9.14555,18.38331,138928
Pala,9.3646,14.90725,70677
N'Djamena,12.10672,15.0444,1359526
Moundou,8.57437,16.07722,196124
Mongo,12.18514,18.6884,53768
Mao,14.12286,15.31189,50681
Koumra,8.91587,17.55046,54109
Kelo,9.30859,15.80658,82677
Doba,8.66389,16.85324,70942
Déressia,9.7602,16.2698,50113
Bongor,10.28088,15.37425,63699
Bol,13.46729,14.71352,51389
Tsévié,6.42611,1.21333,55775
Sokodé,8.98333,1.13333,117811
Lomé,6.12874,1.22154,2188376
Kpalimé,6.9,0.63333,75084
Kara,9.55111,1.18611,104207
Dapaong,10.86225,0.20762,58071
Bassar,9.25025,0.78213,61845
Atakpamé,7.53333,1.13333,80683
Ban Talat Yai,7.88481,98.40008,52192
Trang,7.55633,99.61141,66713
Tha Maka,13.9,99.76667,52907
Surat Thani,9.14011,99.33311,132040
Ratchaburi,13.53671,99.81712,92448
Phuket,7.89059,98.3981,79308
Nakhon Si Thammarat,8.43333,99.96667,102152
Lampang,18.29232,99.49277,156139
Kanchanaburi,14.00412,99.54832,63699
Kamphaeng Phet,16.48344,99.52153,58787
Hua Hin,12.57065,99.95876,126355
Chumphon,10.4957,99.17971,55835
Chiang Rai,19.90858,99.8325,78756
Chiang Mai,18.79038,98.98468,127240
Ko Samui,9.53567,99.93567,50000
Ban Ko Sire,7.88747,98.42575,71284
Ban Pong,13.81629,99.87739,57559
Ban I Chang,13.71061,99.89617,119858
Ban Mai,7.20411,100.54508,86899
Yan Nawa,13.69634,100.54212,81521
Yala,6.53995,101.28128,93558
Uttaradit,17.62557,100.09421,58313
Udon Thani,17.41567,102.78589,130531
Ubon Ratchathani,15.23844,104.84866,122533
Thon Buri,13.725,100.48511,119708
Taling Chan,13.77698,100.4567,105299
Suphan Buri,14.47418,100.12218,53399
Songkhla,7.19882,100.5951,61758
Si Racha,13.17283,100.93159,178916
Si Maha Phot,13.96563,101.51352,100563
Sattahip,12.66629,100.90179,65444
Saraburi,14.53333,100.91667,67763
Samut Sakhon,13.54753,100.27362,63498
Samut Prakan,13.5976,100.5972,388920
Sakon Nakhon,17.16116,104.14725,76237
Rayong,12.68095,101.25798,106737
Rat Burana,13.68163,100.5059,86695
Prachantakham,14.06366,101.51554,59696
Pom Prap Sattru Phai,13.75822,100.51325,51006
Phra Pradaeng,13.65855,100.53362,196129
Phra Phutthabat,14.72609,100.79584,57008
Phra Nakhon Si Ayutthaya,14.35167,100.57739,50830
Phra Khanong,13.70185,100.60157,90354
Phitsanulok,16.82481,100.25858,62584
Phetchabun,16.41904,101.16056,50656
Phasi Charoen,13.71466,100.43691,122070
Pak Kret,13.91179,100.49774,190272
Mueang Nonthaburi,13.86075,100.51477,254375
Nong Khai,17.87847,102.742,63609
Nong Khaem,13.70594,100.34918,150218
Nong Chok,13.85585,100.86216,157138
Nakhon Sawan,15.70472,100.13717,82305
Nakhon Ratchasima,14.97066,102.10196,126391
Nakhon Pathom,13.8196,100.04427,117927
Maha Sarakham,16.18483,103.30067,51584
Lop Buri,14.79808,100.65397,57761
Bangkok,13.75398,100.50144,5104476
Krathum Baen,13.6533,100.25972,72819
Klaeng,12.78,101.64912,55619
Khon Kaen,16.44671,102.833,114459
Khlong San,13.73008,100.50874,73263
Khlong Luang,14.06467,100.64578,118551
Kalasin,16.43281,103.50658,55102
Kabin Buri,13.95133,101.71739,140056
Hat Yai,7.00836,100.47668,191696
Dusit,13.77706,100.51958,107655
Chon Buri,13.3622,100.98345,219164
Chanthaburi,12.60961,102.10447,99819
Chaiyaphum,15.81047,102.02881,58350
Ban Tha Kham,13.6375,100.44128,61011
Ban Samae Dam,13.58956,100.38734,125133
Pattaya,12.93333,100.88333,116417
Na Di,14.11565,101.78211,57466
Ban Lam Luk Ka,13.97738,100.77776,60700
Ban Khlong Prawet,13.71904,100.68146,160671
Bang Rak,13.73058,100.52388,99273
Bang Kruai,13.805,100.47283,78305
Bangkok Yai,13.72319,100.476,72321
Bangkok Noi,13.76266,100.47798,117793
Bang Khun Thian,13.66302,100.43416,165491
Bang Kapi,13.7653,100.647,147800
Bang Phlat,13.79425,100.50447,92325
Bang Na,13.66744,100.64206,95912
Din Daeng,13.7904,100.57014,130220
Bang Sue,13.81086,100.53064,125440
Khlong Toei,13.71014,100.58192,109041
Lat Krabang,13.72197,100.78473,163175
Bang Khae,13.69301,100.40755,193002
Bueng Kum,13.78528,100.66958,145830
Chatuchak,13.82895,100.55931,160906
Chom Thong,13.67717,100.48407,158005
Huai Khwang,13.7768,100.57895,78175
Khan Na Yao,13.82557,100.67735,88678
Lak Si,13.88724,100.5792,109770
Lat Phrao,13.80335,100.60696,122182
Pathum Wan,13.73698,100.52329,53263
Phaya Thai,13.7803,100.54261,70238
Ratchathewi,13.759,100.53358,73035
Sai Mai,13.92068,100.64552,188123
Saphan Sung,13.77002,100.6848,89825
Sathon,13.7085,100.52619,84916
Suan Luang,13.73028,100.65138,115658
Thawi Watthana,13.78316,100.37805,76351
Thung Khru,13.62849,100.50952,116473
Wang Thonglang,13.78546,100.61165,114768
Watthana,13.72978,100.58536,171150
Ban Lak Song,13.68928,100.39814,52144
Bang Bon,13.66185,100.39567,105161
Phra Nakhon,13.76512,100.49864,51231
Sathorn,13.74998,100.51682,79624
Huamak,13.7578,100.64737,67798
Latkrabang,13.72784,100.74609,173987
Khlong Sam Wa,13.87139,100.73719,169489
Khlong Chan,13.78126,100.64506,76934
Bang Khae Nuea,13.70552,100.38933,59821
Tha Raeng,13.86849,100.64534,97658
Anusawari,13.89466,100.61425,94550
Bang Sue subdistrict,13.80645,100.53062,79405
Wat Tha Phra,13.73462,100.47608,53111
Khlong Kum,13.78843,100.68033,69071
Istaravshan,39.9142,69.00328,273500
Bokhtar,37.83654,68.77762,110800
Kŭlob,37.91459,69.78454,214700
Dushanbe,38.53575,68.77905,679400
Khujand,40.28256,69.62216,191000
Konibodom,40.29414,70.43122,211100
Isfara,40.12649,70.62526,274000
Dili,-8.55861,125.57361,150000
Balkanabat,39.51075,54.36713,87822
Ashgabat,37.95,58.38333,1030063
Türkmenbaşy,40.02216,52.95517,91745
Daşoguz,41.83625,59.96661,201142
Tejen,37.38338,60.50545,67488
Mary,37.59378,61.83031,167027
Türkmenabat,39.07328,63.57861,230861
Bayramaly,37.61852,62.16715,70376
Oued Lill,36.83408,10.04057,66100
Tunis,36.81897,10.16579,693210
Tataouine,32.92967,10.45177,66924
Sousse,35.82539,10.63699,221715
Sukrah,36.87744,10.2468,159862
Sakiet ez Zit,34.80194,10.76361,100000
Sakiet ed Daier,34.79435,10.80617,125204
Skanes,35.7749,10.79464,64222
Sfax,34.74056,10.76028,280566
Radès,36.76946,10.27468,72209
Korba,36.57861,10.85861,65542
Kélibia,36.84757,11.09386,62993
Ksar Hellal,35.64773,10.89046,55415
Gafsa,34.425,8.78417,95242
Gabès,33.88146,10.0982,110075
Nabeul,36.45606,10.73763,70437
Msaken,35.72917,10.58082,89745
Menzel Bourguiba,37.15368,9.78594,58800
Medenine,33.35495,10.50548,71406
Jendouba,36.50114,8.78024,51408
Zarzis,33.50398,11.11215,79316
Djemmal,35.62231,10.75696,55285
Houmt Souk,33.87576,10.85745,89228
Feriana,34.94529,8.56789,75000
Ben Gardane,33.13783,11.21965,87404
Ben Arous,36.75452,10.22167,88322
Le Bardo,36.81058,10.13481,71961
Bizerte,37.27442,9.87391,138430
Béja,36.72564,9.18169,61568
Sīdī Ḥusayn,36.75583,10.11833,130255
Aryanah,36.86012,10.19337,114486
Kairouan,35.6781,10.09633,139070
Kasserine,35.16758,8.83651,84365
Kelaa Kebira,35.87278,10.53722,63264
Monastir,35.77799,10.82617,93306
Moknine,35.63333,10.9,62802
La Mohammedia,36.67446,10.15633,66593
La Marsa,36.87818,10.32466,92987
El Mgarsa,33.81682,10.9923,63528
Mahdia,35.50472,11.06222,51803
Le Kram,36.83578,10.31641,88302
El Kef,36.17424,8.70486,53596
Hammamet,36.4,10.61667,106326
Douane,36.44766,10.7557,60192
Rawad,36.89479,10.18604,94961
El Mourouj,36.71364,10.2096,120732
Mnihla,36.84774,10.11083,58641
Douar Hicher,36.82657,10.08974,82532
Ettadhamen,36.83246,10.10995,84312
Yüksekova,37.57362,44.28716,71729
Yozgat,39.82,34.80444,87881
Viranşehir,37.22349,39.75519,154163
Van,38.49457,43.38323,525016
Uşak,38.67351,29.4058,369433
Urla,38.32292,26.76403,62989
Şanlıurfa,37.16708,38.79392,449549
Arsuz,36.41305,35.89033,109550
Turgutlu,38.49533,27.6997,103292
Torbalı,38.182,27.335,50303
Tavşanlı,39.54237,29.49866,52182
Tatvan,38.49221,42.28269,73222
Tarsus,36.91766,34.89277,350732
Suruç,36.97612,38.42533,101178
Sorgun,39.81012,35.18596,62862
Soma,39.18554,27.60945,98714
Söke,37.7482,27.40614,68230
Siverek,37.75503,39.31667,175341
Sivas,39.74833,37.01611,264022
Şırnak,37.51393,42.45432,67662
Silvan,38.13708,41.00817,65956
Silopi,37.24379,42.46345,114645
Silifke,36.37778,33.93444,132665
Siirt,37.9293,41.94134,114034
Seydişehir,37.41926,31.84527,51089
Samandağ,36.08012,35.97603,123447
Salihli,38.48258,28.14774,119311
Reyhanlı,36.26791,36.56747,56995
Polatlı,39.57715,32.14132,93262
Patnos,39.22493,42.85693,87451
Osmaniye,37.07417,36.24778,202837
Ödemiş,38.2278,27.96955,67153
Nusaybin,37.07028,41.21465,88977
Nizip,37.00972,37.79417,82308
Niğde,37.96583,34.67935,91039
Nevşehir,38.625,34.71222,75527
Nazilli,37.91631,28.32225,119370
Muş,38.73163,41.48482,82536
Muğla,37.21807,28.3665,92328
Midyat,37.41908,41.33909,76268
Mersin,36.81196,34.63886,537842
Menemen,38.60754,27.06938,53489
Mardin,37.31309,40.74357,129864
Manisa,38.61202,27.42647,243971
Manavgat,36.78672,31.44086,99254
Malatya,38.35018,38.31667,750491
Kütahya,39.42417,29.98333,185008
Kuşadası,37.86014,27.25713,63177
Kozan,37.45517,35.81573,88115
Konya,37.87135,32.48464,1433861
Konak,38.4,27.1,332277
Kızıltepe,37.18836,40.57723,150174
Kırşehir,39.14583,34.16389,150700
Kırıkkale,39.84528,33.50639,186960
Kırıkhan,36.49939,36.35755,60916
Kilis,36.71611,37.115,111648
Kayseri,38.73222,35.48528,1452458
Karşıyaka,38.45772,27.1142,339624
Karaman,37.18111,33.215,175390
Ağrı,39.71467,43.04015,124483
Kâhta,37.78552,38.6237,97875
Kahramanmaraş,37.5847,36.92641,384953
Kadirli,37.37389,36.09611,70248
İzmir,38.41273,27.13838,2938292
Isparta,37.76444,30.55222,172334
İskenderun,36.58718,36.17347,251682
Iğdır,39.92371,44.045,101700
Gölbaşı,39.79043,32.80903,165201
Gaziantep,37.05944,37.3825,2222415
Fethiye,36.64038,29.12758,60437
Eskişehir,39.77667,30.52056,921630
Erzurum,39.90861,41.27694,767848
Erzincan,39.73919,39.49015,150714
Ergani,38.26899,39.75446,52684
Ereğli,37.51333,34.04672,156253
Erciş,39.02587,43.35964,91915
Elbistan,38.20591,37.1983,80456
Elazığ,38.67431,39.22321,443363
Dörtyol,36.83917,36.23025,56513
Doğubayazıt,39.54694,44.08417,70171
Diyarbakır,37.91363,40.21721,1833684
Denizli,37.77417,29.0875,313238
Hakkâri,37.57444,43.74083,77699
Cizre,37.33024,42.18484,134041
Ceyhan,37.02472,35.8175,96303
Çiğli,38.49645,27.07029,214065
Burdur,37.72028,30.29083,95436
Bozüyük,39.90778,30.03667,55365
Bolvadin,38.71111,31.04861,55870
Bitlis,38.40115,42.10784,53023
Bismil,37.84514,40.65931,74493
Bingöl,38.88472,40.49389,128935
Bergama,39.12074,27.18052,57200
Belek,36.8631,31.06541,73260
Batman,37.88738,41.13221,452157
Balıkesir,39.64917,27.88611,238151
Ayvalık,39.31927,26.69341,70002
Aydın,37.84501,27.83963,163022
Antalya,36.90812,30.69556,1335002
Antakya,36.20655,36.15722,399045
Ankara,39.91987,32.85427,3517182
Anamur,36.07508,32.83691,57128
Alanya,36.54375,31.99982,364180
Akşehir,38.3575,31.41639,64446
Aksaray,38.37255,34.02537,327575
Akhisar,38.91852,27.84006,84659
Akçapınar,38.94728,38.9423,84366
Ahlat,38.7489,42.48007,64695
Afyonkarahisar,38.75667,30.54333,251799
Adıyaman,37.76441,38.27629,290883
Adilcevaz,38.79911,42.73159,52781
Adana,36.98615,35.32531,1816750
Batikent,39.96833,32.73083,300000
Zonguldak,41.45139,31.79305,101749
Zile,40.30306,35.88639,55680
Zeytinburnu,40.99441,28.90417,280896
Körfez,40.76704,29.78275,90580
Yalova,40.65501,29.27693,71289
Üsküdar,41.02274,29.01366,524452
Ünye,41.14049,37.28851,77585
Umraniye,41.01643,29.12476,573265
Turhal,40.3875,36.08111,110884
Trabzon,41.005,39.72694,244083
Tokat,40.31389,36.55444,129702
Tekirdağ,40.9781,27.51101,122287
Şişli,41.06046,28.98717,314684
Silivri,41.07393,28.24644,53167
Samsun,41.27976,36.3361,394050
Rize,41.02083,40.52194,119828
Orhangazi,40.48917,29.30889,51792
Ordu,40.97782,37.89047,229214
Mustafakemalpaşa,40.03815,28.40866,101412
Merzifon,40.87333,35.46306,50658
Maltepe,40.93567,29.15507,427040
Lüleburgaz,41.40173,27.35746,90899
Küçükçekmece,40.99104,28.77123,792030
Kırklareli,41.73508,27.22521,58223
Kavaklı,41.09258,28.33172,50502
Kastamonu,41.37805,33.77528,125622
Kars,40.59825,43.08548,91450
Karabük,41.20488,32.62768,125403
İzmit,40.76499,29.92928,196571
Istanbul,41.01384,28.94966,15701602
İnegol,40.07806,29.51333,133959
Gölcük,40.71501,29.81824,56189
Giresun,40.91698,38.38741,125682
Gemlik,40.43094,29.15969,71063
Gebze,40.80276,29.43068,281436
Fatsa,41.02886,37.49977,82160
Fatih,41.0225,28.94083,356025
Esenyurt,41.02697,28.67732,983571
Esenler,41.0435,28.87619,520235
Ereğli,41.28261,31.41806,88848
Erbaa,40.66889,36.5675,52185
Eminönü,41.01754,28.97101,55548
Edirne,41.67719,26.55597,180002
Düzce,40.83889,31.16389,194097
Derince,40.75694,29.81472,125485
Çubuk,40.23861,33.03222,62602
Çorum,40.54889,34.95333,269595
Çorlu,41.16069,27.80093,202578
Çerkezköy,41.28629,27.99939,84234
Çarşamba,41.19889,36.72194,50459
Çankırı,40.59995,33.6153,90564
Çanakkale,40.15552,26.41271,143622
Bursa,40.19559,29.06013,3101833
Bolu,40.73583,31.60611,184682
Bilecik,40.14192,29.97932,74457
Biga,40.22806,27.24222,61066
Bartın,41.63583,32.3375,81692
Bandırma,40.35222,27.97667,107631
Bağcılar,41.03903,28.85671,740069
Bafra,41.56787,35.90311,92944
Arnavutköy,41.18355,28.7402,198165
Ardeşen,41.19064,40.97935,67965
Amasya,40.65333,35.83306,114921
Adapazarı,40.78056,30.40333,286787
Merter Keresteciler,41.01295,28.88593,50000
Güngören Merter,41.00711,28.88795,50000
Ataşehir,40.9833,29.1167,361615
Başakşehir,41.106,28.791,193750
Beylikdüzü,40.982,28.6399,415290
Büyükçekmece,41.02072,28.58502,163140
Çankaya,39.9179,32.86268,792189
Bahçelievler,41.00231,28.8598,576799
Sultangazi,41.10652,28.86847,436935
Sultanbeyli,40.96072,29.27067,358201
Sancaktepe,41.00244,29.23187,489848
Karabağlar,38.382,27.132,479338
Muratpaşa,36.89157,30.76498,450000
Nilüfer,40.21401,28.91567,536365
Merkezefendi,37.80544,29.04236,280341
San Fernando,10.27969,-61.46835,55419
Mon Repos,10.27979,-61.4459,56380
Chaguanas,10.51667,-61.41667,67433
Douliu,23.70944,120.54333,107924
Yongkang,23.02444,120.25556,233730
Yuanlin,23.95671,120.57608,124725
Yingge,24.95608,121.3507,87920
Wufeng,24.0637,120.698,65567
Caotun,23.97699,120.68766,96838
Toufen,24.68753,120.90942,106310
Danshui,25.17196,121.4429,189271
Taitung,22.75991,121.14457,103260
Taipei,25.05306,121.52639,7871900
Xinying,23.30694,120.31056,74972
Tainan,22.99083,120.21333,1856642
Taichung,24.1469,120.6839,2850285
Daxi,24.88373,121.29043,94222
Shulin,24.99085,121.42199,180044
Banqiao,25.01427,121.46719,551221
Sanxia,24.93448,121.37139,115185
Puli,23.96639,120.96952,86406
Bade,24.92981,121.28372,209148
Neili,24.9725,121.26139,112845
Neihu,25.0815,121.58809,274538
Nantou,23.91566,120.66387,105682
Miaoli,24.56427,120.82367,86327
Magong,23.5654,119.58627,63745
Fengshan,22.62659,120.36126,356463
Kaohsiung,22.61626,120.31333,2737660
Yilan,24.757,121.753,94188
Hualien City,23.97694,121.60444,99458
Hsinchu,24.80361,120.96861,453536
Xihu,23.95683,120.47918,54033
Xizhi,25.06615,121.65985,204619
Zhudong,24.73167,121.09083,96518
Zhubei,24.83833,121.00778,212695
Keelung,25.13089,121.74094,362487
Chiayi City,23.47917,120.44889,263188
Chaozhou,22.54987,120.54067,53338
Chang-hua,24.07327,120.56276,226564
Changhua,24.0692,120.5512,226564
Taoyuan,24.99368,121.29696,475798
New Taipei City,25.06199,121.45703,4004367
Zanzibar,-6.16394,39.19793,709809
Vwawa,-9.10806,32.93472,85000
Vikindu,-7.00667,39.29849,70000
Uyovu,-3.28333,31.52583,60849
Utengule,-8.9,33.33333,50000
Ushirombo,-3.49194,31.96389,95052
Tunduma,-9.3,32.76667,219309
Tukuyu,-9.25,33.65,50000
Tarime,-1.35,34.36667,133043
Tanga,-5.06893,39.09875,393429
Tabora,-5.01622,32.82663,308741
Sumbawanga,-7.96667,31.61667,303986
Singida,-4.81629,34.74358,232459
Shinyanga,-3.66393,33.42118,139727
Sengerema,-2.66667,32.65,110000
Nzega,-4.21667,33.18333,125193
Njombe,-9.34917,34.77167,92537
Mwanza,-2.51667,32.9,1104521
Musoma,-1.5,33.8,164172
Mpanda,-6.34379,31.06951,204338
Moshi,-3.35,37.33333,221733
Morogoro,-6.82102,37.66122,471409
Mbeya,-8.9,33.45,541603
Masumbwe,-3.63333,32.18333,50000
Makumbako,-8.85,34.83333,116232
Korogwe,-5.15,38.48333,62032
Kondoa,-4.9,35.78333,80443
Kilosa,-6.83333,36.98333,91889
Kigoma,-4.87694,29.62667,232388
Kibaha,-6.76667,38.91667,265360
Katumba,-9.23333,33.61667,108558
Katoro,-2.99983,31.93261,75000
Kasulu,-4.57667,30.1025,238321
Kahama,-3.83333,32.6,453654
Iringa,-7.76667,35.7,202490
Ifakara,-8.13333,36.68333,205843
Handeni,-5.43333,38.01667,108968
Geita,-2.8725,32.2325,318006
Dodoma,-6.17221,35.73947,765179
Dar es Salaam,-6.82349,39.26951,5383728
Chake Chake,-5.24586,39.76659,52047
Buseresere,-3.04877,31.88542,52870
Bunda,-2.02153,33.87109,182970
Bukoba,-1.33167,31.81222,144938
Bariadi,-2.8,33.98333,260927
Bagamoyo,-6.44222,38.90422,82426
Babati,-4.21667,35.75,67445
Arusha,-3.36667,36.68333,617631
Songea,-10.68333,35.65,286285
Mtwara,-10.26667,40.18333,140793
Mbinga,-10.93333,35.01667,60868
Masasi,-10.71667,38.8,89700
Lindi,-9.99709,39.71649,95096
Merelani,-3.56182,36.97895,50000
Kibaigwa,-6.08125,36.64657,50054
Mafinga,-8.30019,35.29366,99305
Druzhkivka,48.61995,37.52537,53977
Zhytomyr,50.26235,28.67913,261624
Zaporizhzhya,47.85167,35.11714,710052
Yevpatoriya,45.20091,33.36655,107040
Yenakiyeve,48.23857,38.20403,76673
Yalta,44.50218,34.16624,77003
Vyhurivshchyna-Troyeshchyna,50.51137,30.60251,240000
Vinnytsya,49.2322,28.46871,430091
Uzhhorod,48.6242,22.2947,115449
Uman,48.7501,30.21944,81525
Chystyakove,48.03876,38.59685,53462
Ternopil,49.55404,25.59067,225238
Siverskodonetsk,48.94414,38.48754,99067
Dovzhansk,48.07615,39.64744,62691
Sumy,50.91741,34.79906,256474
Stryi,49.26103,23.84845,61404
Kadiyivka,48.56818,38.64352,73248
Sotsmisto,48.73663,37.59075,53370
Snizhne,48.02328,38.76205,55587
Smila,49.23295,31.88427,66475
Slovyansk,48.84974,37.59739,105141
Simferopol,44.95719,34.11079,336460
Sykhiv,49.79427,24.06284,151131
Shostka,51.86434,33.47283,73197
Shakhtarsk,48.05657,38.43826,71700
Sevastopol,44.60795,33.52134,547820
Rubizhne,49.00849,38.37972,55247
Rivne,50.62036,26.23695,243873
Pryluky,50.59525,32.38382,52553
Poltava,49.58925,34.55367,279593
Voznesenskyi,47.93161,37.62971,85399
Pervomaysk,48.04478,30.84784,62426
Pavlohrad,48.53214,35.86878,101430
Oleksandriya,48.67466,33.11761,76097
Odesa,46.48572,30.74383,1010537
Samar,48.62893,35.2589,70550
Zvyahel,50.59141,27.60884,55925
Nizhyn,51.04772,31.88844,66983
Nyzhnodniprovsk,48.47546,35.1167,160123
Nikopol,47.56826,34.39126,105160
Mykolayiv,46.97625,31.99296,470011
Mukachevo,48.44248,22.718,85569
Melitopol,46.84735,35.38196,148851
Mariupol,47.09514,37.54131,230000
Makiyivka,48.04782,37.92576,338968
Lviv,49.83826,24.02324,717273
Lutsk,50.75784,25.35024,215986
Luhansk,48.56814,39.30553,397677
Lozova,48.89066,36.31412,54026
Lysychansk,48.91211,38.42088,93340
Kyiv,50.45466,30.5238,2952301
Kryvyy Rih,47.90572,33.39404,603904
Kryukiv,49.02894,33.43847,75578
Kremenchuk,49.06253,33.40484,224997
Khrustalnyi,48.14241,38.92369,79533
Pokrovsk,48.28014,37.17706,60127
Kramatorsk,48.73106,37.56779,147145
Kovel,51.21548,24.70077,67575
Korosten,50.9512,28.63859,61496
Korabelna Storona,44.60948,33.54348,66686
Kostyantynivka,48.52728,37.70594,67350
Konotop,51.23251,33.2004,84787
Kolomyia,48.52496,25.03712,60821
Kropyvnytskyi,48.50834,32.26618,219676
Khmelnytskyi,49.41835,26.97936,274452
Kherson,46.63695,32.61458,66000
Khartsyzk,48.04277,38.14025,56182
Kharkiv,49.98177,36.25475,1421125
Kerch,45.35675,36.47542,148932
Kamyanets-Podilskyi,48.67882,26.58516,97908
Kalush,49.02398,24.37206,65088
Izmayil,45.35058,28.83751,69932
Ivano-Frankivsk,48.92312,24.71248,238196
Irpin,50.52201,30.24037,65167
Inhulets,47.7301,33.25189,62173
Chornomors’k,46.29914,30.65529,57983
Horlivka,48.29986,38.01709,239828
Feodosiya,45.03199,35.38153,68562
Enerhodar,47.49048,34.66199,52887
Drohobych,49.35196,23.51121,73682
Donetsk,48.023,37.80224,901645
Dnipro,48.46664,35.04066,968502
Kamyanske,48.51716,34.60617,226845
Sheptytskyi,50.39403,24.23935,64297
Chernivtsi,48.29045,25.93241,264298
Chernihiv,51.50541,31.28656,282747
Cherkasy,49.44452,32.05738,269836
Brovary,50.51097,30.79106,109806
Boryspil,50.35051,30.95263,64117
Bohuniya,50.27691,28.60962,147324
Bila Tserkva,49.7994,30.1165,207273
Berdychiv,49.89421,28.58236,73046
Berdyansk,46.75578,36.78815,106311
Bakhmut,48.59419,37.99886,80500
Antratsyt,48.11638,39.08863,52150
Alchevsk,48.46906,38.79744,106062
Saltivka,50.02207,36.34901,409300
Obolon,50.5132,30.5055,239500
Cheremushky,46.43251,30.71151,120000
Livyi Bereh,48.59381,34.56034,71809
Borshchahivka,50.4316,30.3899,179900
Avtozavodskyi,49.09753,33.43206,157382
Oleksiyivka,50.04516,36.19322,100500
Holosiyiv,50.34433,30.55178,62200
Pechersk,50.44441,30.52348,100900
Svyatoshyn,50.46341,30.34612,53000
Dniprovskyi,50.45366,30.60146,357900
Desna,50.52207,30.68228,368500
Shevchenkivskyi,50.46408,30.46576,220077
Fortechnyi,48.49865,32.25365,167451
Podilskyi,48.50357,32.28035,86652
Bohodukhivskyi,47.96688,37.86255,90600
Yuzivskyi,48,37.80006,94228
Kalynivskyi,48.00741,37.85378,103249
Kyivskyi,48.04646,37.77571,139177
Rutchenkivskyi,47.97597,37.69677,168029
Bosse,47.95519,37.8003,50000
Oleksandrivskyi,47.96788,37.80335,100330
Chumakivskyi,47.95671,37.94194,103005
Tekstylnyk,47.94594,37.69848,75000
Kyivskyi,49.60902,34.52933,110600
Shevchenko,49.5645,34.53873,147600
Rayon KhTZ,49.94349,36.36959,131000
Pravyi Bereh,47.11498,37.58519,352088
Nyvky,50.46461,30.40593,71700
Pozniaky,50.40259,30.62352,104400
Darnytsya,50.41596,30.69534,343384
Voskresenka,50.48481,30.6032,84200
Vynohradar,50.51429,30.42452,57500
Vidradnyi,50.43194,30.42231,69800
Chokolivka,50.42444,30.44732,73600
Darnytskyi Masyv,50.44311,30.62759,68900
Lisovyi Masyv,50.4725,30.63113,87300
Shulyavka,50.45356,30.4531,62200
Mykilska Borshchahivka,50.42638,30.37442,127400
Kharkivskyi Masyv,50.40848,30.66006,93700
Smolyanskyi,48.01435,37.73586,116779
Tsentralno-Miskyi,48.06167,37.97157,94417
Khanzhonkivskyi,48.09512,38.04202,53040
Hruzkyi,48.0651,37.93619,52265
Hirnytskyi,48.0211,37.96914,107216
Berestovskyi,48.04426,37.87654,80671
Shevchenkivskyi,48.56346,39.33216,87516
Verhunskyi,48.58573,39.37158,185593
Vilkhivskyi,48.54327,39.28201,126340
Kovpakivskyi,50.92508,34.79484,142447
Zarichnyi,50.90376,34.80933,150694
Tsentralno-Miskyi,48.30237,38.03165,118283
Kindrativskyi,48.30282,38.05475,101565
Mykytivskyi,48.31421,38.00378,70474
Tsentralnyi,47.09833,37.54838,179582
Kalmiuskyi,47.11046,37.54375,101498
Livoberezhnyi,47.1093,37.64306,122175
Prymorskyi,47.07098,37.49973,71008
Desnyanskyi,51.50631,31.3168,179600
Novozavodskyi,51.4893,31.25634,179600
Korolyov,50.24487,28.70013,114034
Skhidni Kvartaly,48.56622,39.38256,102500
Pivdenna Borshchahivka,50.41059,30.40396,50500
Industrialnyi,49.95458,36.36915,157900
Kyivskyi,50.04475,36.28883,182900
Nemyshlyanskyi,49.96437,36.33385,144200
Novobavarskyi,49.95143,36.16499,108100
Osnovyanskyi,49.93657,36.24128,93000
Saltivskyi,49.99897,36.31605,302600
Slobidskyi,49.94479,36.2813,146850
Kholodna Hora,50.0042,36.1762,89000
Shevchenkivskyi,50.02021,36.22468,220660
Wakiso,0.40444,32.45944,87900
Soroti,1.71464,33.61113,60900
Rutoma,-0.56667,30.38333,86100
Njeru,0.44166,33.17917,178800
Mukono,0.35333,32.75528,191300
Mubende,0.55849,31.39489,121600
Mpondwe,0.04008,29.7248,58600
Mityana,0.4175,32.02278,105200
Mbarara,-0.60467,30.64851,221300
Mbale,1.08209,34.17503,111300
Masindi,1.67444,31.715,110500
Masaka,-0.33379,31.73409,116600
Lugazi,0.36788,32.9376,128400
Lira,2.2499,32.89985,119323
Kotido,2.98056,34.13306,75700
Koboko,3.41364,30.95994,64500
Kitgum,3.27833,32.88667,56891
Kira,0.4,32.63333,462900
Katabi,0.08411,32.46972,154300
Kasese,0.18333,30.08333,115400
Kasangati,0.43803,32.60246,207800
Kapchorwa,1.40096,34.45038,51200
Kamuli,0.94722,33.11972,67800
Kampala,0.31628,32.58219,1680600
Kajansi,0.21548,32.53453,135600
Kabale,-1.24857,29.98993,53200
Jinja,0.43902,33.20317,93061
Iganga,0.60917,33.46861,65500
Ibanda,-0.13398,30.49616,117700
Hoima,1.43314,31.35241,122700
Gulu,2.77457,32.29899,177400
Fort Portal,0.66174,30.2748,60800
Entebbe,0.05621,32.47949,102600
Bwizibwera,-0.59167,30.62861,79157
Busia,0.46588,34.09221,64900
Bunamwaya,0.25344,32.55723,413400
Arua,3.02013,30.91105,72400
Apac,1.97556,32.53861,67700
Nakivale Refugee Camp,-0.74064,30.99632,68400
Kyengera,0.29517,32.50159,285400
Nansana,0.36389,32.52861,532800
Birmingham,33.52066,-86.80249,196357
Cordova,35.15565,-89.7762,68779
Decatur,34.60593,-86.98334,55437
Dothan,31.22323,-85.39049,68567
Hoover,33.40539,-86.81138,84848
Huntsville,34.7304,-86.58594,215006
Mobile,30.69436,-88.04305,183289
Montgomery,32.36681,-86.29997,195287
Tuscaloosa,33.20984,-87.56917,111338
Conway,35.0887,-92.4421,64980
Fayetteville,36.06258,-94.15743,82830
Fort Smith,35.38592,-94.39855,88194
Jonesboro,35.8423,-90.70428,73907
Little Rock,34.74648,-92.28959,202591
North Little Rock,34.76954,-92.26709,66504
Rogers,36.33202,-94.11854,63159
Springdale,36.18674,-94.12881,77859
Washington,38.89511,-77.03637,689545
Wilmington,39.74595,-75.54659,70898
Allapattah,25.81454,-80.22394,54289
Boca Raton,26.35869,-80.0831,93235
Bonita Springs,26.33981,-81.7787,51704
Boynton Beach,26.52535,-80.06643,73966
Bradenton,27.49893,-82.57482,54437
Brandon,27.9378,-82.28592,103483
Cape Coral,26.56285,-81.94953,175229
Carol City,25.94065,-80.2456,63031
Clearwater,27.96585,-82.8001,117292
Coconut Creek,26.25175,-80.17894,59302
Coral Gables,25.72149,-80.26838,51117
Coral Springs,26.27119,-80.2706,129485
Davie,26.06287,-80.2331,100882
Daytona Beach,29.21081,-81.02283,72647
Deerfield Beach,26.31841,-80.09977,79768
Delray Beach,26.46146,-80.07282,66255
Deltona,28.90054,-81.26367,88474
Doral,25.81954,-80.35533,75874
East Pensacola Heights,30.42881,-87.17997,54104
Flagami,25.76232,-80.31616,50834
Fort Lauderdale,26.12231,-80.14338,183146
Fort Myers,26.62168,-81.84059,74013
Fountainebleau,25.77288,-80.34783,59764
Gainesville,29.65163,-82.32483,145214
Hialeah,25.8576,-80.27811,237069
Hollywood,26.0112,-80.14949,149728
Homestead,25.46872,-80.47756,80737
Jacksonville,30.33218,-81.65565,1009833
Jupiter,26.93422,-80.09421,62707
Kendale Lakes,25.70816,-80.407,56148
Kendall,25.67927,-80.31727,80241
Kissimmee,28.30468,-81.41667,69152
Lakeland,28.03947,-81.9498,104401
Largo,27.90979,-82.78842,81000
Lauderhill,26.14036,-80.21338,71579
Lehigh Acres,26.62535,-81.6248,86784
Margate,26.24453,-80.20644,57234
Melbourne,28.08363,-80.60811,84678
Miami,25.77427,-80.19366,487014
Miami Beach,25.79065,-80.13005,92312
Miami Gardens,25.94204,-80.2456,113187
Miramar,25.98731,-80.23227,137132
North Miami,25.89009,-80.18671,62435
North Port,27.04422,-82.23593,62345
Ocala,29.1872,-82.14009,58218
Orlando,28.53834,-81.37924,334854
Palm Bay,28.03446,-80.58866,119760
Palm Beach Gardens,26.82339,-80.13865,52923
Palm Coast,29.58497,-81.20784,82893
Palm Harbor,28.07807,-82.76371,57439
Pembroke Pines,26.00315,-80.22394,166611
Pensacola,30.42131,-87.21691,53724
Pine Hills,28.55778,-81.4534,60076
Pinellas Park,27.8428,-82.69954,51617
Plantation,26.13421,-80.23184,92560
Poinciana,28.14029,-81.45841,53193
Pompano Beach,26.23786,-80.12477,107762
Port Charlotte,26.97617,-82.09064,54392
Port Orange,29.13832,-80.99561,59866
Port Saint Lucie,27.29393,-80.35033,164603
Riverview,27.86614,-82.32648,71050
St. Petersburg,27.77086,-82.67927,257083
Sanford,28.80055,-81.27312,58111
Sarasota,27.33643,-82.53065,55118
Spring Hill,28.47688,-82.52546,98621
Sunrise,26.13397,-80.1131,84439
Tallahassee,30.43826,-84.28073,201731
Tamarac,26.21286,-80.24977,64681
Tamiami,25.75871,-80.39839,55271
Tampa,27.94752,-82.45843,414547
The Hammocks,25.67149,-80.4445,51003
The Villages,28.93408,-81.95994,51442
Town 'n' Country,28.01057,-82.57732,78442
Wellington,26.65868,-80.24144,62560
West Hollywood,26.02065,-80.18394,60806
West Palm Beach,26.71534,-80.05337,120932
Weston,26.10037,-80.39977,69959
Albany,31.57851,-84.15574,74843
Alpharetta,34.07538,-84.29409,63693
Athens,33.96095,-83.37794,127315
Atlanta,33.749,-84.38798,510823
Brookhaven,33.85844,-84.3402,51910
Columbus,32.46098,-84.98771,206922
Macon,32.84069,-83.6324,91351
Marietta,33.9526,-84.54993,59067
Roswell,34.02316,-84.36159,94501
Sandy Springs,33.92427,-84.37854,105330
Savannah,32.08354,-81.09983,147780
Smyrna,33.88399,-84.51438,56146
Valdosta,30.83334,-83.28032,55724
Warner Robins,32.61574,-83.62664,73490
Decatur,39.84031,-88.9548,73254
Springfield,39.80172,-89.64371,114394
Bloomington,39.16533,-86.52639,84067
Carmel,39.97837,-86.11804,88713
Evansville,37.97476,-87.55585,119943
Fishers,39.95559,-86.01387,76794
Greenwood,39.61366,-86.10665,55586
Indianapolis,39.76838,-86.15804,887642
Terre Haute,39.4667,-87.41391,60825
Kansas City,39.11417,-94.62746,152933
Lawrence,38.97167,-95.23525,93917
Lenexa,38.95362,-94.73357,52490
Manhattan,39.18361,-96.57167,56308
Olathe,38.8814,-94.81913,134305
Overland Park,38.98223,-94.67079,186515
Shawnee,39.04167,-94.72024,65046
Topeka,39.04833,-95.67804,125963
Wichita,37.69224,-97.33754,396119
Bowling Green,36.99032,-86.4436,63616
Lexington,37.98869,-84.47772,320347
Lexington-Fayette,38.0498,-84.45855,314488
Louisville,38.25424,-85.75941,624444
Meads,38.41258,-82.70905,288649
Owensboro,37.77422,-87.11333,59042
Baton Rouge,30.44332,-91.18747,227470
Bossier City,32.51599,-93.73212,68094
Kenner,29.99409,-90.24174,67091
Lafayette,30.22409,-92.01984,121374
Lake Charles,30.21309,-93.2044,76070
Metairie,29.98409,-90.15285,138481
Metairie Terrace,29.97854,-90.16396,142489
New Orleans,29.95465,-90.07507,362701
Shreveport,32.52515,-93.75018,187593
Baltimore,39.29038,-76.61219,585708
Bethesda,38.98067,-77.10026,60858
Bowie,38.94278,-76.73028,58025
Columbia,39.24038,-76.83942,99615
Dundalk,39.25066,-76.52052,63597
Ellicott City,39.26733,-76.79831,65834
Frederick,39.41427,-77.41054,69479
Gaithersburg,39.14344,-77.20137,67456
Germantown,39.17316,-77.27165,86395
Glen Burnie,39.16261,-76.62469,67639
Rockville,39.084,-77.15276,66980
Silver Spring,38.99067,-77.02609,71452
Towson,39.4015,-76.60191,55197
Waldorf,38.62456,-76.93914,67752
Blue Springs,39.01695,-94.28161,54148
Columbia,38.95171,-92.33407,129330
East Independence,39.09556,-94.35523,110675
Florissant,38.78922,-90.32261,52268
Independence,39.09112,-94.41551,117255
Joplin,37.08423,-94.51328,51818
Kansas City,39.09973,-94.57857,475378
Lee's Summit,38.91084,-94.38217,95094
O'Fallon,38.81061,-90.69985,85040
Saint Charles,38.78394,-90.48123,65794
Saint Joseph,39.76861,-94.84663,76780
St. Louis,38.62727,-90.19789,279695
Saint Peters,38.80033,-90.62651,52575
Springfield,37.21533,-93.29824,170188
Gulfport,30.36742,-89.09282,71856
Jackson,32.29876,-90.18481,153701
Southaven,34.98898,-90.01259,52589
West Gulfport,30.40409,-89.0942,71329
Asheville,35.60095,-82.55402,95056
Burlington,36.09569,-79.4378,52472
Cary,35.79154,-78.78112,159769
Chapel Hill,35.9132,-79.05584,59568
Charlotte,35.22709,-80.84313,911311
Concord,35.40888,-80.58158,87696
Durham,35.99403,-78.89862,257636
Fayetteville,35.05266,-78.87836,201963
Gastonia,35.26208,-81.1873,74543
Greensboro,36.07264,-79.79198,285342
Greenville,35.61266,-77.36635,90597
High Point,35.95569,-80.00532,110268
Huntersville,35.41069,-80.84285,52704
Jacksonville,34.75405,-77.43024,67357
Raleigh,35.7721,-78.63861,482295
Rocky Mount,35.93821,-77.79053,55806
West Raleigh,35.78682,-78.66389,338759
Wilmington,34.23556,-77.94604,115933
Winston-Salem,36.09986,-80.24422,241218
Camden,39.92595,-75.11962,76119
Cherry Hill,39.93484,-75.03073,70475
Jackson,39.7765,-74.86238,54856
South Vineland,39.44595,-75.02879,58122
Toms River,39.95373,-74.19792,88791
Vineland,39.48623,-75.02573,60818
Cincinnati,39.12711,-84.51439,311097
Columbus,39.96118,-82.99879,913175
Dayton,39.75895,-84.19161,135512
Hamilton,39.3995,-84.56134,62407
Kettering,39.6895,-84.16883,55525
Springfield,39.92423,-83.80882,59680
Broken Arrow,36.0526,-95.79082,106563
Edmond,35.65283,-97.4781,90092
Enid,36.39559,-97.87839,51776
Lawton,34.60869,-98.39033,96655
Midwest City,35.44951,-97.3967,57249
Moore,35.33951,-97.4867,60451
Norman,35.22257,-97.43948,128026
Oklahoma City,35.46756,-97.51643,681054
Tulsa,36.15398,-95.99277,413066
Havertown,39.98095,-75.30852,50430
Philadelphia,39.95238,-75.16362,1573916
Charleston,32.77632,-79.93275,132609
Columbia,34.00071,-81.03481,142416
Greenville,34.85262,-82.39401,64579
Mount Pleasant,32.79407,-79.86259,81317
North Charleston,32.85462,-79.97481,108304
Rock Hill,34.92487,-81.02508,71548
Bartlett,35.20453,-89.87398,58579
Chattanooga,35.04563,-85.30968,181099
Clarksville,36.52977,-87.35945,166722
East Chattanooga,35.06535,-85.24912,154024
Franklin,35.92506,-86.86889,72639
Hendersonville,36.30477,-86.62,56018
Jackson,35.61452,-88.81395,66975
Johnson City,36.31344,-82.35347,66027
Kingsport,36.54843,-82.56182,53014
Knoxville,35.96064,-83.92074,190740
Memphis,35.14953,-90.04898,633104
Murfreesboro,35.84562,-86.39027,165430
Nashville,36.16589,-86.78444,689447
New South Memphis,35.08676,-90.05676,641608
Abilene,32.44874,-99.73314,125182
Alief,29.71106,-95.59633,98725
Allen,33.10317,-96.67055,98143
Arlington,32.73569,-97.10807,388125
Atascocita,29.99883,-95.1766,65844
Austin,30.26715,-97.74306,974447
Baytown,29.7355,-94.97743,76335
Beaumont,30.08605,-94.10185,115282
Brownsville,25.90175,-97.49748,186738
Bryan,30.67436,-96.36996,82118
Carrollton,32.95373,-96.89028,133168
Cedar Park,30.5052,-97.82029,65945
Celina,33.32456,-96.78444,64427
College Station,30.62798,-96.33441,107889
Conroe,30.31188,-95.45605,68602
Corpus Christi,27.80058,-97.39638,316239
Cypress,29.96911,-95.69717,200839
Dallas,32.78306,-96.80667,1326087
DeSoto,32.58986,-96.85695,52486
Denton,33.21484,-97.13307,131044
Edinburg,26.30174,-98.16334,84497
Euless,32.83707,-97.08195,54219
Flower Mound,33.01457,-97.09696,71253
Fort Worth,32.72541,-97.32085,1008106
Frisco,33.15067,-96.82361,154407
Galveston,29.30135,-94.7977,50180
Garland,32.91262,-96.63888,236897
Georgetown,30.63269,-97.67723,63716
Grand Prairie,32.74596,-96.99778,187809
Grapevine,32.93429,-97.07807,51404
Harlingen,26.19063,-97.6961,65774
Houston,29.76328,-95.36327,2314157
Irving,32.81402,-96.94889,236607
Killeen,31.11712,-97.7278,140806
Laredo,27.50641,-99.50754,256153
League City,29.50745,-95.09493,98312
Leander,30.57881,-97.85307,59202
Lewisville,33.04623,-96.99417,104039
Longview,32.5007,-94.74049,82287
Mansfield,32.56319,-97.14168,64274
McAllen,26.20341,-98.23001,140269
McKinney,33.19762,-96.61527,162898
Mesquite,32.7668,-96.59916,144788
Mission,26.21591,-98.32529,83298
Missouri City,29.61857,-95.53772,74139
New Braunfels,29.703,-98.12445,70543
North Richland Hills,32.8343,-97.2289,69204
Pasadena,29.69106,-95.2091,153784
Pearland,29.56357,-95.28605,108821
Pflugerville,30.43937,-97.62,57122
Pharr,26.1948,-98.18362,76538
Plano,33.01984,-96.69889,283558
Port Arthur,29.88519,-93.94233,55340
Richardson,32.94818,-96.72972,110815
Round Rock,30.50826,-97.6789,115997
Rowlett,32.9029,-96.56388,60236
San Antonio,29.42412,-98.49363,1526656
San Marcos,29.88327,-97.94139,60684
Spring,30.07994,-95.41716,54298
Sugar Land,29.61968,-95.63495,88156
Temple,31.09823,-97.34278,72277
The Woodlands,30.15799,-95.48938,93847
Tyler,32.35126,-95.30106,103700
University of Texas,30.28604,-97.73889,53082
Victoria,28.80527,-97.0036,67574
Waco,31.54933,-97.14667,132356
Wichita Falls,33.91371,-98.49339,104710
Alexandria,38.80484,-77.04692,159467
Arlington,38.88101,-77.10428,207627
Centreville,38.84039,-77.42888,71135
Chesapeake,36.81904,-76.27494,235429
Dale City,38.63706,-77.31109,65969
East Hampton,37.03737,-76.33161,147993
Hampton,37.02987,-76.34522,137148
Harrisonburg,38.44957,-78.86892,52538
Leesburg,39.11566,-77.5636,51209
Lynchburg,37.41375,-79.14225,79812
Newport News,36.98038,-76.42975,186247
Norfolk,36.84681,-76.28522,238005
Portsmouth,36.83543,-76.29827,96201
Portsmouth Heights,36.82098,-76.36883,99049
Reston,38.96872,-77.3411,58404
Richmond,37.55376,-77.46026,226610
Roanoke,37.27097,-79.94143,100011
South Suffolk,36.71709,-76.59023,80690
Suffolk,36.72836,-76.58496,88161
Virginia Beach,36.85293,-75.97799,454808
West Lynchburg,37.4032,-79.17808,65517
Auburn,32.60986,-85.48078,62059
Revere,42.40843,-71.01199,53422
Danbury,41.39482,-73.45401,84657
East Hartford,41.78232,-72.61203,51252
East Norwalk,41.10565,-73.39845,84530
Fairfield,41.14121,-73.26373,59052
Hamden,41.39593,-72.89677,59847
Hartford,41.76371,-72.68509,121054
Meriden,41.53815,-72.80704,59988
Milford,41.22232,-73.0565,52759
New Britain,41.66121,-72.77954,72808
New Haven,41.30815,-72.92816,130322
North Stamford,41.13815,-73.54346,121230
Norwalk,41.1176,-73.4079,88485
Stamford,41.05343,-73.53873,128874
Stratford,41.18454,-73.13317,51384
Waterbury,41.55815,-73.0515,108802
West Hartford,41.76204,-72.74204,63268
West Haven,41.27065,-72.94705,54927
Ames,42.03471,-93.61994,65060
Ankeny,41.72971,-93.60577,56764
Cedar Rapids,42.00833,-91.64407,130405
Council Bluffs,41.26194,-95.86083,62597
Davenport,41.52364,-90.57764,102582
Des Moines,41.60054,-93.60911,214133
Dubuque,42.50056,-90.66457,58799
Iowa City,41.66113,-91.53017,74220
Sioux City,42.49999,-96.40031,82821
Waterloo,42.49276,-92.34296,68460
West Des Moines,41.57721,-93.71133,64113
Albany Park,41.96836,-87.72339,52079
Arlington Heights,42.08836,-87.98063,75926
Aurora,41.76058,-88.32007,200661
Belmont Cragin,41.9317,-87.76867,79159
Berwyn,41.85059,-87.79367,56368
Bloomington,40.4842,-88.99369,78292
Bolingbrook,41.69864,-88.0684,74306
Champaign,40.11642,-88.24338,86096
Chicago,41.85003,-87.65005,2664452
Chicago Lawn,41.77503,-87.69644,55551
Cicero,41.84559,-87.75394,83886
Des Plaines,42.03336,-87.8834,58677
Edgewater,41.98337,-87.66395,54873
Elgin,42.03725,-88.28119,112111
Evanston,42.04114,-87.69006,75527
Hoffman Estates,42.04281,-88.0798,52138
Irving Park,41.95336,-87.73645,56520
Joliet,41.52519,-88.0834,147861
Lincoln Park,41.9217,-87.64783,66959
Logan Square,41.92337,-87.69922,73702
Mount Prospect,42.06642,-87.93729,54747
Naperville,41.78586,-88.14729,147100
Near North Side,41.90003,-87.6345,85711
Normal,40.5142,-88.99063,54373
North Peoria,40.71754,-89.58426,113004
Oak Lawn,41.71087,-87.75811,56781
Oak Park,41.88503,-87.7845,52287
Orland Park,41.63031,-87.85394,58619
Palatine,42.1103,-88.03424,69308
Peoria,40.69365,-89.58899,115070
Portage Park,41.95781,-87.76506,64841
Rockford,42.27113,-89.094,148278
Rogers Park,42.00864,-87.66672,54402
Schaumburg,42.03336,-88.08341,74693
Skokie,42.03336,-87.73339,64821
South Lawndale,41.84364,-87.71255,73826
South Shore,41.76198,-87.57783,51451
Tinley Park,41.57337,-87.78449,57143
Uptown,41.9659,-87.65262,55137
Waukegan,42.36363,-87.84479,88475
West Ridge,41.99975,-87.69284,72211
West Town,41.89381,-87.67493,86429
Wheaton,41.86614,-88.10701,53715
Anderson,40.10532,-85.68025,55305
Elkhart,41.68199,-85.97667,52348
Fort Wayne,41.1306,-85.12886,260326
Gary,41.59337,-87.34643,77156
Hammond,41.58337,-87.50004,77614
Kokomo,40.48643,-86.1336,57995
Lafayette,40.4167,-86.87529,71111
Muncie,40.19338,-85.38636,70087
Noblesville,40.04559,-86.0086,59093
South Bend,41.68338,-86.25001,101516
Boston,42.35843,-71.05977,653833
Brockton,42.08343,-71.01838,95314
Brookline,42.33176,-71.12116,58732
Cambridge,42.3751,-71.10561,110402
Chicopee,42.1487,-72.60787,56741
Dorchester,42.29732,-71.0745,97826
Fall River,41.70149,-71.15505,94000
Framingham,42.27926,-71.41617,68318
Framingham Center,42.29732,-71.43701,65413
Haverhill,42.7762,-71.07728,62765
Lawrence,42.70704,-71.16311,80231
Lowell,42.63342,-71.31617,110699
Lynn,42.46676,-70.94949,92457
Malden,42.4251,-71.06616,61068
Medford,42.41843,-71.10616,57403
Methuen,42.7262,-71.19089,52044
New Bedford,41.63526,-70.92701,101079
Newton,42.33704,-71.20922,88817
North Chicopee,42.18343,-72.59953,55179
Peabody,42.52787,-70.92866,52504
Quincy,42.25288,-71.00227,93618
Somerville,42.3876,-71.0995,80318
South Boston,42.33343,-71.04949,571281
South Peabody,42.50982,-70.94949,50293
Springfield,42.10148,-72.58981,154341
Taunton,41.9001,-71.08977,56789
Waltham,42.37649,-71.23561,63378
Weymouth,42.22093,-70.93977,54395
Worcester,42.26259,-71.80229,206518
Portland,43.65737,-70.2589,66881
Ann Arbor,42.27756,-83.74088,117070
Battle Creek,42.3173,-85.17816,51589
Canton,42.30865,-83.48216,86825
Clinton Township,42.58698,-82.91992,99753
Dearborn,42.32226,-83.17631,95171
Dearborn Heights,42.33698,-83.27326,56145
Detroit,42.33143,-83.04575,645705
Farmington Hills,42.48531,-83.37716,81330
Flint,43.01253,-83.68746,98310
Grand Rapids,42.96336,-85.66809,195097
Kalamazoo,42.29171,-85.58723,76041
Kentwood,42.86947,-85.64475,51357
Lansing,42.73253,-84.55553,112644
Livonia,42.36837,-83.35271,94635
Novi,42.48059,-83.47549,58723
Pontiac,42.63892,-83.29105,59917
Rochester Hills,42.65837,-83.14993,73424
Royal Oak,42.48948,-83.14465,59008
Shelby,42.67087,-83.03298,74099
Southfield,42.47337,-83.22187,73156
Saint Clair Shores,42.49698,-82.88881,59715
Sterling Heights,42.58031,-83.0302,132052
Taylor,42.24087,-83.26965,61568
Troy,42.60559,-83.14993,83280
Warren,42.49044,-83.01304,134056
Waterford,42.69303,-83.41181,75737
Westland,42.3242,-83.40021,82000
Wyoming,42.91336,-85.70531,75275
Apple Valley,44.73191,-93.21772,51221
Blaine,45.1608,-93.23495,62124
Bloomington,44.8408,-93.29828,86435
Brooklyn Park,45.09413,-93.35634,79149
Burnsville,44.76774,-93.27772,61481
Coon Rapids,45.11997,-93.28773,62240
Duluth,46.78327,-92.10658,86110
Eagan,44.80413,-93.16689,66286
Eden Prairie,44.85469,-93.47079,63496
Edina,44.88969,-93.34995,50138
Lakeville,44.64969,-93.24272,60633
Maple Grove,45.07246,-93.45579,68385
Minneapolis,44.97997,-93.26384,410939
Minnetonka,44.9133,-93.50329,51669
Minnetonka Mills,44.94107,-93.4419,50117
Plymouth,45.01052,-93.45551,75907
Rochester,44.02163,-92.4699,112225
Saint Cloud,45.5608,-94.16249,65842
Saint Paul,44.94441,-93.09327,303176
West Coon Rapids,45.15969,-93.34967,62528
Woodbury,44.92386,-92.95938,67855
Fargo,46.87719,-96.7898,118523
Grand Forks,47.92526,-97.03285,57011
Bellevue,41.13667,-95.89084,55510
Grand Island,40.92501,-98.34201,51440
Lincoln,40.8,-96.66696,294757
Omaha,41.25626,-95.94043,486051
Manchester,42.99564,-71.45479,110229
Nashua,42.76537,-71.46757,87970
Bayonne,40.66871,-74.11431,66311
Brick,40.05928,-74.13708,76021
Clifton,40.85843,-74.16376,86334
East Orange,40.76732,-74.20487,64949
Edison,40.51872,-74.4121,102548
Elizabeth,40.66399,-74.2107,129007
Hoboken,40.74399,-74.03236,53635
Irvington,40.73232,-74.23487,61323
Jersey City,40.72816,-74.07764,264290
Lakewood,40.09789,-74.21764,53805
Middletown,40.39428,-74.11709,65490
New Brunswick,40.48622,-74.45182,57035
Newark,40.73566,-74.17237,281944
North Bergen,40.80427,-74.01208,63484
Parsippany,40.85788,-74.42599,51144
Passaic,40.85677,-74.12848,71085
Paterson,40.91677,-74.17181,147754
Perth Amboy,40.50677,-74.26542,52682
Piscataway,40.49927,-74.39904,56044
Plainfield,40.63371,-74.40737,51217
Trenton,40.21705,-74.74294,89620
Union,40.6976,-74.2632,56771
Union City,40.77955,-74.02375,69156
Wayne,40.92538,-74.27654,57915
West New York,40.78788,-74.01431,53366
Albany,42.65258,-73.75623,101228
Amherst,42.97839,-78.79976,122366
Astoria,40.77205,-73.93014,150165
Bayside,40.76844,-73.77708,66455
Bensonhurst,40.60177,-73.99403,60000
Borough Park,40.63399,-73.99681,149248
Brentwood,40.78121,-73.24623,60664
The Bronx,40.84985,-73.86641,1385108
Brooklyn,40.6501,-73.94958,2736074
Brownsville,40.66094,-73.92014,74497
Buffalo,42.88645,-78.87837,258071
Bushwick,40.69427,-73.91875,112620
Canarsie,40.64372,-73.90069,87366
Cheektowaga,42.90339,-78.75475,75178
Chinatown,40.71649,-73.99625,90000
Clay,43.1859,-76.17243,58206
Coney Island,40.57788,-73.99403,60000
Corona,40.74705,-73.86014,109698
Cypress Hills,40.67705,-73.89125,54944
East Flatbush,40.65371,-73.93042,178464
East New York,40.66677,-73.88236,173198
East Village,40.72927,-73.98736,62832
Elmhurst,40.73649,-73.87791,113364
Flatbush,40.65205,-73.95903,93361
Flatlands,40.62122,-73.93486,63601
Fordham,40.85927,-73.89847,94678
Forest Hills,40.71621,-73.85014,67714
Gravesend,40.5976,-73.96514,112229
Greenburgh,41.03287,-73.84291,86764
Harlem,40.80788,-73.94542,116345
Hempstead,40.70621,-73.61874,55547
Irondequoit,43.2134,-77.57972,51692
Jackson Heights,40.75566,-73.88541,67067
Jamaica,40.69149,-73.80569,216866
Kings Bridge,40.87871,-73.90514,75132
Levittown,40.72593,-73.51429,51881
Manhattan,40.78343,-73.96625,1487536
Mott Haven,40.80899,-73.92291,51450
Mount Vernon,40.9126,-73.83708,68628
New Rochelle,40.91149,-73.78235,79846
New York City,40.71427,-74.00597,8804190
Ozone Park,40.67677,-73.84375,53985
Park Slope,40.6701,-73.98597,65047
Parkchester,40.83899,-73.86041,65876
Queens Village,40.72677,-73.74152,51919
Queens,40.68149,-73.83652,2316841
Richmond Hill,40.69983,-73.83125,98984
Ridgewood,40.7001,-73.90569,69317
Rochester,43.15478,-77.61556,209802
Schenectady,42.81424,-73.93957,65305
Sheepshead Bay,40.59122,-73.94458,122534
South Ozone Park,40.6701,-73.81902,75878
Staten Island,40.56233,-74.13986,468730
Syracuse,43.04812,-76.14742,144142
Upper West Side,40.78705,-73.97542,226989
Utica,43.1009,-75.23266,61100
Wakefield,40.89788,-73.85236,52201
Washington Heights,40.8501,-73.93541,152613
West Albany,42.68313,-73.77845,93794
White Plains,41.03399,-73.76291,58459
Yonkers,40.9304,-73.89789,201116
Akron,41.08144,-81.51901,197542
Canton,40.79895,-81.37845,71885
Cleveland,41.4995,-81.69541,365379
Elyria,41.36838,-82.10765,53775
Lakewood,41.48199,-81.79819,50656
Lorain,41.45282,-82.18237,63647
Parma,41.40477,-81.72291,79937
Toledo,41.66394,-83.55521,265638
Youngstown,41.09978,-80.64952,64628
Abington,40.12067,-75.11795,55310
Allentown,40.60843,-75.49018,120207
Bensalem,40.10455,-74.95128,60427
Bethlehem,40.62593,-75.37046,74892
Erie,42.12922,-80.08506,99475
Harrisburg,40.2737,-76.88442,50183
Lancaster,40.03788,-76.30551,59339
Levittown,40.15511,-74.82877,52983
Pittsburgh,40.44062,-79.99589,304391
Reading,40.33565,-75.92687,87879
Scranton,41.40916,-75.6649,77118
Cranston,41.77982,-71.43728,81073
Pawtucket,41.87871,-71.38256,71591
Providence,41.82399,-71.41283,190934
Warwick,41.7001,-71.41617,81699
Sioux Falls,43.54369,-96.72796,171544
Appleton,44.26193,-88.41538,74139
Eau Claire,44.81135,-91.49849,67778
Green Bay,44.51916,-88.01983,105207
Janesville,42.68279,-89.01872,64123
Kenosha,42.58474,-87.82119,99858
La Crosse,43.80136,-91.23958,52306
Madison,43.07305,-89.40123,280305
Milwaukee,43.0389,-87.90647,563531
North La Crosse,43.84635,-91.24819,50470
Oshkosh,44.02471,-88.54261,66555
Racine,42.72613,-87.78285,77742
Waukesha,43.01168,-88.23148,71970
West Allis,43.01668,-88.00703,60620
Bridgeport,41.17923,-73.18945,147629
Bristol,41.67176,-72.94927,60452
Buckeye,33.37032,-112.58378,50876
Casa Grande,32.8795,-111.75735,51460
Casas Adobes,32.32341,-110.9951,66795
Catalina Foothills,32.29785,-110.9187,50796
Chandler,33.30616,-111.84125,260828
Deer Valley,33.68393,-112.13488,165656
Flagstaff,35.19807,-111.65127,70320
Gilbert,33.35283,-111.78903,247542
Glendale,33.53865,-112.18599,240126
Goodyear,33.43532,-112.35821,79003
Lake Havasu City,34.4839,-114.32245,53553
Maryvale,33.50199,-112.17765,208189
Mesa,33.42227,-111.82264,471825
Peoria,33.5806,-112.23738,190985
Phoenix,33.44838,-112.07404,1650070
Scottsdale,33.50921,-111.89903,236839
Surprise,33.63059,-112.33322,143148
Tempe,33.41477,-111.90931,175826
Tempe Junction,33.41421,-111.94348,158368
Tucson,32.22174,-110.92648,542629
Yuma,32.72532,-114.6244,95548
Alameda,37.77099,-122.26087,78630
Alhambra,34.09529,-118.12701,85551
Aliso Viejo,33.56504,-117.72712,50195
Anaheim,33.83529,-117.9145,350742
Antioch,38.00492,-121.80579,110542
Apple Valley,34.50083,-117.18588,72174
Arcadia,34.13973,-118.03534,58408
Bakersfield,35.37329,-119.01871,373640
Baldwin Park,34.08529,-117.9609,77071
Bellflower,33.88168,-118.11701,78441
Berkeley,37.87159,-122.27275,120972
Boyle Heights,34.0339,-118.20535,92785
Brentwood,37.93187,-121.69579,58968
Buena Park,33.86751,-117.99812,83270
Burbank,34.18084,-118.30897,105319
Camarillo,34.21639,-119.0376,67608
Canoga Park,34.20112,-118.59814,60578
Canyon Country,34.42333,-118.47203,59530
Carlsbad,33.15809,-117.35059,114746
Carmichael,38.61713,-121.32828,61762
Carson,33.83141,-118.28202,93281
Castro Valley,37.6941,-122.08635,61388
Cathedral City,33.77974,-116.46529,53826
Chico,39.72849,-121.83748,121345
Chinatown,37.7966,-122.40858,100574
Chino,34.01223,-117.68894,85595
Chino Hills,33.9938,-117.75888,78309
Chula Vista,32.64005,-117.0842,265757
Citrus Heights,38.70712,-121.28106,87056
Clovis,36.82523,-119.70292,104180
Colton,34.0739,-117.31365,54621
Compton,33.89585,-118.22007,98462
Concord,37.97798,-122.03107,128667
Corona,33.87529,-117.56644,164226
Costa Mesa,33.64113,-117.91867,113204
Cupertino,37.323,-122.03218,60572
Daly City,37.70577,-122.46192,106562
Davis,38.54491,-121.74052,67666
Delano,35.76884,-119.24705,52733
Diamond Bar,34.02862,-117.81034,56897
Downey,33.94001,-118.13257,114219
Dublin,37.70215,-121.93579,57721
East Los Angeles,34.0239,-118.17202,126496
El Cajon,32.79477,-116.96253,103679
El Monte,34.06862,-118.02757,116732
Elk Grove,38.4088,-121.37162,166913
Encinitas,33.03699,-117.29198,62930
Escondido,33.11921,-117.08642,151038
Fairfield,38.24936,-122.03997,112970
Folsom,38.67796,-121.17606,76375
Fontana,34.09223,-117.43505,212704
Fountain Valley,33.70918,-117.95367,56987
Fremont,37.54827,-121.98857,232206
Fresno,36.74773,-119.77237,542107
Fullerton,33.87029,-117.92534,140847
Garden Grove,33.77391,-117.94145,175393
Gardena,33.88835,-118.30896,60447
Gilroy,37.00578,-121.56828,53231
Glendale,34.14251,-118.25508,201020
Glendora,34.13612,-117.86534,52009
Hacienda Heights,33.99307,-117.96868,54038
Hanford,36.32745,-119.64568,55659
Hawthorne,33.9164,-118.35257,88451
Hayward,37.66882,-122.0808,158289
Hemet,33.74761,-116.97307,83861
Hesperia,34.42639,-117.30088,93295
Highland,34.12834,-117.20865,54854
Hollywood,34.09834,-118.32674,167664
Huntington Beach,33.6603,-117.99923,201899
Huntington Park,33.98168,-118.22507,59430
Indio,33.7207,-116.21677,87533
Inglewood,33.96168,-118.35313,111666
Irvine,33.66946,-117.82311,256927
Koreatown,34.05779,-118.30091,124281
La Habra,33.93196,-117.94617,62131
La Mesa,32.76783,-117.02308,60089
Laguna Niguel,33.52253,-117.70755,65806
Lake Elsinore,33.66808,-117.32726,61981
Lake Forest,33.64697,-117.68922,82492
Lakewood,33.85363,-118.13396,81611
Lancaster,34.69804,-118.13674,161103
Livermore,37.68187,-121.76801,88126
Lodi,38.1302,-121.27245,64596
Long Beach,33.76696,-118.18923,474140
Los Angeles,34.05223,-118.24368,3820914
Lynwood,33.93029,-118.21146,71989
Madera,36.96134,-120.06072,64208
Manteca,37.79743,-121.21605,75448
Menifee,33.72835,-117.14642,87174
Merced,37.30216,-120.48297,82436
Milpitas,37.42827,-121.90662,77604
Mira Mesa,32.9156,-117.14392,70000
Mission Viejo,33.60002,-117.672,97156
Modesto,37.6391,-120.99688,211266
Montebello,34.00946,-118.10535,63921
Monterey Park,34.06251,-118.12285,61468
Moreno Valley,33.93752,-117.23059,204198
Mountain View,37.38605,-122.08385,80435
Murrieta,33.55391,-117.21392,109830
Napa,38.29714,-122.28553,80434
National City,32.67811,-117.0992,61060
Newport Beach,33.61891,-117.92895,87127
North Hollywood,34.17223,-118.37897,64587
Northridge,34.22834,-118.53675,68469
Norwalk,33.90224,-118.08173,107140
Novato,38.10742,-122.5697,55530
Oakland,37.80437,-122.2708,419267
Oceanside,33.19587,-117.37948,175691
Ontario,34.06334,-117.65089,171214
Orange,33.78779,-117.85311,140992
Oxnard,34.1975,-119.17705,207254
Palm Desert,33.72255,-116.37697,51869
Palmdale,34.57943,-118.11646,158351
Palo Alto,37.44188,-122.14302,66853
Paramount,33.88946,-118.15979,55412
Pasadena,34.14778,-118.14452,142250
Perris,33.78252,-117.22865,74971
Petaluma,38.23242,-122.63665,60438
Pico Rivera,33.98307,-118.09673,64218
Pittsburg,38.02798,-121.88468,69424
Placentia,33.87224,-117.87034,52495
Pleasanton,37.66243,-121.87468,79510
Pomona,34.05529,-117.75228,153266
Porterville,36.06523,-119.01677,56058
Poway,32.96282,-117.03586,50157
Rancho Cordova,38.58907,-121.30273,71017
Rancho Cucamonga,34.1064,-117.59311,175236
Rancho Penasquitos,32.95949,-117.11531,60000
Redlands,34.05557,-117.18254,71035
Redondo Beach,33.84918,-118.38841,68166
Redwood City,37.48522,-122.23635,85288
Reseda,34.20112,-118.53647,65000
Rialto,34.1064,-117.37032,103132
Richmond,37.93576,-122.34775,109708
Riverside,33.95335,-117.39616,317261
Rocklin,38.79073,-121.23578,61213
Rosemead,34.08057,-118.07285,54908
Roseville,38.75212,-121.28801,130269
Sacramento,38.58157,-121.4944,524943
Salinas,36.67774,-121.6555,157380
San Bernardino,34.10834,-117.28977,216108
San Clemente,33.42697,-117.61199,65526
San Diego,32.71571,-117.16472,1404452
San Francisco,37.77493,-122.41942,827526
San Jose,37.33939,-121.89496,997368
San Leandro,37.72493,-122.15608,90712
San Marcos,33.14337,-117.16614,92931
San Mateo,37.56299,-122.32553,103536
San Pedro,33.73585,-118.29229,83556
San Rafael,37.97353,-122.53109,59162
San Ramon,37.77993,-121.97802,76134
Santa Ana,33.74557,-117.86783,310227
Santa Barbara,34.42083,-119.69819,91842
Santa Clara,37.35411,-121.95524,126215
Santa Clarita,34.39166,-118.54259,182371
Santa Cruz,36.97412,-122.0308,64220
Santa Maria,34.95303,-120.43572,105093
Santa Monica,34.01949,-118.49138,93220
Santa Rosa,38.44047,-122.71443,178127
Santee,32.83838,-116.97392,57787
North Hills,34.23639,-118.48472,56946
Sherman Oaks,34.15112,-118.44925,52677
Simi Valley,34.26945,-118.78148,126788
South Gate,33.95474,-118.21202,96401
South San Francisco,37.65466,-122.40775,67271
South Whittier,33.95015,-118.03917,57156
Stockton,37.9577,-121.29078,305658
Sunnyvale,37.36883,-122.03635,155805
Sylmar,34.30778,-118.44925,79614
Temecula,33.49364,-117.14836,110003
Thousand Oaks,34.17056,-118.83759,129339
Torrance,33.83585,-118.34063,143592
Tracy,37.73987,-121.42618,87075
Tulare,36.20773,-119.34734,62315
Turlock,37.49466,-120.84659,72292
Tustin,33.74585,-117.82617,80583
Union City,37.59577,-122.01913,74494
Universal City,34.1389,-118.35341,105000
Upland,34.09751,-117.64839,76443
Vacaville,38.35658,-121.98774,96803
Valencia,34.44361,-118.60953,148456
Vallejo,38.10409,-122.25664,121692
Van Nuys,34.18667,-118.44897,136443
Ventura,34.27834,-119.29317,96769
Victorville,34.53611,-117.29116,122225
Visalia,36.33023,-119.29206,130104
Vista,33.20004,-117.24254,100890
Walnut Creek,37.90631,-122.06496,68910
Watsonville,36.91023,-121.75689,53628
West Covina,34.06862,-117.93895,108484
West Sacramento,38.58046,-121.53023,52721
Westminster,33.75918,-118.00673,92114
Whittier,33.97918,-118.03284,87438
Wilmington,33.78002,-118.26257,52000
Woodland,38.67852,-121.7733,58567
Woodland Hills,34.16834,-118.60592,70000
Yorba Linda,33.88863,-117.81311,67973
Yuba City,39.14045,-121.61691,66941
Yucaipa,34.03363,-117.04309,53328
Arvada,39.80276,-105.08748,115368
Aurora,39.72943,-104.83192,359407
Broomfield,39.92054,-105.08665,65065
Castle Rock,39.37221,-104.85609,55591
Centennial,39.57916,-104.87692,109741
Colorado Springs,38.83388,-104.82136,456568
Commerce City,39.80832,-104.93387,53696
Denver,39.73915,-104.9847,729019
Grand Junction,39.06387,-108.55065,60358
Highlands Ranch,39.55388,-104.96943,96713
Lakewood,39.70471,-105.08137,152597
Pueblo,38.25445,-104.60914,109412
Thornton,39.86804,-104.97192,133451
Westminster,39.83665,-105.0372,116317
Albuquerque,35.08449,-106.65114,564559
Las Cruces,32.31232,-106.77834,101643
Rio Rancho,35.23338,-106.66447,87521
Santa Fe,35.68698,-105.9378,87505
Carson City,39.1638,-119.7674,58639
Enterprise,36.02525,-115.24194,108481
Henderson,36.0397,-114.98194,285667
Las Vegas,36.17497,-115.13722,641903
North Las Vegas,36.19886,-115.1175,234807
Paradise,36.09719,-115.14666,223167
Reno,39.52963,-119.8138,264165
Sparks,39.53491,-119.75269,96094
Spring Valley,36.10803,-115.245,178395
Sunrise Manor,36.21108,-115.07306,189372
Amarillo,35.222,-101.8313,198645
El Paso,31.75872,-106.48693,678815
Lubbock,33.57786,-101.85517,249042
Midland,31.99735,-102.07791,132524
Odessa,31.84568,-102.36764,114428
San Angelo,31.46377,-100.43704,99893
Saint George,37.10415,-113.58412,72897
Alhambra,33.49838,-112.13432,127764
Avondale,33.4356,-112.3496,80684
Ahwatukee Foothills,33.34171,-111.98403,83464
Redding,40.58654,-122.39168,91582
Boulder,40.01499,-105.27055,106803
Fort Collins,40.58526,-105.08442,170924
Greeley,40.42331,-104.70913,108795
Longmont,40.16721,-105.10193,92088
Loveland,40.39776,-105.07498,75182
Boise,43.6135,-116.20345,235684
Caldwell,43.66294,-116.68736,51686
Idaho Falls,43.46658,-112.03414,59184
Meridian,43.61211,-116.39151,90739
Nampa,43.54072,-116.56346,89839
Pocatello,42.8713,-112.44553,54441
Billings,45.78329,-108.50069,117116
Great Falls,47.50024,-111.30081,59638
Missoula,46.87215,-113.994,71022
Bismarck,46.80833,-100.78374,75092
Albany,44.63651,-123.10593,52175
Beaverton,45.48706,-122.80371,96577
Bend,44.05817,-121.31531,87014
Corvallis,44.56457,-123.26204,55780
Eugene,44.05207,-123.08675,176654
Gresham,45.49818,-122.43148,110553
Hillsboro,45.52289,-122.98983,102347
Medford,42.32652,-122.87559,79805
Portland,45.52345,-122.67621,652503
Salem,44.9429,-123.0351,175535
Springfield,44.04624,-123.02203,60870
Tigard,45.43123,-122.77149,51253
Rapid City,44.08054,-103.23101,73569
Layton,41.06022,-111.97105,74143
Lehi,40.39162,-111.85077,58486
Logan,41.73549,-111.83439,50371
Millcreek,40.68689,-111.87549,62139
Ogden,41.223,-111.97383,85444
Orem,40.2969,-111.69465,94457
Provo,40.23384,-111.65853,115162
Salt Lake City,40.76078,-111.89105,215548
Sandy,40.59161,-111.8841,87461
Sandy Hills,40.58106,-111.85077,89575
South Jordan,40.56217,-111.92966,66648
Taylorsville,40.66772,-111.93883,60514
West Jordan,40.60967,-111.9391,111946
West Valley City,40.69161,-112.00105,136208
Auburn,47.30732,-122.22845,77006
Bellevue,47.61038,-122.20068,139820
Bellingham,48.75955,-122.48822,85146
Burien,47.47038,-122.34679,50467
Everett,47.97898,-122.20208,108010
Federal Way,47.32232,-122.31262,95171
Kennewick,46.21125,-119.13723,78896
Kent,47.38093,-122.23484,126952
Kirkland,47.68149,-122.20874,87281
Lakewood,47.17176,-122.51846,59829
Marysville,48.05176,-122.17708,66773
Olympia,47.04491,-122.90169,55733
Pasco,46.23958,-119.10057,69451
Redmond,47.67399,-122.12151,60598
Renton,47.48288,-122.21707,100242
Richland,46.28569,-119.28446,54248
Sammamish,47.64177,-122.0804,52253
Seattle,47.60621,-122.33207,780995
Shoreline,47.75565,-122.34152,55439
South Hill,47.14121,-122.27012,52431
Spokane,47.65966,-117.42908,229447
Spokane Valley,47.67323,-117.23937,94919
Tacoma,47.25288,-122.44429,222906
Vancouver,45.63873,-122.66149,196442
Yakima,46.60207,-120.5059,93701
Casper,42.86663,-106.31308,60285
Cheyenne,41.13998,-104.82025,65132
Honolulu,21.30694,-157.85833,350964
Anchorage,61.21806,-149.90028,289600
Johns Creek,34.02893,-84.19858,83335
Morningside Heights,40.81,-73.9625,55929
East Harlem,40.79472,-73.9425,115921
Alafaya,28.5641,-81.2114,78113
Little Havana,25.76806,-80.23306,53430
Briarwood,40.70935,-73.81529,53877
City of Milford (balance),41.22374,-73.06164,51271
West Bloomfield Township,42.56891,-83.38356,64690
Arden-Arcade,38.6025,-121.37854,92186
Florence-Graham,33.96772,-118.24438,63387
Tri-Cities,46.2454,-119.19617,244036
San Tan Valley,33.1911,-111.528,81321
Enchanted Hills,35.33676,-106.59296,87521
Eastvale,33.96358,-117.56418,59039
Financial District,40.70789,-74.00857,60976
Sunset Park,40.64548,-74.01241,126000
Center City,39.9512,-75.15923,57239
Stonecrest,33.70849,-84.13485,50000
Valley Glen,34.18568,-118.42032,60000
Encanto,33.47937,-112.07823,54614
Central City,33.44001,-112.05805,58161
South Fulton,33.59259,-84.67294,107436
Mid-City,34.04126,-118.36058,83000
Downtown DC,38.8935,-77.01991,52560
The Trails of Frisco,33.16087,-96.87182,51059
Tacuarembó,-31.71882,-55.97925,60586
Salto,-31.38811,-57.95983,114084
Rivera,-30.90534,-55.55076,84775
Paysandú,-32.3171,-58.08072,81550
Montevideo,-34.90328,-56.18816,1270737
Melo,-32.3682,-54.16409,56013
Maldonado,-34.89791,-54.95021,102000
Las Piedras,-34.7302,-56.21915,69682
Nukus,42.45861,59.60576,332500
Qŭnghirot,43.04333,58.83944,80090
Xo‘jayli Shahri,42.40881,59.44544,67800
Oltinko‘l,43.06874,58.90372,59122
Urgut Shahri,39.41902,67.26118,65300
Tirmiz,37.22417,67.27833,182800
Shahrisabz,39.05778,66.83417,142700
Samarkand,39.65456,66.96445,595200
Qarshi,38.86056,65.78905,278300
Kattaqo’rg’on Shahri,39.90546,66.26556,90600
Koson,39.0375,65.585,68900
Kogon Shahri,39.72746,64.55466,62300
Denov,38.26746,67.89886,78300
Bukhara,39.77026,64.43069,280187
Yunusobod,41.37139,69.27944,352000
Yangiyŭl,41.11202,69.0471,61700
Urganch,41.55177,60.63143,145000
Tŭytepa,41.0321,69.36253,51400
Tashkent,41.26465,69.21627,1978028
Shahrixon,40.71331,72.05706,71400
Qo‘qon,40.52861,70.9425,259700
Parkent,41.29444,69.67639,60200
Olmaliq,40.84472,69.59833,133400
Navoiy,40.08444,65.37917,144158
Namangan,40.9983,71.67257,713220
Marg‘ilon,40.47237,71.72463,253500
Asaka,40.64153,72.23868,62200
Quvasoy,40.29721,71.98026,96900
Xiva,41.38555,60.36408,115000
Kosonsoy,41.24944,71.54738,50900
Jizzax,40.13351,67.82956,179200
Gurlan,41.84123,60.39268,50900
Guliston,40.49536,68.77542,90398
Fergana,40.38421,71.78432,299200
Chust,41.00329,71.23791,100200
Chirchiq,41.46889,69.58222,162800
Chilanzar,41.28194,69.18111,260700
Sergeli,41.19833,69.22222,105700
Chortoq,41.06924,71.82372,53400
Beshariq,40.43583,70.61028,96900
Beruniy,41.69111,60.7525,66090
Bekobod,40.22083,69.26972,96900
Angren,41.01667,70.14361,191300
Andijon,40.78338,72.35067,747800
Anaco,9.42958,-64.46428,139397
Alto Barinas,8.5931,-70.2261,284289
Zaraza,9.35029,-65.32452,74017
Yaritagua,10.08081,-69.1242,113343
Villa de Cura,10.03863,-67.48938,99669
Villa Bruzual,9.33186,-69.11968,55244
Valle de La Pascua,9.21554,-66.00734,153136
Valera,9.31778,-70.60361,244708
Valencia,10.16153,-68.00044,1619470
Ureña,7.92162,-72.44396,56509
Upata,8.0162,-62.40561,112617
Turmero,10.22856,-67.47421,344700
Tucupita,9.06263,-62.05208,99778
Trujillo,9.36587,-70.43659,71362
Tinaquillo,9.91861,-68.30472,115937
Táriba,7.82117,-72.22329,138402
Socopó,8.23062,-70.82198,72352
San Timoteo,9.7901,-71.07084,81017
Santa Teresa del Tuy,10.23291,-66.66474,278890
Santa Cruz de Mara,10.79269,-71.68505,69781
San Rafael,10.96205,-71.73034,55810
San Mateo,10.21302,-67.42365,50401
San Juan de los Morros,9.91246,-67.35398,160868
Colón,8.03125,-72.26053,62513
San Juan Bautista,11.01243,-63.94412,90387
San José de Guanipa,8.88724,-64.16512,83092
San Joaquín,10.26061,-67.79348,69894
San Felipe,10.3401,-68.74297,206270
San Cristóbal,7.76593,-72.23576,289852
San Carlos del Zulia,9.00098,-71.92683,126353
San Carlos,9.66415,-68.58659,120375
San Antonio del Táchira,7.8112,-72.44437,66392
San Antonio de Los Altos,10.38853,-66.95179,63873
Rubio,7.70156,-72.35551,93197
La Villa del Rosario,10.3258,-72.31343,82766
Quíbor,9.92866,-69.6201,51377
Punto Fijo,11.69152,-70.19918,141729
Punta de Mata,9.69131,-63.60921,61080
Punta Cardón,11.65806,-70.215,113999
Puerto La Cruz,10.21382,-64.6328,370000
Puerto Cabello,10.47306,-68.0125,174000
Puerto Ayacucho,5.66049,-67.58343,125840
Porlamar,10.95771,-63.86971,216234
Petare,10.47679,-66.80786,364684
Pampatar,11.00085,-63.79298,64983
Pampán,9.44519,-70.47556,59657
Palo Negro,10.17389,-67.54194,128875
Ocumare del Tuy,10.1182,-66.77513,166072
Nirgua,10.15039,-68.56478,54080
Morón,10.48715,-68.20078,68084
Mérida,8.57899,-71.16922,300000
Mene Grande,9.84639,-70.92655,60580
Mariara,10.29532,-67.7177,116142
Maracay,10.24972,-67.59475,464700
Maracaibo,10.64232,-71.61089,1752602
Maiquetía,10.5945,-66.95624,52564
Machiques,10.06077,-72.55212,132734
Los Teques,10.34954,-67.04266,252242
Los Rastrojos,10.02588,-69.24166,100497
Los Dos Caminos,10.49389,-66.82863,58168
La Victoria,10.22677,-67.33122,126721
Lander,10.18333,-66.7,176346
La Concepción,10.61919,-71.83814,120478
Concepción,10.4119,-71.68919,92463
Güigüe,10.08344,-67.77799,80627
Guatire,10.474,-66.54241,227666
Guarenas,10.47027,-66.61934,248588
Guanare,9.03934,-69.73364,112286
Guacara,10.22609,-67.877,198883
El Vigía,8.6135,-71.65702,162289
El Tocuyo,9.78709,-69.79294,74829
El Tigre,8.88902,-64.2527,222450
El Limón,10.30589,-67.63212,148247
El Hatillo,10.42411,-66.82581,57591
Ejido,8.54665,-71.24087,120978
Cumaná,10.4639,-64.17859,405626
Cúa,10.16245,-66.88248,182558
Coro,11.40769,-69.67822,246657
Cocorote,10.31954,-68.78298,52803
Ciudad Piar,7.45209,-63.31992,51967
Ciudad Ojeda,10.20161,-71.3148,240283
Ciudad Guayana,8.35122,-62.64102,978202
Ciudad Bolivia,8.35304,-70.57121,52476
Ciudad Bolívar,8.12366,-63.54694,412619
Chivacoa,10.15951,-68.89453,70298
Charallave,10.24247,-66.85723,129182
Chacao,10.49581,-66.85367,64609
Tacarigua,10.08621,-67.91982,69636
Caucagüito,10.48666,-66.73799,52556
Catia La Mar,10.60545,-67.03238,106822
Carúpano,10.66516,-63.25387,167187
Carora,10.17283,-70.081,121741
Caracas,10.48801,-66.87919,3000000
Cantaura,9.30571,-64.35841,68885
Calabozo,8.92416,-67.42929,168605
Caicara del Orinoco,7.63501,-66.16815,67277
Cagua,10.18634,-67.45935,119033
Cabudare,10.02658,-69.26203,102686
Cabimas,10.39907,-71.45206,351736
Boconó,9.25385,-70.25105,68990
Biruaca,7.84483,-67.51679,76553
Baruta,10.43424,-66.87558,244216
Barquisimeto,10.0647,-69.35703,1240714
Barinitas,8.76171,-70.41199,51556
Barinas,8.62064,-70.23105,397279
Barcelona,10.1384,-64.68769,815141
Araure,9.58144,-69.23851,181820
Altagracia de Orituco,9.86005,-66.38139,68207
Los Puertos de Altagracia,10.71492,-71.52168,101527
Acarigua,9.55451,-69.19564,188278
San Josecito,7.66106,-72.22009,54669
Maturín,9.74569,-63.18323,647459
La Fría,8.21523,-72.24888,61568
El Cafetal,10.46541,-66.82951,80029
La Dolorita,10.4883,-66.78608,56846
Guasdualito,7.24241,-70.73235,64608
San Fernando de Apure,7.88963,-67.47181,229197
Saint Croix,17.72751,-64.74698,50601
Yên Vinh,18.66667,105.66667,107082
Yên Bái,21.72288,104.9113,100631
Xuân Lộc,10.93333,107.23333,253140
Xóm Cái Nước,9.8,105.1,54397
Trảng Bom,10.95358,107.00589,57560
Vũng Tàu,10.34599,107.08426,464860
Vĩnh Yên,21.30891,105.60489,119128
Vĩnh Tuy,21,105.88333,86618
Vĩnh Long,10.25369,105.9722,137870
Vĩnh Châu,9.32439,105.98006,183918
Vinh,18.67337,105.69232,790000
Việt Yên,21.26667,106.13333,205900
Việt Trì,21.32274,105.40198,415280
Thành Phố Uông Bí,21.03433,106.77049,63829
Tuy Hòa,13.09546,109.32094,155921
Tuyên Quang,21.82356,105.21424,104645
Trà Vinh,9.94719,106.34225,160310
Trảng Bàng,11.02987,106.35751,161831
Long Bien,21.03333,105.9,347829
Tịnh Biên,10.59591,104.93669,143098
Thượng Cát,21.09342,105.73188,87406
Thủ Đức,10.84863,106.77209,524670
Thủ Dầu Một,10.9804,106.6519,373105
Thuận Thanh,21.046,106.079,199577
Thốt Nốt,10.27213,105.5338,158225
Thới Lai,10.06522,105.55863,109684
Ho Chi Minh City,10.82302,106.62965,14002598
Thanh Liệt,20.96667,105.81667,76238
Thanh Hóa,19.8,105.76667,850000
Thái Nguyên,21.59422,105.84817,420000
Thái Bình,20.45,106.34002,53071
Tây Ninh,11.31004,106.09828,135254
Tây Hồ,21.06895,105.81053,168300
Tân Châu,10.79832,105.23887,175211
Tân Bình,10.8025,106.66,89373
Tân An,10.53589,106.41366,215250
Tam Kỳ,15.57364,108.47403,165240
Sơn Tây,21.14053,105.50686,230577
Sơn La,21.3256,103.91882,106052
Sông Cầu,13.4556,109.22348,94066
Sóc Trăng,9.59995,105.97193,221430
Sầm Sơn,19.73333,105.9,129801
Sa Dec,10.29085,105.75635,214610
Rạch Giá,10.01245,105.08091,459860
Qui Nhon,13.77648,109.22367,519208
Ba Đồn,17.75353,106.42355,106413
Quảng Ngãi,15.12047,108.79232,278496
Pleiku,13.98333,108,114225
Từ Sơn,21.1,105.96667,65697
Phú Thọ,21.39963,105.22221,91650
Phú Mỹ,10.63333,107.06667,287055
Phủ Lý,20.54531,105.91221,136654
Phúc Yên,21.23695,105.70483,180000
Phong Thạnh,9.32361,105.34639,53912
Phong Điền,16.58321,107.36438,114820
Phong Điền,9.99753,105.6673,98424
Phan Thiết,10.92889,108.10208,228536
Phan Rang-Tháp Chàm,11.56432,108.98858,207998
Ô Môn,10.10974,105.62318,129683
Ninh Hòa,12.49187,109.12495,230566
Nha Trang,12.24507,109.19432,579000
Nghi Sơn,19.32746,105.82145,302210
Nghĩa Lộ,21.6,104.51667,68206
Nghĩa Đô,21.05,105.8,96418
Nam Định,20.43389,106.17729,448225
Mỹ Tho,10.36004,106.35996,270700
Mỹ Hào,20.91667,106.08333,115608
Móng Cái,21.52471,107.96619,108553
Thị Trấn Mạo Khê,21.05858,106.59255,72012
Long Xuyên,10.38639,105.43518,286140
Long Mỹ,9.68141,105.57226,61781
Lào Cai,22.48556,103.97066,130671
Lạng Sơn,21.85264,106.76101,200108
Thị Trấn Phước Bửu,10.53472,107.40202,51895
La Gi,10.65993,107.77206,160652
Kỳ Anh,18.06243,106.29832,150226
Kon Tum,14.35451,108.00759,205762
Kiến An,20.80528,106.62556,118047
Hương Trà,16.52539,107.4755,72677
Hương Thủy,16.42184,107.63999,95299
Hưng Yên,20.64637,106.05112,118646
Huế,16.4619,107.59546,1380000
Hồng Ngự,10.8,105.35,101155
Hạ Long,20.95045,107.07336,270054
Hòa Bình,20.81717,105.33759,105260
Hà Tĩnh,18.34282,105.90569,266321
Hà Tiên,10.3831,104.48753,100560
Hanoi,21.0245,105.84117,8053663
Haiphong,20.86481,106.68345,2625200
Hải Dương,20.94099,106.33302,241373
Hải Châu,15.91667,108.13333,131427
Hà Giang,22.82333,104.98357,55559
Hà Đông,20.97136,105.77876,50877
Gò Vấp,10.81667,106.68333,110850
Gò Công,10.36667,106.66667,97709
Giá Rai,9.23444,105.45833,145340
Gia Nghĩa,12.00423,107.69074,85082
Đưc Trọng,11.73559,108.3733,161232
Đức Phổ,14.81355,108.95931,155743
Đố Sơn,20.71361,106.78944,51417
Đồng Xoài,11.53495,106.88324,168000
Thị Trấn Đông Triều,21.08242,106.5138,248896
Đồng Hới,17.46885,106.62226,133672
Ðông Hà,16.81625,107.10031,164228
Dien Bien Phu,21.38602,103.02301,84672
Điện Bàn,15.88853,108.25447,226564
Dĩ An,10.90682,106.7694,463023
Da Nang,16.06778,108.22083,1276000
Ðà Lạt,11.94646,108.44193,258014
Thị Trấn Đại Từ,21.63384,105.63766,179192
Dại Mỗ,20.98333,105.76667,59980
Củ Chi,10.97333,106.49325,75000
Cờ Đỏ,10.09377,105.42916,116576
Cổ Đô,21.27964,105.36404,70706
Chũ,21.37379,106.56649,127881
Chơn Thành,11.42821,106.63536,121083
Chợ Lớn,10.75,106.65,561000
Chí Linh,21.06667,106.31667,220421
Châu Phong,10.71667,105.13333,56322
Châu Đốc,10.7,105.11667,70239
Cao Lãnh,10.46017,105.63294,211912
Cao Bằng,22.66568,106.25786,73549
Cần Thơ,10.03711,105.78825,1507187
Cần Giờ,10.41115,106.95474,55137
Cần Đước,10.50966,106.60308,50473
Cần Giuộc,10.60857,106.67135,152200
Cam Ranh,11.92144,109.15913,146771
Cẩm Phả Mines,21.01667,107.3,135477
Cẩm Phả,21.01004,107.27345,190232
Cà Mau,9.17682,105.15242,226372
Cái Răng,10.0009,105.75095,86278
Cai Lậy,10.4,106.11667,143050
Buôn Ma Thuột,12.66747,108.03775,434256
Buôn Hồ,12.95226,108.2962,127920
Bình Thủy,10.07431,105.73974,113565
Bỉm Sơn,20.07806,105.86028,53754
Biên Hòa,10.94469,106.82432,1272235
Bến Tre,10.24147,106.37585,124449
Bến Cát,11.15,106.6,364578
Ba Vì,21.08333,105.38333,282600
Bảo Lộc,11.54798,107.80772,170920
Thị Trấn Thuận Châu,21.43849,103.69,153000
Bắc Quang,22.48333,104.86667,118690
Bắc Ninh,21.18608,106.07631,287658
Bạc Liêu,9.29414,105.72776,156110
Bạch Mai,20.98333,105.83333,91308
Bắc Giang,21.27307,106.1946,450000
Lai Vung,10.25664,105.59329,80649
An Nhơn,13.88579,109.10823,308396
An Khê,13.95,108.65,81600
An Hải,16.06667,108.23333,82635
Bình Thạnh,10.811,106.706,552164
Ba Dinh,21.03652,105.82684,221893
Mui Ne,10.93314,108.28327,50166
Tân Uyên,11.08416,106.78834,52873
Cung Kiệm,21.18697,106.16076,80000
Phu Quoc,10.22409,103.97156,294419
Bình Minh,10.06821,105.82221,94862
Thành Phố Bà Rịa,10.49626,107.1685,235192
Sóc Sơn,21.25782,105.84894,85431
Cầu Giấy,21.03228,105.80073,292536
Thanh Xuân,20.99472,105.79977,293292
Đống Đa,21.013,105.825,371606
Hoàn Kiếm,21.02857,105.85064,135618
Hai Bà Trưng,21.01341,105.84772,303586
Thái Hòa,18.92031,104.97441,66127
Thanh Khê,16.0706,108.19102,201240
Cẩm Lệ,16.01771,108.20381,78837
Sơn Trà,16.06068,108.23256,86890
Hòa Cường,16.04314,108.18209,119363
Núi Thành,15.43194,108.65946,69406
Long Khánh,10.92655,107.24783,171276
Hòa Thành,11.28696,106.12936,147666
Duyên Hải,9.63497,106.49237,69961
Vĩnh Thạnh,10.22263,105.39841,98399
Ngã Bảy,9.81371,105.82096,101192
Trần Văn Thời,9.07713,104.97914,55897
Quận Bốn,10.76684,106.70574,199329
Quận Sáu,10.7468,106.64903,271050
Quận Năm,10.75567,106.66745,187510
Quận Mười Một,10.76383,106.64355,332536
Quận Mười,10.76823,106.66632,399000
Quận Ba,10.77494,106.68628,220375
Gia Lâm,21.02,105.939,309353
Cửa Nam,21.02115,105.85231,52750
Quận Đức Thịnh,10.30989,105.73855,132000
Huyện Lâm Hà,11.81554,108.21444,144707
Phú Quốc,10.28715,104.01047,179480
Thuận An,10.9239,106.71428,588616
Bắc Từ Liêm,21.06532,105.74661,340605
Vinhomes Ocean Park,20.9948,105.9465,60000
Vinhomes Smart City,21.0045,105.7404,50000
Vinhomes Times City,20.9945,105.8677,50000
Thành phố Sông Công,21.4772,105.84137,128357
Ngã Năm,9.56513,105.59897,58588
Yên Hòa,21.02185,105.79147,77029
Linh Đàm,20.96441,105.83054,70000
Bồ Đề,21.05618,105.86675,120028
Hoàng Mai,19.26758,105.71594,113360
Phổ Yên,21.41978,105.8899,231363
Dương Nội,20.97736,105.75383,56091
Định Công,20.98389,105.82694,85502
Đông Ngạc,21.08063,105.77397,83544
Giảng Võ,21.03066,105.81252,76658
Hoàng Liệt,20.96403,105.84055,55820
Khương Đình,20.98366,105.81537,93780
Kiến Hưng,20.95833,105.78972,70833
Phúc Lợi,21.04507,105.9294,66790
Tương Mai,20.9888,105.85525,136292
Ferizaj,42.37056,21.15528,59504
Suva Reka,42.35861,20.825,72229
Prizren,42.21389,20.73972,171464
Pristina,42.67272,21.16688,550000
Mitrovicë,42.88333,20.86667,107045
Gjilan,42.46045,21.46986,51912
Glogovac,42.62833,20.89389,58579
Deçan,42.54018,20.28793,50500
Gjakovë,42.38028,20.43083,94158
Zabīd,14.1951,43.31518,52590
Taiz,13.57952,44.02091,940600
Sayyān,15.17177,44.32442,69404
Sanaa,15.35452,44.20646,1937451
Sa'dah,16.94021,43.76393,51870
Ibb,13.96667,44.18333,771514
Dhamār,14.54274,44.40514,160114
‘Amrān,15.6594,43.94385,90792
Mukalla,14.54248,49.12424,594951
Al Ḩudaydah,14.79781,42.95452,734699
Aden,12.77957,45.03852,1079670
Mamoudzou,-12.78234,45.22878,54831
Roodepoort,-26.1625,27.8725,326416
Emalahleni,-25.87133,29.23323,373403
Westonaria,-26.31905,27.6486,156831
Welkom,-27.97742,26.73506,431944
Bela Bela,-24.88333,28.28333,90210
Vryheid,-27.76952,30.79165,150012
Vryburg,-26.95659,24.7284,55879
Virginia,-28.10391,26.86593,122502
Viljoenskroon,-27.20841,26.94855,54955
Vereeniging,-26.67313,27.92615,474681
Vanderbijlpark,-26.71171,27.83795,246754
Upington,-28.44776,21.25612,71373
Mthatha,-31.58893,28.78443,164848
Kariega,-33.75562,25.40074,291052
Trichardt,-26.49155,29.22878,52776
Tongaat,-29.57366,31.11552,64829
Tokoza,-26.36,28.129,106000
Thohoyandou,-22.94564,30.48497,107144
Thaba Nchu,-29.20932,26.83898,72721
Thembisa,-25.99636,28.2268,511655
Stilfontein,-26.84493,26.76829,93110
KwaDukuza,-29.32816,31.28954,161177
Standerton,-26.93366,29.24152,101101
Springs,-26.25,28.4,186394
Soweto,-26.26781,27.85849,1695047
Soshanguve,-25.47288,28.09919,872309
Schweizer-Reneke,-27.18871,25.32931,70214
Sasolburg,-26.81358,27.81695,135828
Rustenburg,-25.66756,27.24208,373695
Richards Bay,-28.78301,32.03768,252968
Randfontein,-26.1844,27.70203,133654
Randburg,-26.0941,28.00123,337053
Queenstown,-31.89756,26.87533,118599
Pretoria,-25.74486,28.18783,2112693
Mokopane,-24.19436,29.00974,101090
Potchefstroom,-26.71667,27.1,178285
Port Shepstone,-30.74137,30.45499,52793
Gqeberha,-33.96109,25.61494,1050078
Pinetown,-29.82068,30.88674,144026
Piet Retief,-27.00706,30.81323,84349
Polokwane,-23.90449,29.46885,272461
Pietermaritzburg,-29.61679,30.39278,839327
Phuthaditjhaba,-28.52423,28.81582,84258
Phalaborwa,-23.94299,31.14107,109468
Parys,-26.9033,27.45727,71319
Oudtshoorn,-33.60047,22.19955,73694
Orkney,-26.98023,26.67272,110052
Odendaalsrus,-27.87394,26.69072,76371
Modimolle,-24.7,28.4,50306
Nkowakowa,-23.88782,30.28708,51350
Nigel,-26.43138,28.47713,140644
Newcastle,-27.75796,29.9318,404838
Mbombela,-25.47512,30.96935,110159
Mpumalanga,-29.81292,30.63646,140121
Mossel Bay,-34.18307,22.14605,78940
Mondlo,-27.98299,30.71769,53892
Mmabatho,-25.85,25.63333,76754
Middelburg,-25.77507,29.46482,196263
Mdantsane,-32.93324,27.77656,205504
Mafikeng,-25.86522,25.64421,77110
Mabopane,-25.509,28.064,110972
Louis Trichardt,-23.04385,29.90319,86854
Lichtenburg,-26.152,26.15968,65863
Ladysmith,-28.55874,29.77896,143446
Kwaggafontein,-25.32729,28.94224,54040
Kutloanong,-27.83333,26.75,95008
Krugersdorp,-26.08577,27.77515,378821
Kroonstad,-27.65036,27.23488,117152
Kokstad,-30.54723,29.42412,61751
Knysna,-34.03627,23.04713,68659
Klerksdorp,-26.85213,26.66672,227039
Qonce,-32.88076,27.39377,93072
Kimberley,-28.73226,24.76232,142089
Johannesburg,-26.20227,28.04363,9418183
Heidelberg,-26.50476,28.35921,85858
Hammanskraal,-25.40892,28.287,112950
Grahamstown,-33.30422,26.53276,91548
Graaff Reinet,-32.25215,24.53075,62896
Germiston,-26.23481,28.17665,255863
George,-33.963,22.46173,188580
Ga-Rankuwa,-25.61692,27.99471,90945
Fort Beaufort,-32.77477,26.63376,58419
Fochville,-26.48862,27.49387,62416
Evaton,-26.53333,27.85,725468
Ermelo,-26.53333,29.98333,100324
eMbalenhle,-26.53333,29.06667,142443
East London,-33.01529,27.91162,478676
Durban,-29.8579,31.0292,3338026
Dundee,-28.16678,30.23371,84413
Delmas,-26.1466,28.68322,92046
Carletonville,-26.36094,27.39767,182304
Butterworth,-32.33083,28.14981,53086
Brits,-25.63473,27.78022,122497
Brakpan,-26.23656,28.36938,305692
Botshabelo,-29.26737,26.72595,309714
Bothaville,-27.3887,26.61701,71934
Boksburg,-26.21197,28.25958,445168
Bloemfontein,-29.12107,26.214,556637
Bhisho,-32.84721,27.44218,137287
Bethlehem,-28.23078,28.30707,91075
Bethal,-26.45794,29.46553,72821
Benoni,-26.18848,28.32078,605344
Barberton,-25.78842,31.05319,67927
Alexandra,-26.10528,28.09884,179624
Alberton,-26.26786,28.12225,121536
Ekangala,-25.668,28.73,58099
Somaroboro,-25.34604,28.83431,114369
Midrand,-25.976,28.118,87387
Centurion,-25.85891,28.18577,236580
Worcester,-33.64651,19.44852,127597
Wellington,-33.63981,19.0112,55543
Stellenbosch,-33.93462,18.86676,96228
Saldanha,-33.01167,17.9442,68284
Paarl,-33.73378,18.97523,236910
Kraaifontein,-33.84808,18.71723,57911
Hermanus,-34.4187,19.23446,56139
Durbanville,-33.83079,18.6486,54286
Cape Town,-33.92584,18.42322,4772846
Atlantis,-33.56668,18.48335,82736
Athlone,-33.96722,18.50214,237414
Somerset West,-34.08401,18.82113,225289
Musina,-22.34881,30.04074,51132
Diepsloot,-25.93312,28.01213,350000
Etwatwa,-26.12516,28.45472,151866
Ivory Park,-25.9957,28.1971,184383
Ntuzuma,-29.739,30.949,125394
Nchelenge,-9.34506,28.73396,77746
Nakonde,-9.34213,32.745,91107
Mpulungu,-8.76234,31.11405,55405
Solwezi,-12.1688,26.38938,301370
Samfya,-11.36491,29.55652,51309
Petauke,-14.24117,31.31975,58156
Ndola,-12.95867,28.63659,627503
Mufulira,-12.54982,28.24071,169136
Mpika,-11.83431,31.45287,63740
Monze,-16.27149,27.47724,60281
Mongu,-15.24835,23.12741,111450
Mazabuka,-15.85601,27.748,104412
Mansa,-11.19976,28.89431,170965
Lusaka,-15.40669,28.28713,2212301
Luanshya,-13.13667,28.41661,193293
Livingstone,-17.84194,25.85425,178361
Kitwe,-12.80243,28.21323,665961
Kasama,-10.21289,31.18084,179636
Kapiri Mposhi,-13.97147,28.66985,83211
Kalulushi,-12.84151,28.09479,104046
Kafue,-15.76911,28.18136,104174
Kabwe,-14.4469,28.44644,288598
Chongwe,-15.32916,28.68204,57443
Choma,-16.80889,26.9875,98974
Chipata,-13.63333,32.65,327059
Chingola,-12.52897,27.88382,256560
Chililabombwe,-12.36475,27.82286,113876
Chilanga Township,-15.57079,28.2701,54046
Chunga,-15.31737,28.26868,115539
Madido,-15.35454,28.37416,80782
Namalombwe,-15.39053,28.18986,97758
Zvishavane,-20.32674,30.06648,59717
Ruwa,-17.88972,31.24472,94083
Norton,-17.88333,30.7,87039
Mutare,-18.9707,32.67086,224802
Masvingo,-20.06373,30.82766,90286
Marondera,-18.18527,31.55193,66204
Kwekwe,-18.92809,29.81486,119863
Kadoma,-18.33328,29.91534,117381
Harare,-17.82772,31.05337,1542813
Gweru,-19.45,29.81667,158200
Chinhoyi,-17.36667,30.2,90800
Chegutu,-18.13021,30.14074,65800
Bulawayo,-20.15,28.58333,665952
Bindura,-17.30192,31.33056,50400
Beitbridge,-22.21667,30,58574
Epworth,-17.89,31.1475,206365
Chitungwiza,-18.01274,31.07555,371246
